player_id,player_name,nationality,position,club,age,date_of_birth,foot,contract_expiration_date,contract_years_remaining,total_appearances,total_minutes_played,total_goals,total_assists,total_shots,total_shots_on_target,shot_accuracy,total_successful_dribbles,total_key_passes,avg_rating,career_span_years,total_yellow_cards,total_red_cards,games_per_season_avg,minutes_per_game_avg,passing_accuracy,total_tackles,total_interceptions,total_clearances,total_clean_sheets,total_saves,save_percentage,total_goals_conceded,total_injuries,total_days_out,avg_injury_duration,max_injury_duration,min_injury_duration,injury_types_list,most_recent_injury_date,days_since_last_injury,injury_frequency,had_knee_injury,had_hamstring_injury,had_acl_injury,had_surgery,injury_severity_score,games_missed_due_injury,currently_injured,sentiment_score,mentions_count,positive_ratio,negative_ratio,neutral_ratio,engagement_rate,fan_base_size,trending_score,controversy_flag,media_coverage_score,hashtag_mentions,retweet_avg,like_avg,market_value,peak_value,transfer_history_total,number_of_transfers,value_trend,goals_per_game,assists_per_game,goal_contribution,goal_contribution_per_game,minutes_per_goal,minutes_per_assist,discipline_score,experience_score,injury_risk_score,availability_score,recovery_rate,estimated_contract_value,is_at_peak,career_stage,value_appreciation_potential,sentiment_momentum,popularity_index,public_perception_score,controversy_impact,player_quality_score,market_attractiveness,value_for_money,age_group,contract_months_remaining,contract_risk,age_risk,value_risk,performance_risk,injury_transfer_risk,position_risk,transfer_probability_score,will_transfer,transfer_window,transfer_risk_level,predicted_transfer_probability,predicted_risk_level,predicted_window
PL0001,Lionel Messi,Argentina,RW,Inter Miami,37,1989-11-04,Both,2027-04-04,1,301,35820,192,102,822.0,652.0,39.41,475.0,358.0,7.45,10,60,2,30.1,119.0,85.79,643.0,783.0,1271.0,94.0,756.0,72.12,246.0,23,2418,105.1,180,11,"Muscle Injury, Shoulder Injury, Ligament Damage, Concussion, Hip Injury, Ankle Injury, ACL Injury, Hamstring Injury, Groin Strain, Back Injury, Achilles Injury, Meniscus Tear, Fracture",2024-09-29,552.0,2.3,0,1,1,1,6.62,396,0,0.455,34040,0.416,0.416,0.167,12.57,512564,91.7,1,8.72,5612,1563,8102,12.13,14.75,14.54,2,Declining,0.6378737541528239,0.3388704318936877,294,0.9767441860465116,185.59585492227976,347.7669902912621,2.0,16.02,10.0,0.0,4.379166666666666,10.396950073508014,0,Veteran,0.0,0.417235,59.68325292948241,0.5108,14.16064,34.0256,100.0,259.1439451637471,34+,44,0.1,0.7,0.1,0.2,5.0,0.7,0.7799999999999999,1,3,Very High,1.0,Very High,Very Likely (now)
PL0002,Cristiano Ronaldo,Portugal,ST,Al Nassr,39,1987-05-08,Right,2028-04-03,2,398,22893,216,117,1288.0,577.0,37.97,690.0,245.0,7.29,10,68,2,39.8,57.5,85.79,643.0,783.0,1271.0,94.0,756.0,72.12,246.0,12,788,65.7,153,9,"Muscle Injury, Ligament Damage, Concussion, Calf Injury, Hip Injury, ACL Injury, Groin Strain, Back Injury, Achilles Injury, Meniscus Tear",2024-03-07,758.0,1.2,0,0,1,1,2.16,155,0,0.321,48012,0.283,0.441,0.276,14.63,596964,0.5,1,5.22,9283,1041,5017,18.63,25.43,41.21,4,Declining,0.542713567839196,0.2939698492462311,333,0.8366834170854272,105.49769585253456,194.0084745762712,1.1999999999999993,17.96,6.5600000000000005,61.05527638190954,5.053846153846154,31.936550679217525,0,Veteran,0.0,0.001605,50.62172962069047,0.3773,21.173292,45.71765527638191,100.0,232.8968684482013,34+,57,0.1,0.7,0.1,0.2,3.2800000000000002,0.7,0.608,1,2,High,1.0,Very High,Likely (6 months)
PL0003,Kevin De Bruyne,Belgium,CAM,Manchester City,33,1993-12-04,Right,2031-04-03,5,270,22388,82,82,914.5,427.0,46.795,481.0,384.0,6.74,10,32,6,27.0,82.9,83.67,517.0,783.0,1271.0,94.0,756.0,72.12,246.0,20,1445,72.2,163,9,"Muscle Injury, Ligament Damage, Hip Injury, Ankle Injury, Knee Injury, ACL Injury, Groin Strain, Back Injury, Achilles Injury, Meniscus Tear, Fracture",2024-01-23,802.0,2.0,1,0,1,1,3.96,254,0,0.121,15321,0.104,0.452,0.444,10.45,253768,82.8,1,5.96,2777,1409,13509,17.37,22.22,29.97,3,Declining,0.3037037037037037,0.3037037037037037,164,0.6074074074074074,269.73493975903614,269.73493975903614,0.8000000000000007,15.4,9.96,5.925925925925924,3.4380952380952383,74.44147682474618,0,Veteran,0.0,0.1001879999999999,12.185561528851416,0.2488,6.925092,31.722785185185188,34.21973488586971,172.68799774188997,30-33,34,0.3,0.7,0.1,0.2,4.98,0.6,0.8380000000000001,1,3,Very High,1.0,Very High,Very Likely (now)
PL0004,Luka Modrić,Croatia,CM,Real Madrid,39,1987-10-14,Right,2027-04-04,1,276,18475,28,29,914.5,427.0,46.795,275.0,636.0,6.65,10,77,2,27.6,66.9,85.92,612.0,783.0,1271.0,94.0,756.0,72.12,246.0,15,1597,106.5,180,7,"Muscle Injury, Ligament Damage, Calf Injury, Hip Injury, Knee Injury, ACL Injury, Groin Strain, Back Injury",2024-03-06,759.0,1.5,1,0,1,1,4.38,240,0,0.156,33700,0.191,0.483,0.326,11.46,243517,43.0,1,9.2,3430,4549,7245,9.2,11.55,11.62,2,Declining,0.1014492753623188,0.1050724637681159,57,0.2065217391304347,637.0689655172414,615.8333333333334,0.3000000000000007,15.52,9.38,13.043478260869565,6.65625,7.885568068942598,0,Veteran,0.0,0.06708,18.637903559739904,0.3151,16.2771,32.94289565217392,45.66830316569681,322.96956521739133,34+,20,0.6,0.7,0.1,0.2,4.69,0.5,0.9040000000000001,1,3,Very High,1.0,Very High,Very Likely (now)
PL0005,Robert Lewandowski,Poland,ST,Barcelona,36,1990-02-07,Both,2028-04-03,2,176,35068,55,73,1186.0,221.0,37.2,213.0,194.0,6.64,10,20,4,17.6,199.2,85.79,643.0,783.0,1271.0,94.0,756.0,72.12,246.0,11,794,72.2,178,15,"Ligament Damage, Concussion, Calf Injury, Ankle Injury, Knee Injury, Hamstring Injury, Groin Strain, Fracture",2023-09-24,923.0,1.1,1,1,0,1,2.18,187,0,0.292,141941,0.296,0.416,0.288,7.23,2466808,53.0,1,9.78,119,163,6390,16.87,21.5,54.4,6,Declining,0.3125,0.4147727272727273,128,0.7272727272727273,626.2142857142857,473.8918918918919,4.0,13.52,4.380000000000001,0.0,6.016666666666667,28.91946376588297,0,Veteran,0.0,0.1547599999999999,25.045058004760207,0.4202,59.047456,30.1044,63.85978700714031,168.46334639059876,34+,48,0.1,0.7,0.1,0.2,2.1900000000000004,0.7,0.49900000000000005,0,1,Medium,0.0,Low,Possible (1 year)
PL0006,Kylian Mbappé,France,ST,Real Madrid,26,2000-10-01,Right,2031-04-03,5,243,35858,183,26,419.0,308.0,45.85,546.0,237.0,6.76,8,71,7,30.4,147.6,85.79,643.0,783.0,1271.0,94.0,756.0,72.12,246.0,8,920,115.0,179,14,"Muscle Injury, Concussion, Hip Injury, Ankle Injury, ACL Injury, Meniscus Tear",2024-09-07,574.0,0.8,0,0,1,1,2.52,179,0,0.263,54456,0.336,0.457,0.207,14.79,637422,81.1,1,5.39,1095,4373,16981,82.43,92.09,156.74,4,Stable,0.7530864197530864,0.1069958847736625,209,0.8600823045267489,194.8804347826087,1328.074074074074,-4.1,12.86,6.12,26.33744855967079,12.77777777777778,353.2648782189883,1,Prime,0.0,0.213293,42.41859019067331,0.3685,24.886392,35.61648971193416,89.19613014197704,42.690266944665176,26-29,13,0.6,0.8,0.9,0.2,3.06,0.7,0.901,1,3,Very High,1.0,Very High,Very Likely (now)
PL0007,Erling Haaland,Norway,ST,Manchester City,24,2002-12-21,Left,2031-04-03,5,253,25372,114,86,716.0,449.0,36.12,473.0,276.0,6.44,6,15,1,42.2,100.3,85.79,643.0,783.0,1271.0,94.0,756.0,72.12,246.0,14,1380,98.6,176,19,"Muscle Injury, Calf Injury, Ankle Injury, Hamstring Injury, Groin Strain, Back Injury, Achilles Injury, Meniscus Tear",2025-05-05,334.0,1.4,0,1,0,1,3.78,238,0,0.211,93041,0.289,0.46,0.252,12.5,1274718,16.4,1,5.49,675,4724,17070,68.29,88.44,111.55,4,Rising,0.4505928853754941,0.3399209486166007,200,0.7905138339920948,220.62608695652173,291.632183908046,7.5,11.06,6.58,5.928853754940704,6.573333333333333,292.6660018630925,0,Prime,29.506516327427136,0.0346039999999999,30.17512657165569,0.334,42.79886,29.825770750988145,67.0155752329776,43.0448416091617,22-25,26,0.3,0.8,0.6,0.2,3.29,0.7,0.7739999999999999,1,3,Very High,1.0,Very High,Very Likely (now)
PL0008,Neymar Jr,Brazil,LW,Al Hilal,32,1994-04-15,Left,2031-04-03,5,448,25023,56,90,1250.0,345.0,35.02,429.0,174.0,6.81,10,59,2,44.8,55.9,85.79,643.0,783.0,1271.0,94.0,756.0,72.12,246.0,22,1746,79.4,166,9,"Ligament Damage, Shoulder Injury, Concussion, Hip Injury, Calf Injury, Knee Injury, ACL Injury, Hamstring Injury, Groin Strain, Meniscus Tear, Fracture",2023-09-13,934.0,2.2,1,1,1,1,4.78,342,0,0.096,29363,0.098,0.556,0.346,7.66,465052,54.1,1,8.79,2983,3407,11590,17.99,20.19,18.14,2,Declining,0.125,0.2008928571428571,146,0.3258928571428571,439.0,274.978021978022,2.1,18.96,10.0,23.66071428571429,3.4521739130434783,77.09857041319421,0,Experienced,0.0,0.051936,7.565034173121306,0.2445,16.325828,36.253142857142855,29.474122688253388,190.90649213871964,30-33,44,0.1,0.7,0.1,0.2,5.0,0.7,0.7799999999999999,1,3,Very High,1.0,Very High,Very Likely (now)
PL0009,Mohamed Salah,Egypt,RW,Liverpool,32,1994-01-25,Both,2028-04-03,2,350,36774,103,53,1187.0,315.0,44.84,312.0,379.0,6.58,10,46,5,35.0,105.1,85.79,643.0,783.0,1271.0,94.0,756.0,72.12,246.0,5,570,114.0,163,43,"Muscle Injury, Shoulder Injury, Achilles Injury, Meniscus Tear",2024-11-10,510.0,0.5,0,0,0,1,1.56,138,0,0.0,97423,0.135,0.54,0.325,6.42,949867,13.3,1,5.24,6005,2312,3142,32.93,41.98,19.46,1,Declining,0.2942857142857142,0.1514285714285714,156,0.4457142857142857,353.59615384615387,681.0,0.4000000000000003,17.0,2.56,60.57142857142857,19.0,56.45038185006082,0,Experienced,0.0,0.0,0.0,0.1849,52.60842,42.20408571428571,35.98204285714286,124.3857521788556,30-33,24,0.6,0.7,0.1,0.2,1.28,0.7,0.583,1,2,High,0.998,Very High,Likely (6 months)
PL0010,Vinícius Jr,Brazil,LW,Real Madrid,24,2002-07-11,Right,2029-04-03,3,209,35475,115,40,1138.0,286.0,52.91,819.0,304.0,6.72,6,77,5,34.8,169.7,85.79,643.0,783.0,1271.0,94.0,756.0,72.12,246.0,13,1024,78.8,171,21,"Calf Injury, Hip Injury, Ankle Injury, ACL Injury, Hamstring Injury, Groin Strain, Achilles Injury, Meniscus Tear, Fracture",2024-08-06,606.0,1.3,0,1,1,1,2.81,204,0,0.289,66846,0.223,0.505,0.272,5.53,812141,35.0,1,8.73,761,1637,10270,88.03,120.32,235.09,5,Rising,0.5502392344497608,0.1913875598086124,155,0.7416267942583732,305.8189655172414,865.2439024390244,-2.6999999999999997,10.18,7.41,2.3923444976076524,5.628571428571428,226.3586599268534,0,Prime,36.68067704191752,0.1011499999999999,17.75592713197393,0.3687999999999999,33.75723,30.13206889952153,46.879925147721664,33.84484881446876,22-25,28,0.3,0.8,0.9,0.2,3.705,0.7,0.8605,1,3,Very High,1.0,Very High,Very Likely (now)
PL0011,Harry Kane,England,ST,Bayern Munich,31,1995-04-25,Right,2029-04-03,3,262,37563,138,44,1017.0,493.0,41.97,306.0,427.0,8.05,10,57,4,26.2,143.4,85.79,643.0,783.0,1271.0,94.0,756.0,72.12,246.0,7,591,84.4,176,11,"Muscle Injury, Hip Injury, Calf Injury, Ankle Injury, Hamstring Injury, Meniscus Tear",2023-10-18,899.0,0.7,0,1,0,1,1.62,136,0,0.446,17159,0.324,0.343,0.333,4.33,243174,97.7,0,1.53,2148,3236,8578,85.78,101.62,224.49,6,Declining,0.5267175572519084,0.1679389312977099,182,0.6946564885496184,270.23741007194246,834.7333333333333,0.3000000000000007,15.24,3.02,48.09160305343512,10.55,220.5730529197488,0,Experienced,0.0,0.4357420000000001,18.82965459689116,0.4223,0.0,45.71092061068703,65.05994220068025,52.674487912752966,30-33,16,0.6,0.7,0.9,0.2,1.51,0.7,0.726,1,3,Very High,1.0,Very High,Very Likely (now)
PL0012,Jude Bellingham,England,CAM,Real Madrid,21,2005-02-13,Left,2027-04-04,1,219,42049,10,39,914.5,427.0,46.795,313.0,350.0,7.58,3,71,1,73.0,192.0,81.92,657.0,783.0,1271.0,94.0,756.0,72.12,246.0,4,480,120.0,176,33,"Fracture, Achilles Injury, Concussion, Hip Injury",2023-06-25,1014.0,0.4,0,0,0,1,1.32,88,0,0.333,41481,0.278,0.335,0.387,13.84,679626,99.9,0,5.15,4325,371,12687,65.91,85.36,158.87,5,Rising,0.045662100456621,0.1780821917808219,49,0.2237442922374429,3822.636363636364,1051.225,1.9000000000000004,7.38,2.12,59.81735159817352,24.0,56.4932381982616,0,Emerging,29.509937793961463,0.332667,49.00458832479768,0.4011,0.0,44.5616703196347,100.0,66.5994176051931,18-21,16,0.6,0.5,0.6,0.2,1.06,0.6,0.5860000000000001,1,2,High,0.997,Very High,Likely (6 months)
PL0013,Bukayo Saka,England,RW,Arsenal,23,2003-06-20,Right,2029-04-03,3,227,34234,139,147,970.0,348.0,36.81,330.0,336.0,7.78,5,55,5,45.4,150.8,85.79,643.0,783.0,1271.0,94.0,756.0,72.12,246.0,15,1538,102.5,170,19,"Muscle Injury, Shoulder Injury, Concussion, Hip Injury, Ankle Injury, Knee Injury, Back Injury, Achilles Injury, Meniscus Tear, Fracture",2026-01-12,82.0,1.5,1,0,0,1,4.21,368,0,0.336,9952,0.304,0.429,0.267,5.53,109429,47.9,1,2.1,5713,4620,6757,60.65,80.9,54.94,2,Rising,0.6123348017621145,0.6475770925110133,286,1.2599118942731278,244.52857142857144,231.3108108108108,-0.5,9.54,7.21,0.0,6.40625,155.9542511026202,0,Emerging,33.38829348722177,0.160944,17.104795675336568,0.3608,4.269408,33.7496,48.11199351300485,54.74387672343877,22-25,29,0.3,0.8,0.6,0.2,3.605,0.7,0.8055,1,3,Very High,1.0,Very High,Very Likely (now)
PL0014,Phil Foden,England,CAM,Manchester City,24,2002-12-15,Right,2031-04-03,5,433,30088,71,108,914.5,427.0,46.795,458.0,623.0,6.71,6,41,6,72.2,69.5,90.32,541.0,783.0,1271.0,94.0,756.0,72.12,246.0,14,1395,99.6,167,44,"Shoulder Injury, Ankle Injury, Knee Injury, Hamstring Injury, Back Injury, Meniscus Tear, Fracture",2026-01-09,85.0,1.4,1,1,0,1,3.82,259,0,0.17,53710,0.316,0.424,0.26,12.38,945749,88.0,1,4.59,6787,4969,7044,60.54,75.57,131.97,4,Rising,0.1639722863741339,0.2494226327944572,179,0.4133949191685912,417.8888888888889,276.0366972477064,-0.0999999999999996,14.66,6.619999999999999,40.18475750577368,6.64,259.4523320074918,0,Prime,24.826560951437056,0.1496,22.92198382885493,0.3239,22.77304,38.45675150115474,60.37135149385978,62.490658922903386,22-25,58,0.1,0.8,0.6,0.2,3.3099999999999996,0.6,0.696,1,2,High,1.0,Very High,Likely (6 months)
PL0015,Rodri,Spain,CDM,Manchester City,28,1998-07-03,Left,2031-04-03,5,394,34200,73,88,914.5,427.0,46.795,402.0,746.0,7.08,10,63,8,39.4,86.8,86.92,435.0,783.0,1271.0,94.0,756.0,72.12,246.0,13,1280,98.5,178,16,"Muscle Injury, Shoulder Injury, Hip Injury, Calf Injury, Ankle Injury, Knee Injury, ACL Injury, Groin Strain",2024-06-22,651.0,1.3,1,0,1,1,3.51,210,0,0.148,18440,0.147,0.465,0.388,3.94,353220,69.7,1,2.43,8613,1941,15448,56.62,63.52,100.35,5,Stable,0.1852791878172588,0.2233502538071066,161,0.4086294416243655,462.1621621621622,384.2696629213483,-4.300000000000001,17.88,8.11,46.7005076142132,7.035714285714286,242.652643512788,1,Prime,0.0,0.103156,5.727598075817363,0.2345999999999999,8.5746,41.70530152284264,33.22404787514736,72.37990545443013,26-29,41,0.1,0.8,0.3,0.2,4.055,0.4,0.7055,1,3,Very High,1.0,Very High,Very Likely (now)
PL0016,Bruno Fernandes,Portugal,CAM,Manchester United,30,1996-11-20,Both,2029-04-03,3,475,41647,98,115,914.5,427.0,46.795,509.0,424.0,6.5,10,12,5,47.5,87.7,81.13,570.0,783.0,1271.0,94.0,756.0,72.12,246.0,20,1413,70.6,149,12,"Ligament Damage, Muscle Injury, Shoulder Injury, Concussion, Calf Injury, Hip Injury, Ankle Injury, ACL Injury, Hamstring Injury, Groin Strain, Back Injury, Achilles Injury, Meniscus Tear",2025-02-28,400.0,2.0,0,1,1,1,3.87,252,0,0.0,37017,0.163,0.575,0.263,4.3,372216,58.0,1,1.92,3918,1929,15651,31.81,37.28,94.02,5,Stable,0.2063157894736842,0.2421052631578947,213,0.4484210526315789,420.67676767676767,359.0258620689655,3.8,19.5,9.87,46.94736842105263,3.361904761904761,81.79562617599915,0,Experienced,0.0,0.0,0.0,0.1531,21.284775,39.59567368421053,20.05783684210526,120.68172412133656,30-33,45,0.1,0.5,0.1,0.2,4.935,0.6,0.7235,1,3,Very High,1.0,Very High,Very Likely (now)
PL0017,Martin Ødegaard,Norway,CAM,Arsenal,26,2000-04-23,Right,2027-04-04,1,465,31729,27,34,914.5,427.0,46.795,328.0,261.0,6.94,8,28,8,58.1,68.2,84.69,342.0,783.0,1271.0,94.0,756.0,72.12,246.0,6,517,86.2,135,11,"Shoulder Injury, Back Injury, Fracture, Achilles Injury",2024-05-27,677.0,0.6,0,0,0,1,1.42,73,0,0.365,31208,0.432,0.319,0.249,11.01,302184,65.5,0,3.26,657,1724,14807,77.32,91.11,36.57,1,Stable,0.0580645161290322,0.0731182795698924,61,0.1311827956989247,1133.178571428571,906.5428571428572,-0.8000000000000007,17.3,2.62,84.3010752688172,12.314285714285717,66.27305685767845,1,Prime,0.0,0.2390749999999999,41.58684598740925,0.4443999999999999,0.0,48.96901505376345,100.0,62.52427866925875,26-29,29,0.3,0.8,0.9,0.2,1.31,0.6,0.611,1,2,High,0.973,Very High,Likely (6 months)
PL0018,Declan Rice,England,CDM,Arsenal,25,2001-11-08,Right,2029-04-03,3,395,24146,36,48,914.5,427.0,46.795,532.0,257.0,7.07,7,13,6,56.4,61.1,81.79,346.0,783.0,1271.0,94.0,756.0,72.12,246.0,6,461,76.8,164,9,"Muscle Injury, Ligament Damage, Concussion, Back Injury, Meniscus Tear",2025-11-09,146.0,0.6,0,0,0,1,1.26,104,0,0.072,2581,0.228,0.494,0.279,3.61,37169,88.7,1,5.63,8838,2351,12230,53.51,74.28,35.65,1,Rising,0.0911392405063291,0.1215189873417721,84,0.2126582278481012,652.5945945945946,492.7755102040816,2.7,14.9,2.46,73.67088607594937,10.971428571428572,137.5945915334082,1,Prime,0.0,0.063864,2.0420145830000003,0.2547,1.275014,46.50357721518988,41.39481048209494,85.31201103502087,22-25,8,1.0,0.8,0.3,0.2,1.23,0.4,0.7380000000000001,1,3,Very High,1.0,Very High,Very Likely (now)
PL0019,Jamal Musiala,Germany,CAM,Bayern Munich,21,2005-04-28,Left,2027-04-04,1,370,17972,99,33,914.5,427.0,46.795,187.0,795.0,6.55,3,56,2,123.3,48.6,86.2,361.0,783.0,1271.0,94.0,756.0,72.12,246.0,5,548,109.6,166,55,"Ankle Injury, Ligament Damage, ACL Injury, Hip Injury",2025-01-31,428.0,0.5,0,0,1,1,1.5,88,0,0.097,39791,0.093,0.548,0.358,13.58,572554,1.3,1,5.18,7307,877,19613,54.72,67.95,101.5,4,Rising,0.2675675675675675,0.0891891891891892,132,0.3567567567567568,179.72,528.5882352941177,2.4000000000000004,10.4,4.5,76.21621621621621,18.266666666666666,46.90198747092816,0,Emerging,24.177631578947377,0.001261,13.95165544518205,0.2089,21.805468,43.94104324324324,53.89800478939469,78.86045090316446,18-21,27,0.3,0.5,0.3,0.2,2.25,0.6,0.5549999999999999,1,2,High,0.985,Very High,Likely (6 months)
PL0020,Florian Wirtz,Germany,CAM,Bayer Leverkusen,21,2005-05-15,Right,2029-04-03,3,220,24229,19,21,914.5,427.0,46.795,575.0,782.0,7.65,3,70,2,73.3,110.1,90.58,353.0,783.0,1271.0,94.0,756.0,72.12,246.0,5,430,86.0,122,54,"Muscle Injury, Fracture, Meniscus Tear, Hip Injury",2025-04-20,349.0,0.5,0,0,0,1,1.18,71,0,0.422,28877,0.37,0.429,0.201,10.81,351224,42.1,1,6.93,8953,185,12853,55.42,63.62,73.7,4,Rising,0.0863636363636363,0.0954545454545454,40,0.1818181818181818,1211.45,1101.3181818181818,1.0,7.4,2.18,67.72727272727272,14.333333333333334,142.50592903721702,0,Emerging,14.796102490075777,0.177662,46.85370206401824,0.4633,12.388233,46.55205454545455,100.0,82.50984499371596,18-21,58,0.1,0.5,0.3,0.2,1.09,0.6,0.36900000000000005,0,1,Medium,0.0,Low,Possible (1 year)
PL0021,Son Heung-min,South Korea,LW,Tottenham,32,1994-06-12,Both,2028-04-03,2,440,38190,106,85,1242.0,545.0,43.88,860.0,163.0,6.92,10,29,0,44.0,86.8,85.79,643.0,783.0,1271.0,94.0,756.0,72.12,246.0,16,1415,88.4,174,11,"Muscle Injury, Shoulder Injury, Ligament Damage, Calf Injury, Hip Injury, Ankle Injury, Knee Injury, ACL Injury, Hamstring Injury, Groin Strain, Achilles Injury, Meniscus Tear",2025-05-29,310.0,1.6,1,1,1,1,3.88,353,0,0.148,22895,0.249,0.53,0.221,3.25,282570,69.7,1,8.12,7695,1338,14456,18.71,24.43,6.33,1,Declining,0.2409090909090909,0.1931818181818181,191,0.4340909090909091,356.9158878504673,444.0697674418605,7.1,18.8,9.08,19.77272727272728,5.2,32.07369099346001,0,Experienced,0.0,0.103156,4.8286231183639865,0.3091,12.13435,36.01274545454546,27.089307404818708,182.713066740464,30-33,7,1.0,0.7,0.1,0.2,4.54,0.7,1.0,1,3,Very High,1.0,Very High,Very Likely (now)
PL0022,Rafael Leão,Portugal,LW,AC Milan,25,2001-05-23,Both,2027-04-04,1,186,35097,222,47,1430.0,364.0,35.22,633.0,615.0,7.4,7,43,8,26.6,188.7,85.79,643.0,783.0,1271.0,94.0,756.0,72.12,246.0,7,781,111.6,177,66,"Ligament Damage, Concussion, Ankle Injury, ACL Injury, Meniscus Tear, Fracture",2025-04-17,352.0,0.7,0,0,1,1,2.14,190,0,0.266,18490,0.215,0.491,0.294,4.58,361402,96.8,1,4.86,8772,3020,6890,83.59,94.79,24.08,1,Rising,1.1935483870967742,0.2526881720430107,269,1.446236559139785,157.38565022421523,731.1875,-2.3000000000000007,10.72,5.54,0.0,13.95,71.64724292205564,1,Prime,0.0,0.257488,11.969649007793848,0.3213,9.07859,32.3866,43.06777351169077,38.28655869488119,22-25,29,0.3,0.8,0.9,0.2,2.77,0.7,0.767,1,3,Very High,1.0,Very High,Very Likely (now)
PL0023,Khvicha Kvaratskhelia,Georgia,LW,Napoli,23,2003-11-06,Both,2031-04-03,5,326,38544,88,79,721.0,478.0,54.46,734.0,536.0,8.16,5,26,3,65.2,118.2,85.79,643.0,783.0,1271.0,94.0,756.0,72.12,246.0,13,1233,94.8,177,13,"Muscle Injury, Concussion, Knee Injury, ACL Injury, Groin Strain, Back Injury, Meniscus Tear",2026-01-12,82.0,1.3,1,0,1,1,3.38,187,0,0.445,14060,0.423,0.373,0.204,9.44,116898,45.7,0,9.19,7779,4292,7333,84.05,114.36,194.67,4,Rising,0.2699386503067484,0.2423312883435582,167,0.5122699386503068,433.07865168539325,481.8,4.4,11.52,7.98,42.63803680981595,6.771428571428571,360.2076066275138,0,Emerging,36.06186793575253,0.203365,40.1225141319107,0.5222,0.0,44.5160073619632,86.48177487884763,52.340984552572834,22-25,49,0.1,0.8,0.9,0.2,3.99,0.7,0.8190000000000001,1,3,Very High,1.0,Very High,Very Likely (now)
PL0024,Julián Álvarez,Argentina,ST,Atletico Madrid,24,2002-04-06,Left,2030-04-03,4,375,35584,44,53,1203.0,388.0,51.45,772.0,229.0,7.87,6,69,7,62.5,94.9,85.79,643.0,783.0,1271.0,94.0,756.0,72.12,246.0,6,601,100.2,171,23,"Ankle Injury, Knee Injury, Achilles Injury",2025-04-15,354.0,0.6,1,0,0,0,1.65,94,0,0.539,12246,0.382,0.255,0.363,9.72,129954,58.2,0,7.07,5759,3022,2844,119.69,153.59,32.04,2,Rising,0.1173333333333333,0.1413333333333333,97,0.2586666666666666,790.7555555555556,658.9629629629629,-3.9,13.5,2.85,74.93333333333334,14.314285714285717,410.3581052920607,0,Prime,28.32316818447657,0.313698,49.315650155846576,0.5498999999999999,0.0,50.26646666666667,100.0,41.649239097412114,22-25,35,0.3,0.8,0.9,0.2,1.425,0.7,0.6325,1,2,High,1.0,Very High,Likely (6 months)
PL0025,Victor Osimhen,Nigeria,ST,Napoli,26,2000-05-21,Right,2031-04-03,5,330,36687,194,76,1179.0,368.0,36.09,580.0,584.0,6.75,8,23,1,41.2,111.2,85.79,643.0,783.0,1271.0,94.0,756.0,72.12,246.0,7,722,103.1,176,35,"Ligament Damage, Fracture, Achilles Injury, Back Injury",2024-08-02,610.0,0.7,0,0,0,1,1.98,104,0,0.26,4366,0.184,0.435,0.38,13.4,70059,52.4,1,6.74,703,3353,15199,84.97,96.44,106.99,3,Stable,0.5878787878787879,0.2303030303030303,270,0.8181818181818182,188.13846153846157,476.45454545454544,6.7,14.6,3.38,68.48484848484848,12.8875,364.1503906619852,1,Prime,0.0,0.13624,29.2023011323437,0.3396,1.89921,44.2961696969697,79.1915365470004,51.52514795506538,26-29,43,0.1,0.8,0.9,0.2,1.69,0.7,0.5890000000000001,1,2,High,0.995,Very High,Likely (6 months)
PL0026,Lautaro Martínez,Argentina,ST,Inter Milan,27,1999-11-11,Right,2027-04-04,1,209,27185,184,124,1087.0,228.0,39.79,366.0,259.0,6.52,9,11,4,23.2,130.1,85.79,643.0,783.0,1271.0,94.0,756.0,72.12,246.0,3,333,111.0,156,35,"Muscle Injury, Back Injury, Calf Injury",2025-12-06,119.0,0.3,0,0,0,0,0.91,71,0,0.019,24365,0.108,0.621,0.271,12.77,332706,53.2,1,3.22,9267,4830,11943,64.45,88.07,5.45,1,Stable,0.8803827751196173,0.5933014354066986,308,1.4736842105263157,146.94594594594594,217.48,4.9,13.18,1.51,66.02870813397129,27.75,55.24183283079897,1,Prime,0.0,0.0101079999999999,2.4507920419713294,0.148,15.130665,42.21774162679426,41.76505887635412,64.50380691641597,26-29,7,1.0,0.8,0.6,0.2,0.755,0.7,0.7655,1,3,Very High,1.0,Very High,Very Likely (now)
PL0027,Marcus Rashford,England,LW,Manchester United,27,1999-01-26,Left,2029-04-03,3,266,33377,81,106,466.0,446.0,40.38,783.0,195.0,7.41,9,71,0,29.6,125.5,85.79,643.0,783.0,1271.0,94.0,756.0,72.12,246.0,6,435,72.5,179,7,"Ankle Injury, Back Injury, Shoulder Injury, Hip Injury",2023-06-20,1019.0,0.6,0,0,0,0,1.19,90,0,0.442,15065,0.31,0.358,0.332,4.41,108461,47.0,0,2.52,1790,2714,11749,123.46,139.39,6.74,1,Stable,0.3045112781954887,0.3984962406015037,187,0.7030075187969925,407.0365853658537,311.93457943925233,2.9000000000000004,14.32,2.39,66.1654135338346,10.357142857142858,317.4626849320609,1,Prime,0.0,0.20774,18.75187811260586,0.4234,0.0,46.58388270676692,66.63975852229224,37.428798575258654,26-29,26,0.3,0.8,0.9,0.2,1.195,0.7,0.6095,1,2,High,0.689,High,Likely (6 months)
PL0028,Leroy Sané,Germany,RW,Bayern Munich,28,1998-05-03,Both,2028-04-03,2,194,25608,53,145,1032.0,208.0,54.61,489.0,557.0,7.3,10,50,6,19.4,132.0,85.79,643.0,783.0,1271.0,94.0,756.0,72.12,246.0,12,1315,109.6,170,69,"Ligament Damage, Shoulder Injury, Concussion, Calf Injury, Ankle Injury, Knee Injury, ACL Injury, Groin Strain, Meniscus Tear",2025-06-20,288.0,1.2,1,0,1,1,3.6,298,0,0.351,23182,0.381,0.369,0.25,9.45,458697,22.8,0,6.43,5618,4936,9670,99.11,111.09,192.64,5,Stable,0.2731958762886597,0.7474226804123711,198,1.0206185567010309,474.22222222222223,175.3972602739726,-1.0,13.88,8.0,0.0,8.430769230769231,169.8997068071524,1,Prime,0.0,0.080028,33.339243358726016,0.4452,0.0,32.866400000000006,70.44206503808903,32.83028668464689,26-29,38,0.1,0.8,0.9,0.2,4.0,0.7,0.8200000000000001,1,3,Very High,1.0,Very High,Very Likely (now)
PL0029,Rodrygo,Brazil,RW,Real Madrid,23,2003-12-11,Both,2028-04-03,2,352,19544,209,111,599.0,539.0,43.15,715.0,253.0,7.3,5,29,0,70.4,55.5,85.79,643.0,783.0,1271.0,94.0,756.0,72.12,246.0,14,872,62.3,163,11,"Shoulder Injury, Calf Injury, Hip Injury, Knee Injury, ACL Injury, Groin Strain, Back Injury, Achilles Injury, Meniscus Tear, Fracture",2025-08-18,229.0,1.4,1,0,1,1,2.39,135,0,0.128,97193,0.154,0.548,0.299,7.39,1120848,66.3,1,4.31,1320,3899,2107,76.43,88.55,103.54,6,Rising,0.59375,0.3153409090909091,320,0.9090909090909092,93.06666666666666,174.5,7.1,12.04,7.19,61.64772727272727,4.153333333333333,131.02042771940933,0,Emerging,15.857647520607076,0.084864,10.86338443295938,0.2309,53.261764,44.399345454545454,44.1147493767118,57.34127012081293,22-25,17,0.6,0.8,0.9,0.2,3.595,0.7,0.9545,1,3,Very High,1.0,Very High,Very Likely (now)
PL0030,Federico Chiesa,Italy,RW,Liverpool,27,1999-08-13,Right,2030-04-03,4,470,41385,127,86,476.0,497.0,38.22,898.0,624.0,6.54,9,21,3,52.2,88.1,85.79,643.0,783.0,1271.0,94.0,756.0,72.12,246.0,9,1162,129.1,164,46,"Shoulder Injury, Concussion, Ankle Injury, Knee Injury, ACL Injury, Groin Strain, Back Injury",2025-08-20,227.0,0.9,1,0,1,1,3.18,260,0,0.14,29754,0.128,0.558,0.314,2.2,214141,80.7,1,5.21,3442,3164,12522,75.67,103.39,51.24,1,Stable,0.2702127659574468,0.1829787234042553,213,0.4531914893617021,323.3203125,475.6896551724138,4.9,18.4,6.98,44.680851063829785,12.91,259.43518946821155,1,Prime,0.0,0.11298,3.172631758936318,0.2349,16.602732,39.24597021276596,30.42193274478746,51.1881703570705,26-29,27,0.3,0.8,0.9,0.2,3.49,0.7,0.8390000000000001,1,3,Very High,1.0,Very High,Very Likely (now)
PL0031,Toni Kroos,Germany,CM,Real Madrid,34,1992-05-05,Both,2028-04-03,2,290,42659,97,103,914.5,427.0,46.795,543.0,344.0,7.27,10,76,5,29.0,147.1,89.34,713.0,783.0,1271.0,94.0,756.0,72.12,246.0,22,1380,62.7,146,7,"Muscle Injury, Ligament Damage, Concussion, Calf Injury, Hip Injury, Ankle Injury, ACL Injury, Hamstring Injury, Groin Strain, Back Injury, Meniscus Tear",2025-04-19,350.0,2.2,0,1,1,1,3.78,341,0,0.206,77961,0.214,0.456,0.33,12.33,629403,70.4,1,2.67,3450,2385,16747,15.92,17.87,27.7,3,Declining,0.3344827586206896,0.3551724137931034,200,0.6896551724137931,435.2959183673469,410.1826923076923,-2.6,15.8,10.0,0.0,2.726086956521739,27.29092253425352,0,Veteran,0.0,0.145024,28.610275811447977,0.2821,35.550216,32.804199999999994,59.31751371717196,193.8782505910165,34+,49,0.1,0.7,0.1,0.2,5.0,0.5,0.76,1,3,Very High,1.0,Very High,Very Likely (now)
PL0032,Casemiro,Brazil,CDM,Manchester United,32,1994-09-18,Both,2029-04-03,3,409,41934,26,63,914.5,427.0,46.795,334.0,497.0,6.56,10,59,3,40.9,102.5,88.11,641.0,783.0,1271.0,94.0,756.0,72.12,246.0,24,2325,96.9,179,22,"Muscle Injury, Ligament Damage, Concussion, Hip Injury, Calf Injury, Ankle Injury, Knee Injury, Hamstring Injury, Groin Strain, Back Injury, Achilles Injury, Meniscus Tear, Fracture",2025-03-12,388.0,2.4,1,1,0,1,6.37,371,0,0.121,6956,0.281,0.504,0.216,7.09,117933,58.0,1,1.3,270,2526,18180,12.22,14.92,30.41,4,Declining,0.0635696821515892,0.1540342298288508,89,0.2176039119804401,1553.111111111111,655.21875,1.0999999999999996,18.18,10.0,9.29095354523227,3.876,31.422274500808232,0,Experienced,0.0,0.0701799999999999,7.590184885643633,0.2449,3.505824,32.223990709046454,27.49727268298868,243.7518207946025,30-33,30,0.3,0.7,0.1,0.2,5.0,0.4,0.8200000000000001,1,3,Very High,1.0,Very High,Very Likely (now)
PL0033,Joshua Kimmich,Germany,CDM,Bayern Munich,29,1997-10-14,Left,2031-04-03,5,286,36201,87,29,914.5,427.0,46.795,440.0,356.0,6.65,10,11,2,28.6,126.6,88.16,709.0,783.0,1271.0,94.0,756.0,72.12,246.0,12,1166,97.2,179,32,"Muscle Injury, Shoulder Injury, Hip Injury, Ankle Injury, Knee Injury, ACL Injury, Back Injury, Achilles Injury, Fracture",2026-02-23,40.0,1.2,1,0,1,1,3.19,217,0,0.17,8531,0.265,0.527,0.208,4.7,152558,15.4,1,3.79,7428,4618,18911,35.56,39.64,107.13,6,Stable,0.3041958041958042,0.1013986013986013,116,0.4055944055944055,411.375,1206.7,6.9,15.72,7.59,24.12587412587412,7.476923076923077,152.3971742019559,0,Experienced,0.0,0.02618,7.232211684593402,0.28,4.495837000000001,35.12917482517483,33.232904939477514,96.08636440146287,26-29,54,0.1,0.5,0.1,0.2,3.795,0.4,0.5895000000000001,1,2,High,1.0,Very High,Likely (6 months)
PL0034,Frenkie de Jong,Netherlands,CM,Barcelona,27,1999-06-08,Both,2028-04-03,2,338,34128,21,83,914.5,427.0,46.795,382.0,296.0,6.74,9,45,5,37.6,101.0,84.08,502.0,783.0,1271.0,94.0,756.0,72.12,246.0,9,999,111.0,173,18,"Concussion, Hip Injury, Ankle Injury, Knee Injury, Hamstring Injury, Back Injury, Achilles Injury",2024-10-06,545.0,0.9,1,1,0,0,2.74,173,0,0.236,21167,0.268,0.474,0.258,10.19,194543,48.4,1,4.88,1054,240,19843,69.73,81.48,34.09,2,Stable,0.0621301775147929,0.2455621301775148,104,0.3076923076923077,1551.2727272727273,406.2857142857143,0.5,15.76,4.54,48.81656804733728,11.1,119.53492640160162,1,Prime,0.0,0.1142239999999999,23.952797717341323,0.3288,10.033158,40.53291360946746,67.11565338074571,57.30653698496743,26-29,32,0.3,0.8,0.6,0.2,2.27,0.5,0.652,1,2,High,1.0,Very High,Likely (6 months)
PL0035,Bernardo Silva,Portugal,CM,Manchester City,30,1996-08-03,Right,2027-04-04,1,360,19123,19,42,914.5,427.0,46.795,282.0,671.0,7.64,10,66,2,36.0,53.1,92.82,462.0,783.0,1271.0,94.0,756.0,72.12,246.0,7,760,108.6,166,36,"Muscle Injury, Shoulder Injury, Hip Injury, Knee Injury, ACL Injury, Back Injury, Fracture",2023-11-28,858.0,0.7,1,0,1,1,2.08,182,0,0.289,14874,0.261,0.496,0.243,11.19,222036,63.9,1,6.03,337,2389,11671,59.63,68.95,26.81,2,Stable,0.0527777777777777,0.1166666666666666,61,0.1694444444444444,956.15,444.72093023255815,1.4000000000000004,17.2,5.48,49.44444444444444,13.575,51.110480864244266,0,Experienced,0.0,0.1846709999999999,31.06958733380759,0.355,7.377504,44.59888888888889,77.94382544515582,73.5591108178936,30-33,47,0.1,0.5,0.6,0.2,2.74,0.5,0.5690000000000001,1,2,High,0.998,Very High,Likely (6 months)
PL0036,İlkay Gündoğan,Germany,CM,Barcelona,34,1992-03-21,Both,2028-04-03,2,243,34836,72,25,914.5,427.0,46.795,589.0,572.0,7.79,10,26,7,24.3,143.4,83.73,618.0,783.0,1271.0,94.0,756.0,72.12,246.0,22,2325,105.7,179,11,"Muscle Injury, Shoulder Injury, Ligament Damage, Concussion, Calf Injury, Hip Injury, Ankle Injury, Hamstring Injury, Groin Strain, Back Injury, Meniscus Tear, Fracture",2023-10-07,910.0,2.2,0,1,0,1,6.37,520,0,0.548,53667,0.438,0.291,0.271,9.47,509954,91.4,0,8.13,3930,4470,14633,16.51,22.29,21.09,3,Declining,0.2962962962962963,0.102880658436214,97,0.3991769547325103,477.2054794520548,1339.8461538461538,0.4000000000000003,14.86,10.0,0.0,4.595652173913043,28.30233235179181,0,Veteran,0.0,0.5008720000000001,56.51727786472892,0.5737000000000001,0.0,35.2794,100.0,201.4814391776128,34+,33,0.3,0.7,0.1,0.2,5.0,0.5,0.8300000000000001,1,3,Very High,1.0,Very High,Very Likely (now)
PL0037,Pedri,Spain,CM,Barcelona,22,2004-07-20,Left,2027-04-04,1,367,32992,89,60,914.5,427.0,46.795,192.0,582.0,7.18,4,15,0,91.8,89.9,88.87,718.0,783.0,1271.0,94.0,756.0,72.12,246.0,4,370,92.5,162,12,"Fracture, Concussion, Calf Injury",2025-06-16,292.0,0.4,0,0,0,1,1.01,91,0,0.402,10114,0.439,0.441,0.121,6.23,126603,57.3,1,6.93,6473,3627,11497,80.84,97.73,53.34,1,Rising,0.2425068119891008,0.1634877384196185,149,0.4059945504087193,366.5777777777778,540.8524590163935,8.5,11.34,1.81,75.20435967302453,18.5,69.29014377101302,0,Emerging,20.893122216724397,0.230346,23.09556598938784,0.4736,4.460274,46.97607193460491,74.5113849513842,57.39989239321225,22-25,21,0.6,0.5,0.9,0.2,0.905,0.5,0.6055,1,2,High,0.993,Very High,Likely (6 months)
PL0038,Gavi,Spain,CM,Barcelona,20,2006-07-20,Both,2030-04-03,4,305,39129,81,21,914.5,427.0,46.795,586.0,358.0,6.74,2,61,1,152.5,128.3,81.37,584.0,783.0,1271.0,94.0,756.0,72.12,246.0,6,652,108.7,158,23,"Ligament Damage, Shoulder Injury, Hamstring Injury, Back Injury, Fracture",2023-09-11,936.0,0.6,0,1,0,1,1.79,132,0,0.352,11366,0.335,0.444,0.221,5.94,133441,9.1,1,5.76,8943,4166,7946,49.92,56.42,34.0,2,Rising,0.2655737704918032,0.0688524590163934,102,0.3344262295081967,477.1829268292683,1778.590909090909,2.9000000000000004,8.1,2.99,56.72131147540984,15.528571428571428,171.15111217461504,0,Emerging,13.020833333333334,0.032032,19.52561952568095,0.4101,5.046504,40.74446229508197,63.68066043606241,80.01661880416727,18-21,20,0.6,0.3,0.3,0.2,1.495,0.5,0.5345000000000001,0,1,Medium,0.002,Low,Possible (1 year)
PL0039,Eduardo Camavinga,France,CDM,Real Madrid,22,2004-05-18,Both,2027-04-04,1,294,28921,69,105,914.5,427.0,46.795,328.0,295.0,7.85,4,69,1,73.5,98.4,86.06,747.0,783.0,1271.0,94.0,756.0,72.12,246.0,7,826,118.0,165,72,"Shoulder Injury, Calf Injury, Knee Injury, Groin Strain, Back Injury, Meniscus Tear",2023-06-07,1032.0,0.7,1,0,0,1,2.26,156,0,0.653,9303,0.51,0.18,0.31,12.65,117419,61.9,0,5.53,6572,1342,10796,67.71,78.6,185.52,5,Rising,0.2346938775510204,0.3571428571428571,174,0.5918367346938775,413.1571428571429,272.83962264150944,2.1,9.88,3.66,46.93877551020408,14.75,58.03606673348949,0,Emerging,16.083296411165264,0.404207,75.485641663942,0.6335000000000001,0.0,44.03075510204082,100.0,64.08201877752995,22-25,52,0.1,0.5,0.6,0.2,1.83,0.4,0.4680000000000001,0,1,Medium,0.001,Low,Possible (1 year)
PL0040,Aurélien Tchouaméni,France,CDM,Real Madrid,24,2002-12-04,Left,2031-04-03,5,223,22107,23,70,914.5,427.0,46.795,252.0,643.0,6.98,6,72,3,37.2,99.1,85.22,266.0,783.0,1271.0,94.0,756.0,72.12,246.0,3,306,102.0,125,69,"Fracture, Achilles Injury, Calf Injury",2023-05-08,1062.0,0.3,0,0,0,1,0.84,64,0,0.068,6939,0.22,0.563,0.218,12.77,75281,39.3,1,6.47,2809,2222,7484,58.98,79.79,85.12,3,Rising,0.1031390134529148,0.3139013452914798,93,0.4170403587443946,921.125,311.36619718309856,-0.1999999999999993,10.46,1.44,71.30044843049328,25.5,252.7667416881709,0,Prime,35.283146829433726,0.026724,7.680693742977999,0.2453,3.906657,44.76268968609866,51.022385457516336,74.6293592632522,22-25,56,0.1,0.8,0.6,0.2,0.72,0.4,0.41700000000000004,0,1,Medium,0.0,Low,Possible (1 year)
PL0041,Virgil van Dijk,Netherlands,CB,Liverpool,33,1993-11-11,Left,2027-04-04,1,393,17246,19,34,914.5,427.0,46.795,425.0,459.0,6.49,10,37,5,39.3,43.9,91.28,478.0,858.0,818.0,94.0,756.0,72.12,246.0,11,1157,105.2,156,14,"Muscle Injury, Shoulder Injury, Ligament Damage, Concussion, Calf Injury, Ankle Injury, Hamstring Injury, Back Injury, Meniscus Tear",2026-03-15,20.0,1.1,0,1,0,1,3.17,206,1,0.042,27415,0.079,0.54,0.381,6.29,546961,18.7,1,1.92,5927,3235,1254,10.99,13.94,13.87,2,Declining,0.0483460559796437,0.0865139949109414,53,0.1348600508905852,862.3,492.74285714285713,1.3000000000000007,17.86,8.370000000000001,47.58269720101781,8.766666666666667,9.419825334530344,0,Veteran,0.0,0.007854,2.699624263549813,0.1517,14.8041,39.35193944020357,26.985406115426503,328.206333946652,30-33,49,0.1,0.7,0.1,0.2,4.1850000000000005,0.4,0.6685000000000001,1,2,High,1.0,Very High,Likely (6 months)
PL0042,Rúben Dias,Portugal,CB,Manchester City,27,1999-07-06,Right,2030-04-03,4,440,14526,26,8,914.5,427.0,46.795,425.0,459.0,6.58,9,37,0,48.9,33.0,91.7,1140.0,1108.0,1380.0,94.0,756.0,72.12,246.0,4,209,52.2,109,15,"Ankle Injury, Ligament Damage, Fracture, Hamstring Injury",2024-01-06,819.0,0.4,0,1,0,1,0.57,38,0,0.274,19086,0.193,0.445,0.362,4.72,343867,42.0,1,3.62,7098,55,10019,63.25,87.71,73.65,3,Stable,0.059090909090909,0.0181818181818181,34,0.0772727272727272,538.0,1614.0,6.3,17.8,1.37,91.36363636363636,10.44,216.85312189592148,1,Prime,0.0,0.11508,12.74755413453178,0.3147,8.49327,48.78212727272727,60.7723948381613,75.92548991864166,26-29,60,0.1,0.8,0.6,0.2,0.685,0.4,0.4135000000000001,0,1,Medium,0.0,Low,Possible (1 year)
PL0043,Antonio Rüdiger,Germany,CB,Real Madrid,31,1995-12-24,Both,2029-04-03,3,366,22342,18,45,914.5,427.0,46.795,425.0,459.0,6.83,10,48,7,36.6,61.0,78.97,760.0,385.0,790.0,94.0,756.0,72.12,246.0,22,2089,95.0,177,7,"Muscle Injury, Shoulder Injury, Ligament Damage, Concussion, Calf Injury, Ankle Injury, Knee Injury, ACL Injury, Hamstring Injury, Groin Strain, Back Injury, Achilles Injury, Fracture",2023-10-02,915.0,2.2,1,1,1,1,5.72,499,0,0.242,2654,0.25,0.445,0.305,7.97,42516,58.3,1,6.91,1442,3540,2856,17.42,23.73,11.28,1,Declining,0.0491803278688524,0.1229508196721311,63,0.1721311475409836,1175.8947368421052,485.69565217391306,-1.8000000000000007,17.32,10.0,0.0,4.130434782608695,44.79345513945003,0,Experienced,0.0,0.141086,15.206571780078322,0.3519,1.18103,31.4878,38.55375767011749,170.94353963083603,30-33,57,0.1,0.7,0.1,0.2,5.0,0.4,0.75,1,3,Very High,1.0,Very High,Very Likely (now)
PL0044,William Saliba,France,CB,Arsenal,23,2003-03-17,Both,2027-04-04,1,364,30695,15,47,914.5,427.0,46.795,425.0,459.0,7.47,5,53,4,72.8,84.3,79.29,931.0,488.0,610.0,94.0,756.0,72.12,246.0,7,390,55.7,180,7,"Ligament Damage, Shoulder Injury, Concussion, Knee Injury, ACL Injury, Meniscus Tear",2024-04-06,728.0,0.7,1,0,1,1,1.07,96,0,0.242,3146,0.178,0.492,0.33,11.45,54244,40.5,1,3.82,5853,4565,13594,39.87,50.47,15.54,1,Rising,0.0412087912087912,0.1291208791208791,62,0.1703296703296703,1918.4375,639.4791666666666,0.6999999999999993,12.28,4.47,73.62637362637362,6.9625,34.17365205529798,0,Emerging,26.58640581891147,0.09801,22.31739634927576,0.29,1.547832,47.64127472527473,68.356731886551,116.56783637209378,22-25,8,1.0,0.8,0.1,0.2,2.235,0.4,0.8085000000000001,1,3,Very High,1.0,Very High,Very Likely (now)
PL0045,Gabriel Magalhães,Brazil,CB,Arsenal,26,2000-05-27,Both,2031-04-03,5,234,20007,24,31,914.5,427.0,46.795,425.0,459.0,6.51,8,65,5,29.2,85.5,87.64,1386.0,786.0,1596.0,94.0,756.0,72.12,246.0,5,327,65.4,106,11,"Shoulder Injury, Calf Injury, Groin Strain, Back Injury, Meniscus Tear",2023-10-20,897.0,0.5,0,0,0,1,0.9,80,0,0.212,17325,0.162,0.479,0.359,10.3,97645,82.9,1,2.1,8638,4983,7461,41.26,51.43,7.59,1,Stable,0.1025641025641025,0.1324786324786324,55,0.235042735042735,800.28,625.21875,-1.5,12.68,1.9,65.81196581196582,10.9,176.82529267639762,1,Prime,0.0,0.175748,21.311856391294008,0.2586,8.298675,42.25559316239317,69.2955811681376,99.98957208327774,26-29,42,0.1,0.8,0.3,0.2,0.95,0.4,0.39500000000000013,0,1,Medium,0.0,Low,Possible (1 year)
PL0046,Marquinhos,Brazil,CB,PSG,30,1996-04-05,Right,2029-04-03,3,442,26251,2,40,914.5,427.0,46.795,425.0,459.0,7.1,10,51,5,44.2,59.4,87.35,806.0,379.0,1980.0,94.0,756.0,72.12,246.0,14,1497,106.9,174,11,"Ligament Damage, Muscle Injury, Concussion, Hip Injury, Knee Injury, ACL Injury, Hamstring Injury, Groin Strain, Meniscus Tear",2024-09-26,555.0,1.4,1,1,1,1,4.1,288,0,0.161,4169,0.221,0.527,0.252,10.6,20924,81.5,1,5.64,5271,52,1049,25.18,31.62,59.43,6,Stable,0.004524886877828,0.090497737556561,42,0.0950226244343891,8750.333333333334,640.2682926829268,-0.0999999999999996,18.84,8.899999999999999,34.84162895927602,7.126666666666667,64.74737086173086,0,Experienced,0.0,0.131215,14.225656665825474,0.2817,2.197063,39.69972579185521,43.38834789466581,151.64142777637588,30-33,56,0.1,0.5,0.1,0.2,4.449999999999999,0.4,0.655,1,2,High,1.0,Very High,Likely (6 months)
PL0047,Kim Min-jae,South Korea,CB,Bayern Munich,28,1998-09-25,Right,2031-04-03,5,157,18431,31,14,914.5,427.0,46.795,425.0,459.0,7.56,10,62,4,15.7,117.4,79.59,1422.0,1185.0,1148.0,94.0,756.0,72.12,246.0,6,555,92.5,160,18,"Muscle Injury, Ligament Damage, Concussion, Calf Injury, Back Injury, Fracture",2024-01-05,820.0,0.6,0,0,0,1,1.52,131,0,0.257,7775,0.276,0.49,0.234,2.15,154510,88.4,1,1.62,4921,2948,15459,73.72,101.08,119.96,3,Stable,0.197452229299363,0.0891719745222929,45,0.286624203821656,575.96875,1228.7333333333331,-0.1999999999999993,13.14,2.72,16.560509554140125,13.214285714285714,315.9369989361133,1,Prime,0.0,0.227188,4.950183473609808,0.3037999999999999,3.80975,36.78770191082802,40.37912616582872,49.23407643312101,26-29,12,1.0,0.8,0.9,0.2,1.36,0.4,0.8410000000000001,1,3,Very High,1.0,Very High,Very Likely (now)
PL0048,João Cancelo,Portugal,RB,Al Hilal,30,1996-10-11,Right,2030-04-03,4,416,37167,2,33,914.5,427.0,46.795,425.0,459.0,7.05,10,14,3,41.6,89.3,86.94,657.0,949.0,1420.0,94.0,756.0,72.12,246.0,16,1367,85.4,163,16,"Muscle Injury, Shoulder Injury, Concussion, Hip Injury, Calf Injury, Ankle Injury, Knee Injury, Hamstring Injury, Groin Strain, Achilles Injury, Meniscus Tear",2023-10-17,900.0,1.6,1,1,0,1,3.75,202,0,0.1,5558,0.145,0.458,0.397,11.72,82320,9.1,1,3.66,9409,4788,3998,19.71,27.3,35.14,4,Stable,0.0048076923076923,0.079326923076923,35,0.0841346153846153,12389.0,1093.1470588235295,5.6,18.32,6.95,51.44230769230769,5.023529411764706,67.57588984298202,0,Experienced,0.0,0.0091,10.106359359525468,0.2285,2.545564,42.609461538461545,42.56426980851898,205.7434164097612,30-33,26,0.3,0.5,0.1,0.2,3.475,0.5,0.6375000000000002,1,2,High,1.0,Very High,Likely (6 months)
PL0049,Trent Alexander-Arnold,England,RB,Liverpool,26,2000-02-12,Right,2029-04-03,3,246,27268,12,43,914.5,427.0,46.795,425.0,459.0,6.55,8,11,5,30.8,110.8,80.94,1173.0,521.0,1212.0,94.0,756.0,72.12,246.0,6,683,113.8,145,84,"Muscle Injury, Shoulder Injury, Concussion, Calf Injury, Meniscus Tear",2025-01-03,456.0,0.6,0,0,0,1,1.87,152,0,0.013,17243,0.154,0.499,0.347,6.63,117462,9.5,1,8.32,9817,1873,19087,33.48,43.31,45.92,5,Stable,0.048780487804878,0.1747967479674796,55,0.2235772357723577,2097.538461538461,619.7272727272727,3.9,12.92,3.0700000000000003,38.21138211382114,16.257142857142856,86.08983226571681,1,Prime,0.0,0.001235,0.840802371796379,0.2348,8.604257,36.89587642276423,33.56914176907668,107.00660215418864,26-29,14,0.6,0.8,0.1,0.2,1.5350000000000001,0.5,0.6085,1,2,High,0.809,Very High,Likely (6 months)
PL0050,Alphonso Davies,Canada,LB,Bayern Munich,24,2002-01-08,Right,2031-04-03,5,336,14030,21,24,914.5,427.0,46.795,425.0,459.0,7.14,6,68,6,56.0,41.8,87.79,1428.0,1138.0,755.0,94.0,756.0,72.12,246.0,7,449,64.1,143,8,"Muscle Injury, Calf Injury, Ankle Injury, Knee Injury, ACL Injury, Achilles Injury, Fracture",2024-04-22,712.0,0.7,1,0,1,1,1.23,77,0,0.25,4463,0.261,0.474,0.264,3.0,22836,1.1,1,3.8,2518,4944,6884,54.4,68.78,109.47,5,Rising,0.0625,0.0714285714285714,45,0.1339285714285714,637.7272727272727,561.2,-2.8000000000000007,12.72,4.63,77.08333333333334,8.0125,233.138534212216,0,Prime,26.43382352941177,0.00275,6.302850378045861,0.3215,2.115462,47.16366666666667,43.77610890040213,85.13297232250302,22-25,44,0.1,0.8,0.3,0.2,2.315,0.5,0.5415000000000001,0,1,Medium,0.001,Low,Possible (1 year)
PL0051,Theo Hernández,France,LB,AC Milan,27,1999-02-24,Right,2030-04-03,4,360,25025,24,58,914.5,427.0,46.795,425.0,459.0,6.53,9,64,5,40.0,69.5,79.59,1272.0,835.0,1187.0,94.0,756.0,72.12,246.0,3,229,76.3,159,21,"Groin Strain, ACL Injury, Hamstring Injury",2024-01-18,807.0,0.3,0,1,1,1,0.63,36,0,0.215,17104,0.342,0.476,0.182,11.3,285999,93.6,1,4.29,8134,880,19866,34.15,42.24,52.53,3,Stable,0.0666666666666666,0.1611111111111111,82,0.2277777777777777,1001.0,424.1525423728813,-1.4000000000000004,16.2,3.23,90.0,19.075,117.08354328451728,1,Prime,0.0,0.2012399999999999,23.68064285366174,0.3363,8.141504,48.0326,73.07726428049261,136.65035561877667,26-29,23,0.6,0.8,0.1,0.2,1.615,0.5,0.6165,1,2,High,0.999,Very High,Likely (6 months)
PL0052,Andrew Robertson,Scotland,LB,Liverpool,30,1996-09-25,Right,2028-04-03,2,240,31612,12,39,914.5,427.0,46.795,425.0,459.0,7.2,10,65,4,24.0,131.7,89.83,1292.0,690.0,1083.0,94.0,756.0,72.12,246.0,10,935,93.5,170,24,"Ligament Damage, Shoulder Injury, Muscle Injury, Concussion, Calf Injury, ACL Injury, Groin Strain, Back Injury, Meniscus Tear",2024-06-16,657.0,1.0,0,0,1,1,2.56,224,0,0.269,8885,0.232,0.487,0.28,2.96,70375,57.6,1,2.47,2308,394,18633,28.47,38.27,42.21,4,Stable,0.05,0.1625,51,0.2125,2431.692307692308,790.3,-0.5,14.8,6.5600000000000005,6.666666666666671,8.5,48.80480933104256,0,Experienced,0.0,0.154944,7.239599033410738,0.3045,4.326995,33.702333333333335,34.59056521678278,114.36149756814842,30-33,9,1.0,0.5,0.1,0.2,3.2800000000000002,0.5,0.8630000000000001,1,3,Very High,1.0,Very High,Very Likely (now)
PL0053,Thibaut Courtois,Belgium,GK,Real Madrid,32,1994-11-16,Right,2031-04-03,5,329,33828,0,0,914.5,427.0,46.795,425.0,459.0,7.0,10,62,1,32.9,102.8,85.79,643.0,783.0,1271.0,143.0,506.0,66.52,108.0,15,1347,89.8,178,32,"Muscle Injury, Shoulder Injury, Concussion, Hip Injury, Knee Injury, Hamstring Injury, Back Injury, Achilles Injury, Fracture",2024-03-22,743.0,1.5,1,1,0,1,3.69,270,0,0.399,38754,0.332,0.401,0.267,14.27,674422,47.8,1,7.09,7819,4113,12101,11.98,15.51,48.19,6,Declining,0.0,0.0,0,0.0,33828.0,33828.0,2.8,16.58,6.69,17.933130699088153,5.6125,51.34190514452845,0,Experienced,0.0,0.1907219999999999,60.154343190260846,0.4499000000000001,15.540354,35.80242613981763,100.0,275.82762819582143,30-33,30,0.3,0.7,0.1,0.2,3.345,0.3,0.6445000000000001,1,2,High,1.0,Very High,Likely (6 months)
PL0054,Alisson Becker,Brazil,GK,Liverpool,32,1994-05-17,Left,2031-04-03,5,277,33941,2,0,914.5,427.0,46.795,425.0,459.0,7.07,10,63,3,27.7,122.5,85.79,643.0,783.0,1271.0,121.0,854.0,73.56,116.0,24,2283,95.1,170,30,"Muscle Injury, Shoulder Injury, Ligament Damage, Calf Injury, Hip Injury, Knee Injury, Hamstring Injury, Groin Strain, Back Injury, Achilles Injury, Meniscus Tear, Fracture",2025-11-15,140.0,2.4,1,1,0,1,6.25,502,0,0.276,12912,0.337,0.4,0.263,2.09,141920,6.8,1,9.26,3070,3445,4502,8.81,10.61,32.31,5,Declining,0.0072202166064981,0.0,2,0.0072202166064981,11313.666666666666,33941.0,0.6999999999999993,15.54,10.0,0.0,3.804,37.75644276488278,0,Experienced,0.0,0.018768,5.460361576332942,0.4241,5.1648000000000005,32.236200000000004,24.308642364499413,328.605504587156,30-33,19,0.6,0.7,0.1,0.2,5.0,0.3,0.915,1,3,Very High,1.0,Very High,Very Likely (now)
PL0055,Ederson,Brazil,GK,Manchester City,31,1995-04-18,Both,2028-04-03,2,207,28397,2,3,914.5,427.0,46.795,425.0,459.0,6.66,10,69,6,20.7,137.2,85.79,643.0,783.0,1271.0,54.0,600.0,79.56,163.0,11,1269,115.4,171,16,"Muscle Injury, Hip Injury, Ankle Injury, Knee Injury, Back Injury, Meniscus Tear, Fracture",2023-08-05,973.0,1.1,1,0,0,1,3.48,231,0,0.253,20553,0.189,0.432,0.379,14.96,217018,7.3,1,3.86,1628,1426,3809,14.24,15.71,6.64,1,Declining,0.0096618357487922,0.0144927536231884,5,0.0241545893719806,9465.666666666666,7099.25,-2.9000000000000004,14.14,5.68,0.0,9.616666666666667,24.41097593516144,0,Experienced,0.0,0.018469,37.58692736307852,0.3101,8.878896000000001,30.0882,80.06449104461778,197.42913385826773,30-33,55,0.1,0.7,0.1,0.2,2.84,0.3,0.524,0,1,Medium,0.001,Low,Possible (1 year)
PL0056,Marc-André ter Stegen,Germany,GK,Barcelona,32,1994-05-13,Left,2029-04-03,3,382,34630,2,5,914.5,427.0,46.795,425.0,459.0,6.86,10,44,4,38.2,90.7,85.79,643.0,783.0,1271.0,90.0,407.0,80.97,214.0,5,488,97.6,149,54,"Ankle Injury, Muscle Injury, Knee Injury, Concussion",2023-10-06,911.0,0.5,1,0,0,0,1.34,113,0,0.062,11902,0.172,0.55,0.278,13.69,178629,13.2,1,7.01,3868,1865,6611,14.36,18.19,27.27,4,Declining,0.0052356020942408,0.013089005235602,7,0.0183246073298429,11543.333333333334,5771.666666666667,1.5999999999999996,17.64,2.34,70.41884816753927,16.266666666666666,36.925029609787735,0,Experienced,0.0,0.0081839999999999,7.965414740129933,0.2365,6.5461,45.52476963350786,50.03050692694882,296.3852189681501,30-33,14,0.6,0.7,0.1,0.2,1.17,0.3,0.532,0,1,Medium,0.004,Low,Possible (1 year)
PL0057,Gianluigi Donnarumma,Italy,GK,PSG,25,2001-09-15,Right,2027-04-04,1,228,27089,2,1,914.5,427.0,46.795,425.0,459.0,6.4,7,57,8,32.6,118.8,85.79,643.0,783.0,1271.0,40.0,824.0,65.56,113.0,6,592,98.7,176,61,"Back Injury, Fracture, Meniscus Tear, Hamstring Injury",2025-09-09,207.0,0.6,0,1,0,1,1.62,97,0,0.0,4986,0.175,0.576,0.249,8.44,78826,13.6,1,4.86,2568,1861,3969,23.8,28.21,37.89,4,Rising,0.0087719298245614,0.0043859649122807,3,0.0131578947368421,9029.666666666666,13544.5,-3.6999999999999993,11.56,2.8200000000000003,57.45614035087719,14.1,20.3996217435689,1,Prime,0.0,0.0,0.0,0.1859,2.871936,39.775028070175445,34.24751403508772,160.38317770232032,22-25,31,0.3,0.8,0.1,0.2,1.4100000000000001,0.3,0.4710000000000001,0,1,Medium,0.0,Low,Possible (1 year)
PL0058,Mike Maignan,France,GK,AC Milan,29,1997-04-03,Right,2029-04-03,3,359,33159,1,2,914.5,427.0,46.795,425.0,459.0,6.92,10,60,3,35.9,92.4,85.79,643.0,783.0,1271.0,61.0,985.0,81.88,223.0,7,696,99.4,134,55,"Ligament Damage, Hip Injury, Knee Injury, ACL Injury, Fracture",2025-05-07,332.0,0.7,1,0,1,1,1.91,174,0,0.346,16126,0.362,0.41,0.227,10.94,250222,99.6,1,8.34,430,4823,12878,23.1,31.37,59.03,4,Stable,0.0027855153203342,0.0055710306406685,3,0.0083565459610027,16579.5,11053.0,1.0,17.18,5.31,51.53203342618384,12.425,59.39889860627415,0,Experienced,0.0,0.344616,36.67235205449085,0.4484,6.61166,42.31920668523677,85.54813142435464,175.5983679885343,26-29,58,0.1,0.5,0.1,0.2,2.655,0.3,0.4655,0,1,Medium,0.0,Low,Possible (1 year)
PL0059,Jan Oblak,Slovenia,GK,Atletico Madrid,31,1995-10-18,Both,2028-04-03,2,307,34616,1,0,914.5,427.0,46.795,425.0,459.0,7.47,10,32,6,30.7,112.8,85.79,643.0,783.0,1271.0,142.0,991.0,72.29,299.0,17,1659,97.6,168,20,"Muscle Injury, Shoulder Injury, Knee Injury, ACL Injury, Hamstring Injury, Groin Strain, Back Injury, Meniscus Tear, Fracture",2026-03-01,34.0,1.7,1,1,1,1,4.55,373,0,0.421,12438,0.467,0.297,0.237,5.75,67944,16.3,0,1.59,902,1828,14034,10.54,11.79,17.56,3,Declining,0.003257328990228,0.0,1,0.003257328990228,17308.0,34616.0,0.8000000000000007,16.14,9.95,0.0,5.422222222222222,18.068236401446736,0,Experienced,0.0,0.068623,22.82426402883102,0.4650000000000001,0.0,34.038000000000004,51.355396043246536,294.9566724436743,30-33,7,1.0,0.7,0.1,0.2,4.975,0.3,1.0,1,3,Very High,1.0,Very High,Very Likely (now)
PL0060,Alejandro Garnacho,Argentina,LW,Manchester United,20,2006-04-01,Both,2027-04-04,1,332,32250,70,80,873.0,301.0,49.2,329.0,666.0,6.61,2,60,4,166.0,97.1,85.79,643.0,783.0,1271.0,94.0,756.0,72.12,246.0,3,173,57.7,94,31,"Back Injury, Knee Injury, ACL Injury",2023-12-18,838.0,0.3,1,0,1,1,0.47,40,0,0.0,11786,0.055,0.515,0.43,10.96,157366,1.3,1,3.3,6769,398,17931,56.66,63.19,71.53,2,Rising,0.2108433734939759,0.2409638554216867,150,0.4518072289156626,454.225352112676,398.14814814814815,0.0,8.64,3.07,87.95180722891567,14.425,48.56481378111823,0,Emerging,11.524885280621252,0.0,0.0,0.1465,6.06979,46.05136144578314,36.88568072289157,79.86708540718547,18-21,25,0.3,0.3,0.3,0.2,1.535,0.7,0.45349999999999996,0,1,Medium,0.0,Low,Possible (1 year)
PL0061,Endrick,Brazil,ST,Real Madrid,18,2008-11-02,Right,2028-04-03,2,453,20511,112,51,590.0,295.0,35.51,211.0,306.0,6.45,1,79,1,453.0,45.3,85.79,643.0,783.0,1271.0,94.0,756.0,72.12,246.0,4,385,96.2,173,50,"Ligament Damage, Back Injury, ACL Injury, Calf Injury",2023-05-12,1058.0,0.4,0,0,1,1,1.05,74,0,0.193,101341,0.156,0.409,0.435,12.07,1784787,27.3,1,6.08,4419,2347,18747,51.81,68.17,44.74,3,Rising,0.2472406181015452,0.1125827814569536,163,0.3598233995584989,181.5132743362832,394.4423076923077,1.0999999999999996,10.06,3.85,83.6644591611479,19.24,88.8154960112861,0,Emerging,31.57691565334877,0.052689,26.850529113957727,0.303,41.448469,45.15089183222958,75.15123958705138,85.49686012541106,18-21,33,0.3,0.3,0.3,0.2,1.925,0.7,0.4925,0,1,Medium,0.0,Low,Possible (1 year)
PL0062,Arda Güler,Turkey,CAM,Real Madrid,19,2007-01-28,Right,2029-04-03,3,472,28730,13,115,914.5,427.0,46.795,382.0,333.0,6.78,1,38,4,472.0,60.9,88.25,566.0,783.0,1271.0,94.0,756.0,72.12,246.0,7,809,115.6,156,50,"Muscle Injury, Shoulder Injury, Concussion, ACL Injury, Back Injury, Meniscus Tear",2025-07-20,258.0,0.7,0,0,1,1,2.22,181,0,0.345,8128,0.244,0.429,0.327,13.05,81168,90.9,1,5.51,6882,1128,15166,48.19,56.68,90.92,4,Rising,0.0275423728813559,0.2436440677966101,128,0.2711864406779661,2052.1428571428573,247.67241379310343,2.2,10.44,5.62,61.65254237288136,14.45,123.9148451877208,0,Emerging,17.617763021373733,0.3136049999999999,40.534626556545504,0.3805,3.486912,42.29950847457628,90.7116940721064,85.99208878751023,18-21,52,0.1,0.3,0.3,0.2,2.81,0.6,0.5010000000000001,0,1,Medium,0.0,Low,Likely (6 months)
PL0063,Warren Zaïre-Emery,France,CM,PSG,18,2008-09-08,Both,2029-04-03,3,279,33744,41,112,914.5,427.0,46.795,544.0,587.0,6.91,1,28,0,279.0,120.9,83.39,252.0,783.0,1271.0,94.0,756.0,72.12,246.0,1,158,158.0,158,158,Hamstring Injury,2025-04-03,366.0,0.1,0,1,0,0,0.43,26,0,0.132,14032,0.204,0.536,0.259,10.29,262655,34.8,1,6.88,8080,2162,4841,33.98,45.37,17.55,1,Rising,0.1469534050179211,0.4014336917562724,153,0.5483870967741935,803.4285714285714,298.6194690265487,7.2,6.58,0.63,90.6810035842294,79.0,87.37552271174006,0,Emerging,33.5197174808711,0.045936,12.970442522539813,0.2755999999999999,7.521152,47.64340071684588,62.01736414223266,136.20183166622607,18-21,12,1.0,0.3,0.1,0.2,0.315,0.5,0.5265000000000001,0,1,Medium,0.001,Low,Possible (1 year)
PL0064,Kobbie Mainoo,England,CM,Manchester United,19,2007-08-07,Right,2031-04-03,5,476,19588,24,78,914.5,427.0,46.795,204.0,325.0,7.84,1,21,1,476.0,41.2,81.84,468.0,783.0,1271.0,94.0,756.0,72.12,246.0,1,119,119.0,119,119,ACL Injury,2023-08-31,947.0,0.1,0,0,1,1,0.33,28,0,0.503,6350,0.381,0.341,0.278,2.21,90833,45.4,0,8.73,7359,3581,6070,76.58,90.24,41.29,1,Rising,0.0504201680672268,0.1638655462184874,102,0.2142857142857142,783.52,247.9493670886076,6.9,10.52,2.53,94.11764705882354,59.5,328.1939145215349,0,Emerging,17.83755549751893,0.2283619999999999,9.73384087050378,0.5346000000000001,0.0,53.35672941176471,56.219126011638025,68.77639779809837,18-21,49,0.1,0.3,0.9,0.2,1.265,0.5,0.4265,0,1,Medium,0.0,Low,Possible (1 year)
PL0065,Lamine Yamal,Spain,RW,Barcelona,17,2009-12-19,Left,2031-04-03,5,423,27142,244,51,1200.0,303.0,44.82,222.0,573.0,6.53,1,19,3,423.0,64.2,85.79,643.0,783.0,1271.0,94.0,756.0,72.12,246.0,8,974,121.8,176,25,"Shoulder Injury, Concussion, Hip Injury, Groin Strain, Back Injury, Achilles Injury, Fracture",2025-10-19,167.0,0.8,0,0,0,1,2.67,198,0,0.059,43920,0.167,0.514,0.32,7.28,476884,8.6,1,6.41,5758,1649,1671,24.99,32.81,62.16,6,Rising,0.5768321513002365,0.1205673758865248,295,0.6973995271867612,110.78367346938776,521.9615384615385,5.1,9.46,4.27,53.191489361702125,13.533333333333331,107.0980141537367,0,Emerging,31.29251700680274,0.0050739999999999,4.591632302210238,0.235,22.57488,39.12029787234042,37.90759738948557,150.52057665386852,,13,0.6,0.3,0.1,0.2,2.135,0.7,0.5885,1,2,High,0.999,Very High,Likely (6 months)
PL0066,Pau Cubarsí,Spain,CB,Barcelona,17,2009-04-26,Left,2030-04-03,4,364,25796,22,45,914.5,427.0,46.795,425.0,459.0,6.31,1,32,0,364.0,70.9,80.52,1323.0,1127.0,829.0,94.0,756.0,72.12,246.0,0,0,0.0,0,0,,2023-06-26,614.0,0.0,0,0,0,0,0.0,0,0,0.0,42889,0.099,0.579,0.322,10.19,293872,98.9,1,7.05,6249,4299,10691,16.61,20.41,12.85,2,Rising,0.0604395604395604,0.1236263736263736,67,0.184065934065934,1121.5652173913045,560.7826086956521,6.8,8.280000000000001,0.0,100.0,0.0,56.94751548918981,0,Emerging,22.877784467188444,0.0,0.0,0.1844,24.832731,47.2648,43.6324,268.39750141964794,,52,0.1,0.3,0.1,0.2,0.0,0.4,0.17,0,0,Low,0.0,Low,Unlikely
PL0067,Rico Lewis,England,RB,Manchester City,20,2006-04-04,Both,2027-04-04,1,210,24733,24,35,914.5,427.0,46.795,425.0,459.0,7.5,2,34,0,105.0,117.8,88.38,410.0,462.0,1568.0,94.0,756.0,72.12,246.0,5,545,109.0,155,74,"Knee Injury, Meniscus Tear, Calf Injury",2025-02-06,422.0,0.5,1,0,0,1,1.49,104,0,0.408,1249,0.442,0.399,0.159,3.68,21357,95.7,0,1.76,6493,3219,4692,35.3,48.52,86.07,6,Rising,0.1142857142857142,0.1666666666666666,59,0.2809523809523809,989.32,687.0277777777778,6.6,6.2,2.49,50.47619047619048,18.166666666666668,30.256581829747144,0,Emerging,37.45042492917849,0.390456,10.706616739760149,0.4336,0.0,42.202438095238094,52.18114415725927,116.26016004197824,18-21,40,0.1,0.3,0.1,0.2,1.245,0.5,0.3045,0,0,Low,0.0,Low,Unlikely
PL0068,Antoine Griezmann,France,CAM,Atletico Madrid,33,1993-07-12,Left,2030-04-03,4,454,16954,76,85,914.5,427.0,46.795,260.0,356.0,7.85,10,13,5,45.4,37.3,91.27,317.0,783.0,1271.0,94.0,756.0,72.12,246.0,20,1773,88.6,170,14,"Muscle Injury, Shoulder Injury, Concussion, Calf Injury, Hip Injury, Knee Injury, ACL Injury, Hamstring Injury, Back Injury, Achilles Injury, Meniscus Tear, Fracture",2025-04-28,341.0,2.0,1,1,1,1,4.86,279,0,0.57,17709,0.401,0.243,0.356,9.76,122406,80.8,0,4.6,9084,4920,13735,17.34,22.08,29.94,3,Declining,0.1674008810572687,0.1872246696035242,161,0.3546255506607929,220.1818181818182,197.13953488372093,3.7,19.08,10.0,38.54625550660793,4.219047619047619,59.450326224115074,0,Veteran,0.0,0.4605599999999999,54.41858113425793,0.5457000000000001,0.0,44.01665110132159,100.0,240.0035501707829,30-33,19,0.6,0.7,0.1,0.2,5.0,0.6,0.9450000000000001,1,3,Very High,1.0,Very High,Very Likely (now)
PL0069,Thomas Müller,Germany,CAM,Bayern Munich,35,1991-08-28,Both,2027-04-04,1,250,23401,20,113,914.5,427.0,46.795,287.0,329.0,7.93,10,54,8,25.0,93.6,83.56,404.0,783.0,1271.0,94.0,756.0,72.12,246.0,19,2030,106.8,175,19,"Muscle Injury, Ligament Damage, Concussion, Ankle Injury, Knee Injury, ACL Injury, Hamstring Injury, Groin Strain, Achilles Injury, Meniscus Tear, Fracture",2025-07-29,249.0,1.9,1,1,1,1,5.56,437,0,0.476,2191,0.407,0.286,0.307,8.47,27094,68.4,0,1.4,1130,3031,16493,13.08,15.91,31.3,4,Declining,0.08,0.452,133,0.532,1114.3333333333333,205.2719298245614,-3.4000000000000004,15.0,10.0,0.0,5.34,11.211220689322738,0,Veteran,0.0,0.325584,31.01428690150833,0.4693,0.0,35.6586,64.3507303522625,253.25710227272728,34+,22,0.6,0.7,0.1,0.2,5.0,0.6,0.9450000000000001,1,3,Very High,1.0,Very High,Very Likely (now)
PL0070,Luis Díaz,Colombia,LW,Liverpool,27,1999-11-21,Right,2027-04-04,1,320,30604,220,128,1415.0,646.0,45.25,609.0,347.0,6.85,9,35,4,35.6,95.6,85.79,643.0,783.0,1271.0,94.0,756.0,72.12,246.0,5,405,81.0,156,9,"Shoulder Injury, Calf Injury, Ankle Injury, Achilles Injury, Fracture",2025-07-03,275.0,0.5,0,0,0,1,1.11,98,0,0.393,30186,0.463,0.352,0.185,5.56,586072,34.0,0,4.07,6494,327,222,109.33,134.88,239.98,5,Stable,0.6875,0.4,348,1.0875,138.47963800904978,237.24031007751935,2.5,15.4,2.1100000000000003,69.375,13.5,93.7096909758146,1,Prime,0.0,0.13362,22.53946433726878,0.4664000000000001,0.0,45.2878,72.23309650590318,41.04758451916977,26-29,41,0.1,0.8,0.9,0.2,1.0550000000000002,0.7,0.5255000000000001,0,1,Medium,0.004,Low,Possible (1 year)
PL0071,Cody Gakpo,Netherlands,LW,Liverpool,25,2001-07-24,Right,2029-04-03,3,371,18671,179,126,1038.0,369.0,50.88,699.0,593.0,7.99,7,64,4,53.0,50.3,85.79,643.0,783.0,1271.0,94.0,756.0,72.12,246.0,15,1195,79.7,153,17,"Muscle Injury, Ligament Damage, Hip Injury, Calf Injury, Ankle Injury, Knee Injury, ACL Injury, Hamstring Injury, Groin Strain, Fracture",2023-04-13,1087.0,1.5,1,1,1,1,3.27,297,0,0.506,108168,0.416,0.306,0.278,2.81,832492,36.2,0,8.64,5662,1280,470,103.98,138.12,244.71,5,Rising,0.4824797843665768,0.3396226415094339,305,0.8221024258760108,103.72777777777776,147.01574803149606,-0.4000000000000003,14.42,8.27,19.946091644204856,4.98125,267.37218515499507,1,Prime,0.0,0.183172,16.481419236163408,0.5524000000000001,0.0,39.938018328840975,48.1511380186656,38.04345430447797,22-25,55,0.1,0.8,0.9,0.2,4.135,0.7,0.8335,1,3,Very High,1.0,Very High,Very Likely (now)
PL0072,Darwin Núñez,Uruguay,ST,Liverpool,25,2001-04-07,Both,2028-04-03,2,333,35711,57,102,1184.0,639.0,38.99,561.0,532.0,8.02,7,18,7,47.6,107.2,85.79,643.0,783.0,1271.0,94.0,756.0,72.12,246.0,5,401,80.2,119,27,"Groin Strain, Muscle Injury, ACL Injury, Back Injury",2024-01-04,821.0,0.5,0,0,1,1,1.1,93,0,0.555,39754,0.542,0.251,0.207,3.55,361082,91.9,0,1.15,3867,2410,5095,156.5,210.29,250.06,4,Rising,0.1711711711711711,0.3063063063063063,159,0.4774774774774775,615.7068965517242,346.70873786407765,1.1999999999999993,13.66,4.1,72.07207207207207,13.366666666666667,268.2807397368515,1,Prime,0.0,0.5100450000000001,20.86591469244569,0.5459,0.0,50.31821441441441,68.25797924587573,31.94807264407265,22-25,45,0.1,0.8,0.9,0.2,2.05,0.7,0.625,1,2,High,1.0,Very High,Likely (6 months)
PL0073,Nico Williams,Spain,LW,Athletic Bilbao,22,2004-08-05,Right,2030-04-03,4,255,16406,160,57,1239.0,500.0,47.08,860.0,693.0,7.03,4,13,1,63.8,64.3,85.79,643.0,783.0,1271.0,94.0,756.0,72.12,246.0,3,225,75.0,97,60,"Shoulder Injury, Meniscus Tear, Hamstring Injury",2026-03-21,14.0,0.3,0,1,0,1,0.62,52,1,0.154,16317,0.25,0.424,0.326,3.11,117535,87.8,1,3.44,4329,1903,3771,65.5,77.16,112.18,5,Rising,0.6274509803921569,0.2235294117647059,217,0.8509803921568627,101.90062111801242,282.86206896551727,7.7,9.1,4.22,79.6078431372549,18.75,224.567264572061,0,Emerging,17.80152671755725,0.135212,4.645729529038289,0.2862,6.918408,46.43396862745098,41.74557860728292,69.825516733009,22-25,9,1.0,0.5,0.6,0.2,2.11,0.7,0.8409999999999999,1,3,Very High,1.0,Very High,Very Likely (now)
PL0074,Ollie Watkins,England,ST,Aston Villa,28,1998-05-15,Right,2028-04-03,2,262,41810,112,79,780.0,566.0,39.91,420.0,530.0,7.07,10,50,1,26.2,159.6,85.79,643.0,783.0,1271.0,94.0,756.0,72.12,246.0,7,732,104.6,169,30,"Muscle Injury, Concussion, Knee Injury, Groin Strain, Achilles Injury, Fracture",2024-02-04,790.0,0.7,1,0,0,1,2.01,152,0,0.385,32632,0.397,0.319,0.284,13.21,558388,53.8,0,8.11,8488,1872,8891,84.89,112.35,45.82,1,Stable,0.4274809160305343,0.3015267175572519,191,0.7290076335877863,370.0,522.625,4.0,15.24,3.41,41.98473282442748,13.075,145.52301595055158,1,Prime,0.0,0.20713,52.8576424865451,0.4904,0.0,40.7057465648855,100.0,47.39288225041973,26-29,7,1.0,0.8,0.9,0.2,1.705,0.7,0.9055,1,3,Very High,1.0,Very High,Very Likely (now)
PL0075,Cole Palmer,England,CAM,Chelsea,22,2004-08-26,Right,2031-04-03,5,184,26639,98,21,914.5,427.0,46.795,259.0,536.0,7.85,4,18,6,46.0,144.8,86.05,529.0,783.0,1271.0,94.0,756.0,72.12,246.0,3,439,146.3,156,131,"Ankle Injury, Muscle Injury",2025-08-11,236.0,0.3,0,0,0,0,1.2,68,0,0.54,38334,0.514,0.325,0.16,13.39,468660,76.2,0,2.36,5076,419,5068,117.86,162.97,154.86,2,Rising,0.532608695652174,0.1141304347826086,119,0.6467391304347826,269.0808080808081,1210.8636363636365,2.2,7.68,1.7999999999999998,63.04347826086957,36.575,505.1049198943341,0,Emerging,38.27422365518412,0.41148,76.31260992018696,0.5288,0.0,46.60229565217392,100.0,39.207719714095504,22-25,11,1.0,0.5,0.9,0.2,0.8999999999999999,0.6,0.7549999999999999,1,3,Very High,1.0,Very High,Very Likely (now)
PL0076,Christopher Nkunku,France,CAM,Chelsea,27,1999-01-21,Right,2031-04-03,5,325,35919,37,87,914.5,427.0,46.795,202.0,422.0,7.36,9,63,6,36.1,110.5,87.29,276.0,783.0,1271.0,94.0,756.0,72.12,246.0,8,835,104.4,180,17,"Hip Injury, Ankle Injury, Groin Strain, Back Injury, Achilles Injury, Fracture",2026-02-06,57.0,0.8,0,0,0,1,2.29,139,0,0.179,5340,0.231,0.445,0.324,4.82,76578,56.6,1,7.13,8571,711,16657,93.32,118.46,89.13,3,Stable,0.1138461538461538,0.2676923076923077,124,0.3815384615384615,945.2368421052632,408.17045454545456,-2.3000000000000007,15.5,3.89,57.230769230769226,11.6,399.9354414096322,1,Prime,0.0,0.1013139999999999,7.405385842633547,0.3232,2.3763,44.632553846153854,45.64435568702724,47.3203497096627,26-29,59,0.1,0.8,0.9,0.2,1.945,0.6,0.6045,1,2,High,1.0,Very High,Likely (6 months)
PL0077,Moisés Caicedo,Ecuador,CDM,Chelsea,23,2003-02-25,Right,2028-04-03,2,342,42853,50,45,914.5,427.0,46.795,175.0,401.0,6.57,5,45,6,68.4,125.3,90.44,710.0,783.0,1271.0,94.0,756.0,72.12,246.0,10,966,96.6,173,8,"Ligament Damage, Concussion, Calf Injury, Knee Injury, ACL Injury, Back Injury, Achilles Injury, Meniscus Tear",2023-12-12,844.0,1.0,1,0,1,1,2.65,147,0,0.0,1099,0.161,0.585,0.254,3.96,10617,97.3,1,4.09,7688,4304,14461,45.39,56.94,5.26,1,Rising,0.1461988304093567,0.131578947368421,95,0.2777777777777778,840.2549019607843,931.5869565217392,-0.5,11.84,6.65,57.01754385964912,8.781818181818181,77.80998579332709,0,Emerging,25.446133509583603,0.0,0.0,0.1722,0.642915,40.39590877192983,26.897954385964912,87.07891522295715,22-25,47,0.1,0.8,0.3,0.2,3.325,0.4,0.6325000000000001,1,2,High,1.0,Very High,Likely (6 months)
PL0078,Enzo Fernández,Argentina,CM,Chelsea,23,2003-07-16,Right,2030-04-03,4,241,20266,67,41,914.5,427.0,46.795,452.0,534.0,6.53,5,12,0,48.2,84.1,84.98,790.0,783.0,1271.0,94.0,756.0,72.12,246.0,2,199,99.5,166,33,"Fracture, ACL Injury",2024-06-11,662.0,0.2,0,0,1,1,0.55,48,0,0.257,20194,0.281,0.439,0.28,5.67,386965,34.7,1,2.15,3593,2511,16658,65.97,85.0,16.99,1,Rising,0.2780082987551867,0.1701244813278008,108,0.4481327800829875,298.02941176470586,482.5238095238095,8.8,9.82,2.95,80.08298755186722,33.166666666666664,226.1786632644101,0,Emerging,28.84644535394877,0.089179,14.445401814054696,0.3208,8.865165999999999,44.74219751037344,58.13920147626877,66.80931388737262,22-25,9,1.0,0.8,0.6,0.2,1.475,0.5,0.8175000000000001,1,3,Very High,1.0,Very High,Very Likely (now)
PL0079,Gonçalo Ramos,Portugal,ST,PSG,23,2003-07-02,Left,2028-04-03,2,406,24618,63,132,1224.0,237.0,52.92,740.0,190.0,7.01,5,12,1,81.2,60.6,85.79,643.0,783.0,1271.0,94.0,756.0,72.12,246.0,5,599,119.8,169,83,"Muscle Injury, Calf Injury, Knee Injury, Hamstring Injury, Achilles Injury",2026-01-18,76.0,0.5,1,1,0,0,1.64,109,0,0.262,25710,0.333,0.518,0.149,12.71,186048,31.1,1,7.73,2201,2687,6838,99.58,135.17,94.93,3,Rising,0.1551724137931034,0.3251231527093596,195,0.4802955665024631,384.65625,185.09774436090223,7.8,13.12,2.64,73.15270935960591,19.966666666666665,170.70540615332698,0,Emerging,35.740108455513145,0.081482,33.81526816241759,0.3783999999999999,13.31778,46.05134187192118,88.46857317958697,45.78578432284866,22-25,59,0.1,0.8,0.9,0.2,1.32,0.7,0.552,1,2,High,0.314,Low,Likely (6 months)
PL0080,Randal Kolo Muani,France,ST,PSG,25,2001-01-13,Left,2029-04-03,3,410,18416,242,127,1250.0,508.0,40.49,554.0,559.0,6.54,7,50,7,58.6,44.9,85.79,643.0,783.0,1271.0,94.0,756.0,72.12,246.0,12,968,80.7,150,7,"Ligament Damage, Concussion, Hip Injury, Calf Injury, Ankle Injury, Knee Injury, Back Injury, Achilles Injury",2023-09-19,928.0,1.2,1,0,0,0,2.65,152,0,0.066,13192,0.24,0.569,0.191,11.84,175494,33.1,1,9.86,4224,2805,12177,89.58,116.62,215.76,6,Rising,0.5902439024390244,0.3097560975609756,369,0.9,75.78600823045268,143.875,-2.0,15.2,5.05,62.926829268292686,6.207692307692308,230.3443003095255,1,Prime,0.0,0.021846,7.41386641460678,0.2832,7.506247999999999,42.35176585365854,42.19668254873944,46.75619988259941,22-25,34,0.3,0.8,0.9,0.2,2.525,0.7,0.7425,1,3,Very High,1.0,Very High,Very Likely (now)
PL0081,Ousmane Dembélé,France,RW,PSG,27,1999-05-14,Both,2031-04-03,5,194,28188,106,114,1330.0,705.0,51.97,324.0,532.0,8.09,9,23,0,21.6,145.3,85.79,643.0,783.0,1271.0,94.0,756.0,72.12,246.0,10,977,97.7,158,12,"Ligament Damage, Concussion, Calf Injury, Hip Injury, ACL Injury, Achilles Injury, Meniscus Tear, Fracture",2026-03-28,7.0,1.0,0,0,1,1,2.68,211,1,0.415,27161,0.483,0.316,0.201,14.83,315630,47.3,0,4.42,6307,412,17641,141.03,188.63,210.91,5,Stable,0.5463917525773195,0.5876288659793815,220,1.134020618556701,263.4392523364486,245.1130434782609,7.7,12.88,9.68,0.0,8.881818181818183,604.4030786755297,1,Prime,0.0,0.1962949999999999,62.83431403774783,0.4919,0.0,35.91980000000001,100.0,25.290290783637264,26-29,23,0.6,0.8,0.9,0.2,4.84,0.7,1.0,1,3,Very High,1.0,Very High,Very Likely (now)
PL0082,Achraf Hakimi,Morocco,RB,PSG,26,2000-12-16,Right,2028-04-03,2,264,15067,2,13,914.5,427.0,46.795,425.0,459.0,6.59,8,21,3,33.0,57.1,88.14,615.0,630.0,1908.0,94.0,756.0,72.12,246.0,4,409,102.2,144,51,"Back Injury, Shoulder Injury, Meniscus Tear, Fracture",2024-09-29,552.0,0.4,0,0,0,1,1.12,78,0,0.0,13882,0.06,0.606,0.334,12.76,162435,72.3,1,2.16,7843,2617,7002,48.22,53.66,70.55,3,Stable,0.0075757575757575,0.0492424242424242,15,0.0568181818181818,5022.333333333333,1076.2142857142858,4.9,13.28,1.92,70.45454545454545,20.44,82.66132440965481,1,Prime,0.0,0.0,0.0,0.1184,8.412492,43.3437090909091,37.83185454545455,88.06117247238745,26-29,31,0.3,0.8,0.3,0.2,0.96,0.5,0.47600000000000003,0,1,Medium,0.0,Low,Possible (1 year)
PL0083,Serge Gnabry,Germany,RW,Bayern Munich,29,1997-05-07,Both,2027-04-04,1,358,42043,167,25,507.0,465.0,52.67,244.0,263.0,6.49,10,48,1,35.8,117.4,85.79,643.0,783.0,1271.0,94.0,756.0,72.12,246.0,14,1205,86.1,171,12,"Ligament Damage, Calf Injury, Knee Injury, Back Injury, Achilles Injury, Meniscus Tear",2026-01-23,71.0,1.4,1,0,0,1,3.3,223,0,0.0,23239,0.078,0.554,0.368,4.46,245665,75.0,1,2.23,2203,830,1329,55.59,73.39,79.71,5,Stable,0.4664804469273743,0.0698324022346368,192,0.5363128491620112,250.2559523809524,1617.0384615384614,4.2,17.16,6.1,37.70949720670392,5.739999999999999,47.64768792962165,0,Experienced,0.0,0.0,0.0,0.1349,12.874406,37.20369944134079,26.401849720670395,65.74253302940588,26-29,49,0.1,0.5,0.3,0.2,3.05,0.7,0.575,1,2,High,1.0,Very High,Likely (6 months)
PL0084,Kingsley Coman,France,LW,Bayern Munich,28,1998-12-18,Both,2027-04-04,1,305,26091,206,103,1177.0,476.0,48.97,341.0,621.0,6.62,10,50,2,30.5,85.5,85.79,643.0,783.0,1271.0,94.0,756.0,72.12,246.0,6,652,108.7,158,23,"Groin Strain, Back Injury, Fracture, Concussion",2024-03-30,735.0,0.6,0,0,0,1,1.79,158,0,0.147,29530,0.291,0.465,0.244,14.41,245040,63.6,1,2.1,6451,718,9288,90.4,116.72,218.67,4,Stable,0.6754098360655738,0.3377049180327869,309,1.0131147540983607,126.04347826086956,250.875,3.0,16.1,2.99,48.19672131147541,15.528571428571428,77.4842775470012,1,Prime,0.0,0.0934919999999999,21.803767947827737,0.2741,13.73145,39.88754426229509,66.66942405288914,43.6406392366467,26-29,39,0.1,0.8,0.9,0.2,1.495,0.7,0.5695000000000001,1,2,High,0.999,Very High,Likely (6 months)
PL0086,Jeremie Frimpong,Netherlands,RB,Bayer Leverkusen,23,2003-06-02,Both,2027-04-04,1,449,27042,30,47,914.5,427.0,46.795,425.0,459.0,6.92,5,72,4,89.8,60.2,81.37,650.0,834.0,1580.0,94.0,756.0,72.12,246.0,5,444,88.8,128,61,"Calf Injury, Knee Injury, Hamstring Injury, Achilles Injury, Fracture",2024-12-14,476.0,0.5,1,1,0,1,1.22,108,0,0.399,4062,0.437,0.39,0.173,14.11,41789,46.1,0,3.44,3454,1799,2465,36.42,47.13,70.58,6,Rising,0.066815144766147,0.1046770601336302,77,0.1714922048997773,872.3225806451613,563.375,-1.1999999999999993,13.98,2.22,75.94654788418708,14.8,31.21656402944451,0,Emerging,29.40691927512356,0.183939,46.78256685995235,0.4471,0.0,46.55950957683741,100.0,124.42413034964568,22-25,15,0.6,0.8,0.1,0.2,1.11,0.5,0.5660000000000001,1,2,High,0.998,Very High,Likely (6 months)
PL0087,Granit Xhaka,Switzerland,CDM,Bayer Leverkusen,32,1994-08-17,Right,2031-04-03,5,344,41517,71,48,914.5,427.0,46.795,285.0,294.0,7.03,10,41,3,34.4,120.7,89.96,284.0,783.0,1271.0,94.0,756.0,72.12,246.0,5,468,93.6,166,10,"Groin Strain, Back Injury, Achilles Injury, Concussion",2023-11-28,858.0,0.5,0,0,0,0,1.28,67,0,0.296,14220,0.226,0.371,0.403,13.07,119472,81.9,0,8.98,9613,3743,5594,25.53,30.33,31.65,3,Declining,0.2063953488372093,0.1395348837209302,119,0.3459302325581395,576.625,847.2857142857143,2.9000000000000004,16.88,2.28,80.52325581395348,15.6,109.41225695657856,0,Experienced,0.0,0.242424,36.99453837629114,0.4018,0.0,48.4042511627907,95.13393314583206,182.4510032521323,30-33,41,0.1,0.7,0.1,0.2,1.14,0.4,0.364,0,1,Medium,0.0,Low,Possible (1 year)
PL0088,Victor Bonifong,Nigeria,ST,Bayer Leverkusen,23,2003-01-17,Right,2027-04-04,1,209,17762,156,32,835.0,213.0,48.41,679.0,544.0,6.74,5,23,5,41.8,85.0,85.79,643.0,783.0,1271.0,94.0,756.0,72.12,246.0,4,334,83.5,146,39,"Ankle Injury, Muscle Injury, Meniscus Tear, Calf Injury",2026-01-14,80.0,0.4,0,0,0,1,0.92,63,0,0.234,43843,0.182,0.496,0.322,11.7,739953,30.3,1,3.65,9926,4962,16463,72.99,100.95,52.5,1,Rising,0.7464114832535885,0.1531100478468899,188,0.8995215311004785,113.13375796178345,538.2424242424242,2.7,9.18,1.7200000000000002,69.85645933014354,16.7,62.56169710349133,0,Emerging,38.30661734484177,0.070902,29.262682788891247,0.2855,21.746128,43.33829186602871,82.12317011635123,58.5731745722783,22-25,19,0.6,0.8,0.9,0.2,0.8600000000000001,0.7,0.6809999999999999,1,2,High,1.0,Very High,Likely (6 months)
PL0089,Dušan Vlahović,Serbia,ST,Juventus,24,2002-02-20,Both,2027-04-04,1,276,41973,181,122,1480.0,726.0,52.17,519.0,614.0,7.58,6,74,1,46.0,152.1,85.79,643.0,783.0,1271.0,94.0,756.0,72.12,246.0,3,290,96.7,174,50,"Shoulder Injury, Knee Injury, Hip Injury",2026-01-23,71.0,0.3,1,0,0,0,0.79,63,0,0.341,48722,0.401,0.437,0.162,10.15,779792,52.3,1,1.83,7901,4242,13420,105.19,130.06,134.36,4,Rising,0.6557971014492754,0.4420289855072464,303,1.0978260869565215,230.62087912087912,341.2439024390244,1.5999999999999996,11.52,1.39,77.17391304347827,24.175,90.16118534479044,0,Prime,23.64293183762716,0.178343,37.35932940232416,0.3876,21.291514,48.833982608695656,97.67598540783406,45.9873647317974,22-25,36,0.3,0.8,0.9,0.2,0.695,0.7,0.5595,1,2,High,0.993,Very High,Likely (6 months)
PL0090,Federico Valverde,Uruguay,CM,Real Madrid,26,2000-04-13,Both,2027-04-04,1,246,23369,56,69,914.5,427.0,46.795,594.0,663.0,7.67,8,34,1,30.8,95.0,88.07,407.0,783.0,1271.0,94.0,756.0,72.12,246.0,9,516,57.3,133,8,"Shoulder Injury, Calf Injury, Ankle Injury, Knee Injury, ACL Injury, Groin Strain, Achilles Injury",2024-09-27,554.0,0.9,1,0,1,1,1.41,96,0,0.239,75696,0.329,0.4,0.271,6.76,1049256,49.9,1,3.3,7576,3630,7395,104.86,135.29,305.55,6,Stable,0.2276422764227642,0.2804878048780488,125,0.508130081300813,409.9824561403509,333.8428571428572,5.6,12.92,5.21,60.97560975609756,5.73,89.87833344666532,1,Prime,0.0,0.119261,18.15089757679944,0.3473,30.2784,46.15372195121952,59.88320734080892,43.59883048480967,26-29,53,0.1,0.8,0.9,0.2,2.605,0.5,0.6605000000000001,1,2,High,1.0,Very High,Likely (6 months)
PL0091,Dani Carvajal,Spain,RB,Real Madrid,32,1994-04-19,Right,2031-04-03,5,292,27363,12,48,914.5,427.0,46.795,425.0,459.0,6.49,10,23,1,29.2,93.7,87.08,1029.0,1190.0,1682.0,94.0,756.0,72.12,246.0,12,1200,100.0,171,22,"Shoulder Injury, Calf Injury, Ankle Injury, ACL Injury, Hamstring Injury, Back Injury, Meniscus Tear, Fracture",2024-01-27,798.0,1.2,0,1,1,1,3.29,236,0,0.128,24391,0.207,0.443,0.351,13.96,200391,16.0,1,2.68,9964,2683,8852,12.98,14.98,31.43,4,Declining,0.0410958904109589,0.1643835616438356,60,0.2054794520547945,2104.846153846154,558.4285714285714,6.7,15.84,7.689999999999999,19.178082191780817,7.6923076923076925,55.62753996460595,0,Experienced,0.0,0.02048,18.05108050199124,0.2515,10.805213,33.46661643835617,48.429928972164944,239.38924490955773,30-33,20,0.6,0.7,0.1,0.2,3.8449999999999993,0.5,0.8195,1,3,Very High,1.0,Very High,Very Likely (now)
PL0092,Éder Militão,Brazil,CB,Real Madrid,26,2000-10-03,Both,2030-04-03,4,273,14043,31,16,914.5,427.0,46.795,425.0,459.0,6.89,8,43,1,34.1,51.4,87.27,946.0,329.0,1475.0,94.0,756.0,72.12,246.0,15,1208,80.5,172,10,"Ligament Damage, Shoulder Injury, Concussion, Calf Injury, Ankle Injury, Knee Injury, Hamstring Injury, Groin Strain, Back Injury, Achilles Injury",2023-11-03,883.0,1.5,1,1,0,0,3.31,197,0,0.245,32193,0.23,0.408,0.362,3.53,311723,94.2,1,7.64,8707,1838,13187,49.37,61.55,11.58,1,Stable,0.1135531135531135,0.0586080586080586,47,0.1721611721611721,438.84375,826.0588235294117,4.7,13.46,6.3100000000000005,27.83882783882784,5.03125,169.2654328537809,1,Prime,0.0,0.23079,8.976741172325926,0.3618,13.134744,36.54336556776556,39.11679454237167,72.54986215557983,26-29,13,0.6,0.8,0.3,0.2,3.1550000000000002,0.4,0.7905000000000001,1,3,Very High,1.0,Very High,Very Likely (now)
PL0094,Kai Havertz,Germany,ST,Arsenal,25,2001-10-19,Left,2031-04-03,5,451,18054,120,80,834.0,354.0,42.94,641.0,670.0,7.0,7,66,4,64.4,40.0,85.79,643.0,783.0,1271.0,94.0,756.0,72.12,246.0,13,1034,79.5,174,10,"Muscle Injury, Shoulder Injury, Ligament Damage, Hip Injury, ACL Injury, Hamstring Injury, Groin Strain, Meniscus Tear",2025-07-01,277.0,1.3,0,1,1,1,2.83,155,0,0.272,24277,0.335,0.438,0.226,2.08,127939,40.3,1,4.7,5887,3344,610,83.3,107.02,183.05,5,Rising,0.2660753880266075,0.1773835920177383,200,0.4434589800443459,149.20661157024793,222.88888888888889,-0.5999999999999996,16.02,7.43,65.63192904656319,5.678571428571429,356.9933805124557,1,Prime,0.0,0.109616,5.712663083904416,0.3687,10.633326,45.06778580931264,36.24288753051295,53.46119313085722,22-25,19,0.6,0.8,0.9,0.2,3.715,0.7,0.9665,1,3,Very High,1.0,Very High,Very Likely (now)
PL0095,Gabriel Jesus,Brazil,ST,Arsenal,27,1999-05-07,Right,2029-04-03,3,359,18505,42,108,1183.0,632.0,38.88,393.0,562.0,6.72,9,45,8,39.9,51.5,85.79,643.0,783.0,1271.0,94.0,756.0,72.12,246.0,11,1100,100.0,161,9,"Muscle Injury, Shoulder Injury, Ankle Injury, Knee Injury, Hamstring Injury, Groin Strain, Meniscus Tear, Fracture",2026-02-10,53.0,1.1,1,1,0,1,3.01,259,0,0.0,30228,0.143,0.524,0.332,14.9,537680,12.0,1,9.7,8927,1090,4162,69.25,95.37,39.58,3,Stable,0.116991643454039,0.3008356545961003,150,0.4178272980501393,430.3488372093023,169.77064220183487,-2.5,16.18,5.21,27.855153203342624,8.333333333333334,178.0681267742201,1,Prime,0.0,0.0,0.0,0.2351,15.839472,36.15723064066852,27.658615320334263,51.46936746002637,26-29,28,0.3,0.8,0.6,0.2,2.605,0.7,0.7054999999999999,1,3,Very High,1.0,Very High,Very Likely (now)
PL0096,Gabriel Martinelli,Brazil,LW,Arsenal,23,2003-05-13,Both,2028-04-03,2,422,32294,140,38,502.0,454.0,54.18,424.0,267.0,6.5,5,14,4,84.4,76.5,85.79,643.0,783.0,1271.0,94.0,756.0,72.12,246.0,9,796,88.4,174,15,"Ligament Damage, Shoulder Injury, Ankle Injury, Knee Injury, Hamstring Injury, Groin Strain, Back Injury, Achilles Injury",2023-05-27,1043.0,0.9,1,1,0,0,2.18,173,0,0.157,25717,0.211,0.551,0.238,8.98,314041,79.0,1,7.86,2289,3545,8766,57.34,69.91,159.59,6,Rising,0.3317535545023696,0.0900473933649289,178,0.4218009478672986,229.03546099290784,828.0512820512821,4.6,13.44,3.98,59.00473933649289,8.84,98.29532023329752,0,Emerging,21.921869550052307,0.12403,14.317052752412764,0.2945,14.170067,41.077947867298576,54.05455306226843,70.41129219626085,22-25,45,0.1,0.8,0.6,0.2,1.99,0.7,0.574,1,2,High,0.986,Very High,Likely (6 months)
PL0097,Ben White,England,RB,Arsenal,27,1999-11-10,Left,2030-04-03,4,272,15657,8,22,914.5,427.0,46.795,425.0,459.0,6.81,9,22,3,30.2,57.6,88.02,863.0,935.0,1932.0,94.0,756.0,72.12,246.0,3,413,137.7,174,106,"Ankle Injury, Knee Injury",2026-02-12,51.0,0.3,1,0,0,0,1.13,75,0,0.286,4427,0.24,0.359,0.402,5.89,73880,64.4,0,9.98,7159,4718,5642,33.7,43.48,46.25,4,Stable,0.0294117647058823,0.0808823529411764,30,0.1102941176470588,1739.6666666666667,680.7391304347826,4.8,14.44,1.73,72.42647058823529,34.425,115.5407147492894,1,Prime,0.0,0.184184,14.142898026585904,0.4144,0.0,45.44209411764706,60.47539409870238,130.9570435667062,26-29,26,0.3,0.8,0.1,0.2,0.865,0.5,0.43650000000000005,0,1,Medium,0.0,Low,Possible (1 year)
PL0098,Lisandro Martínez,Argentina,CB,Manchester United,26,2000-02-01,Both,2030-04-03,4,287,29725,15,15,914.5,427.0,46.795,425.0,459.0,7.08,8,10,1,35.9,103.6,82.03,816.0,655.0,1804.0,94.0,756.0,72.12,246.0,7,593,84.7,152,35,"Knee Injury, Hamstring Injury, Back Injury, Achilles Injury, Meniscus Tear, Fracture",2024-10-26,525.0,0.7,1,1,0,1,1.62,123,0,0.335,1541,0.315,0.478,0.208,2.42,14019,35.2,1,3.08,3077,1707,8469,52.68,70.47,42.2,2,Stable,0.0522648083623693,0.0522648083623693,30,0.1045296167247386,1857.8125,1857.8125,8.0,13.74,3.02,57.142857142857146,10.5875,180.6137938573461,1,Prime,0.0,0.11792,5.951215383727739,0.3637,0.736598,43.22397142857143,44.49880878987732,80.52155631253993,26-29,21,0.6,0.8,0.3,0.2,1.51,0.4,0.6260000000000001,1,2,High,0.999,Very High,Likely (6 months)
PL0099,Rasmus Højlund,Denmark,ST,Manchester United,21,2005-10-04,Both,2027-04-04,1,264,31790,209,104,1376.0,512.0,52.05,444.0,324.0,6.97,3,18,2,88.0,120.4,85.79,643.0,783.0,1271.0,94.0,756.0,72.12,246.0,3,175,58.3,111,20,"Groin Strain, Achilles Injury, Meniscus Tear",2024-07-26,617.0,0.3,0,0,0,1,0.48,34,0,0.304,15764,0.281,0.47,0.25,5.6,286498,56.2,1,2.01,8633,2583,14388,79.68,105.57,132.12,4,Rising,0.7916666666666666,0.3939393939393939,313,1.1856060606060606,151.38095238095238,302.7619047619048,6.2,8.280000000000001,1.08,87.12121212121212,14.575,68.29587649275504,0,Emerging,32.492469879518055,0.170848,16.45462818653732,0.332,7.40908,47.624242424242425,66.3340634919272,59.02856026802481,18-21,50,0.1,0.5,0.9,0.2,0.54,0.7,0.41400000000000003,0,1,Medium,0.0,Low,Possible (1 year)
PL0100,Amadou Onana,Belgium,CDM,Aston Villa,23,2003-04-17,Right,2029-04-03,3,275,27084,68,38,914.5,427.0,46.795,491.0,213.0,6.53,5,43,1,55.0,98.5,86.17,542.0,783.0,1271.0,94.0,756.0,72.12,246.0,15,1068,71.2,172,10,"Shoulder Injury, Concussion, Hip Injury, Calf Injury, Ankle Injury, ACL Injury, Hamstring Injury, Achilles Injury, Meniscus Tear, Fracture",2023-08-07,971.0,1.5,0,1,1,1,2.93,265,0,0.073,4434,0.087,0.468,0.445,7.05,37802,55.7,1,1.8,410,2564,18520,26.46,36.81,61.9,5,Rising,0.2472727272727272,0.1381818181818181,106,0.3854545454545454,392.5217391304348,694.4615384615385,4.7,10.5,7.93,3.63636363636364,4.45,68.03873840355038,0,Emerging,39.1156462585034,0.0406609999999999,4.321661641779834,0.1797,2.0751120000000003,29.30667272727273,25.27582882630612,106.72495530689268,22-25,23,0.6,0.8,0.1,0.2,3.965,0.4,0.8415000000000001,1,3,Very High,1.0,Very High,Very Likely (now)
PL0101,Niclas Füllkrug,Germany,ST,West Ham,31,1995-06-03,Left,2028-04-03,2,257,37556,224,134,419.0,560.0,54.39,797.0,151.0,7.28,10,41,7,25.7,146.1,85.79,643.0,783.0,1271.0,94.0,756.0,72.12,246.0,10,1120,112.0,179,12,"Muscle Injury, Ligament Damage, Concussion, Hip Injury, Ankle Injury, Knee Injury, Groin Strain, Fracture",2024-07-29,614.0,1.0,1,0,0,1,3.07,252,0,0.404,25500,0.333,0.44,0.226,3.23,391156,72.7,1,6.21,6021,4575,12398,47.01,63.06,109.89,6,Declining,0.8715953307392996,0.5214007782101168,358,1.3929961089494165,166.91555555555556,278.1925925925926,-1.0999999999999996,15.14,5.07,1.945525291828801,10.181818181818182,80.5870771567373,0,Experienced,0.0,0.293708,13.240335476777677,0.4356,11.22,33.40830505836576,46.424655744349394,69.5861384260899,30-33,52,0.1,0.7,0.3,0.2,2.535,0.7,0.5635,1,2,High,0.068,Low,Likely (6 months)
PL0102,Lucas Paquetá,Brazil,CAM,West Ham,27,1999-05-06,Both,2030-04-03,4,236,17680,12,92,914.5,427.0,46.795,577.0,497.0,6.75,9,28,1,26.2,74.9,82.97,715.0,783.0,1271.0,94.0,756.0,72.12,246.0,10,935,93.5,180,13,"Ligament Damage, Shoulder Injury, Muscle Injury, Concussion, Hip Injury, Ankle Injury, Knee Injury, Hamstring Injury",2025-09-30,186.0,1.0,1,1,0,0,2.56,154,0,0.217,6971,0.276,0.467,0.257,11.81,131200,20.9,1,8.68,3269,3276,11224,62.86,69.62,45.96,2,Stable,0.0508474576271186,0.3898305084745763,104,0.4406779661016949,1360.0,190.1075268817204,6.2,13.72,4.5600000000000005,34.7457627118644,8.5,215.5160038320573,1,Prime,0.0,0.045353,22.679636512014568,0.363,3.2554570000000003,37.41915254237288,63.60903103920829,58.59560373061835,26-29,58,0.1,0.8,0.6,0.2,2.2800000000000002,0.6,0.5930000000000002,1,2,High,0.998,Very High,Likely (6 months)
PL0103,Mohammed Kudus,Ghana,RW,West Ham,24,2002-12-10,Both,2031-04-03,5,221,25281,235,119,1087.0,663.0,44.81,559.0,413.0,7.59,6,42,5,36.8,114.4,85.79,643.0,783.0,1271.0,94.0,756.0,72.12,246.0,14,1767,126.2,179,72,"Ligament Damage, Hip Injury, Calf Injury, Ankle Injury, Hamstring Injury, Groin Strain, Back Injury, Fracture",2023-05-24,1046.0,1.4,0,1,0,1,4.84,311,0,0.428,16431,0.392,0.364,0.244,8.19,172387,21.0,0,8.09,7065,639,7036,65.97,87.42,168.4,6,Rising,1.0633484162895928,0.5384615384615384,354,1.6018099547511313,107.1228813559322,210.675,0.8000000000000007,10.42,7.64,0.0,8.413333333333334,282.72332908051266,0,Prime,32.51477944520237,0.08988,34.026091927748325,0.4969,0.0,33.4378,72.47803789162249,49.9295206809019,22-25,29,0.3,0.8,0.6,0.2,3.82,0.7,0.827,1,3,Very High,1.0,Very High,Very Likely (now)
PL0104,James Maddison,England,CAM,Tottenham,28,1998-09-01,Left,2031-04-03,5,414,16644,55,58,914.5,427.0,46.795,415.0,541.0,6.67,10,76,0,41.4,40.2,90.07,695.0,783.0,1271.0,94.0,756.0,72.12,246.0,9,920,102.2,175,15,"Ligament Damage, Shoulder Injury, Calf Injury, Ankle Injury, Knee Injury, Hamstring Injury, Achilles Injury",2023-12-30,826.0,0.9,1,1,0,0,2.52,204,0,0.301,7137,0.262,0.439,0.299,9.6,59243,81.4,1,6.0,9073,4509,9957,62.61,77.36,17.3,2,Stable,0.1328502415458937,0.1400966183574879,113,0.2729468599033816,297.2142857142857,282.10169491525426,2.4000000000000004,18.28,4.32,50.724637681159415,10.22,268.32359608505226,1,Prime,0.0,0.245014,25.639963767543183,0.3712,3.133143,41.22332753623189,70.43160941943071,64.8063630501995,26-29,31,0.3,0.8,0.6,0.2,2.16,0.6,0.651,1,2,High,1.0,Very High,Likely (6 months)
PL0105,Dejan Kulusevski,Sweden,RW,Tottenham,24,2002-11-04,Left,2028-04-03,2,245,28745,249,53,690.0,565.0,44.96,450.0,591.0,7.05,6,21,3,40.8,117.3,85.79,643.0,783.0,1271.0,94.0,756.0,72.12,246.0,13,1322,101.7,167,39,"Ligament Damage, Shoulder Injury, Muscle Injury, Calf Injury, Ankle Injury, Knee Injury, Hamstring Injury, Groin Strain, Back Injury, Fracture",2023-11-02,884.0,1.3,1,1,0,1,3.62,235,0,0.134,50408,0.132,0.524,0.344,2.17,865564,85.0,1,2.03,551,321,3279,54.76,69.0,94.54,5,Rising,1.0163265306122449,0.2163265306122449,302,1.2326530612244897,114.98,532.3148148148148,4.9,10.9,6.220000000000001,4.081632653061234,7.264285714285714,93.87254509897755,0,Prime,26.00438276113952,0.1139,3.148544034275801,0.2087,26.413792,31.61372653061225,28.089679316719828,56.696066231370615,22-25,30,0.3,0.8,0.3,0.2,3.1100000000000003,0.7,0.711,1,3,Very High,1.0,Very High,Very Likely (now)
PL0106,Cristian Romero,Argentina,CB,Tottenham,26,2000-02-04,Right,2031-04-03,5,343,34430,8,22,914.5,427.0,46.795,425.0,459.0,7.48,8,54,5,42.9,100.4,80.45,1320.0,1197.0,1579.0,94.0,756.0,72.12,246.0,4,131,32.8,50,9,"Groin Strain, Fracture, ACL Injury",2025-06-05,303.0,0.4,0,0,1,1,0.36,31,0,0.2,4626,0.207,0.479,0.314,2.0,42771,74.9,1,4.71,4214,4141,5321,63.56,79.89,108.85,5,Stable,0.0233236151603498,0.0641399416909621,30,0.0874635568513119,3825.555555555556,1496.9565217391305,-0.4000000000000003,14.86,3.16,90.96209912536445,6.56,272.3949491641259,1,Prime,0.0,0.1498,3.3758655955628,0.2934,2.215854,51.67121982507288,44.57940830588064,80.03596627179815,26-29,50,0.1,0.8,0.6,0.2,1.58,0.4,0.5030000000000001,0,1,Medium,0.0,Low,Possible (1 year)
PL0107,Guglielmo Vicario,Italy,GK,Tottenham,28,1998-05-10,Right,2031-04-03,5,250,32805,1,2,914.5,427.0,46.795,425.0,459.0,7.11,10,25,6,25.0,131.2,85.79,643.0,783.0,1271.0,79.0,595.0,65.7,366.0,2,189,94.5,98,91,"Hip Injury, Hamstring Injury",2025-02-02,426.0,0.2,0,1,0,0,0.52,33,0,0.381,7143,0.387,0.323,0.29,13.23,91920,39.4,0,8.2,6399,2098,15282,31.73,41.91,13.25,1,Stable,0.004,0.008,3,0.012,16402.5,10935.0,1.5,15.0,0.92,86.8,31.5,135.98319284105906,1,Prime,0.0,0.150114,44.73069237540114,0.4859,0.0,49.771800000000006,100.0,152.0678276810266,26-29,46,0.1,0.8,0.1,0.2,0.46,0.3,0.30600000000000005,0,0,Low,0.0,Low,Unlikely
PL0108,Dominik Szoboszlai,Hungary,CM,Liverpool,24,2002-12-11,Both,2028-04-03,2,412,34768,54,56,914.5,427.0,46.795,154.0,312.0,7.2,6,29,8,68.7,84.4,86.49,350.0,783.0,1271.0,94.0,756.0,72.12,246.0,2,34,17.0,22,12,"Back Injury, Hamstring Injury",2023-05-08,1062.0,0.2,0,1,0,0,0.09,7,0,0.382,5130,0.393,0.429,0.178,9.84,99192,34.3,1,9.15,3772,4394,1076,113.08,124.71,279.96,5,Rising,0.1310679611650485,0.1359223300970873,110,0.2669902912621359,632.1454545454545,609.9649122807018,-0.9000000000000004,14.24,0.49,98.3009708737864,5.666666666666667,193.84783418174547,0,Prime,10.284754156349484,0.1310259999999999,32.11232177698873,0.4764,2.20077,52.260994174757286,93.31897975286172,45.81082939582511,22-25,34,0.3,0.8,0.9,0.2,0.245,0.5,0.49450000000000005,0,1,Medium,0.001,Low,Possible (1 year)
PL0109,Alexis Mac Allister,Argentina,CM,Liverpool,25,2001-11-28,Both,2029-04-03,3,328,36640,81,105,914.5,427.0,46.795,305.0,366.0,7.7,7,11,7,46.9,111.7,86.33,266.0,783.0,1271.0,94.0,756.0,72.12,246.0,5,540,108.0,158,68,"Back Injury, Shoulder Injury, Knee Injury, Hamstring Injury",2023-05-03,1067.0,0.5,1,1,0,0,1.48,113,0,0.378,64232,0.34,0.411,0.248,7.03,496038,3.7,1,7.08,2036,419,6138,109.35,121.53,266.68,6,Rising,0.2469512195121951,0.3201219512195122,186,0.5670731707317073,446.8292682926829,345.66037735849056,1.9000000000000004,13.56,2.48,65.54878048780489,18.0,281.1805005452847,1,Prime,0.0,0.013986,29.417477596456408,0.4417999999999999,26.399352,47.50535609756098,82.9188944434651,43.049711008211126,22-25,20,0.6,0.8,0.9,0.2,1.24,0.5,0.6990000000000001,1,2,High,1.0,Very High,Likely (6 months)
PL0110,Ibrahima Konaté,France,CB,Liverpool,25,2001-08-09,Right,2027-04-04,1,170,20621,20,57,914.5,427.0,46.795,425.0,459.0,6.86,7,10,0,24.3,121.3,82.28,652.0,354.0,1500.0,94.0,756.0,72.12,246.0,14,1111,79.4,167,7,"Shoulder Injury, Concussion, Hip Injury, Ankle Injury, ACL Injury, Groin Strain, Back Injury, Achilles Injury, Meniscus Tear, Fracture",2023-09-06,941.0,1.4,0,0,1,1,3.04,252,0,0.32,14183,0.285,0.441,0.274,2.74,179184,38.7,1,6.09,2692,2236,12097,44.97,55.77,66.6,3,Rising,0.1176470588235294,0.3352941176470588,77,0.4529411764705882,981.952380952381,355.5344827586207,9.0,10.4,7.84,0.0,5.293333333333334,38.54499957177703,1,Prime,0.0,0.12384,8.382093882510746,0.3862,6.254703,30.292400000000004,32.03934082376612,65.8960191429193,22-25,50,0.1,0.8,0.3,0.2,3.92,0.4,0.6920000000000002,1,2,High,1.0,Very High,Likely (6 months)
PL0111,Julián Araújo,Mexico,RB,Barcelona,23,2003-11-14,Right,2029-04-03,3,278,18012,24,23,914.5,427.0,46.795,425.0,459.0,6.41,5,44,2,55.6,64.8,80.17,1428.0,981.0,1648.0,94.0,756.0,72.12,246.0,13,1257,96.7,165,9,"Ligament Damage, Shoulder Injury, Concussion, Hip Injury, Calf Injury, Hamstring Injury, Groin Strain, Back Injury, Achilles Injury",2025-01-11,448.0,1.3,0,1,0,0,3.44,242,0,0.151,13545,0.274,0.522,0.204,6.7,206295,61.8,1,2.41,8110,3874,433,26.67,31.08,55.39,4,Rising,0.0863309352517985,0.0827338129496402,47,0.1690647482014388,720.48,750.5,3.6,10.56,6.04,12.949640287769782,6.9071428571428575,68.57872839088016,0,Emerging,16.53543307086613,0.093318,9.625158584758214,0.2623,7.07049,30.86652805755396,37.7910019059143,111.55232402440896,22-25,6,1.0,0.8,0.1,0.2,3.02,0.5,0.8970000000000001,1,3,Very High,1.0,Very High,Very Likely (now)
PL0112,João Félix,Portugal,CAM,Barcelona,25,2001-01-11,Both,2028-04-03,2,280,30357,84,30,914.5,427.0,46.795,262.0,497.0,6.87,7,59,6,40.0,108.4,80.42,563.0,783.0,1271.0,94.0,756.0,72.12,246.0,8,485,60.6,140,28,"Muscle Injury, Shoulder Injury, Concussion, Knee Injury, ACL Injury, Back Injury",2024-10-21,530.0,0.8,1,0,1,1,1.33,90,0,0.065,48732,0.181,0.482,0.337,14.55,737749,20.6,1,8.28,6878,87,19409,84.79,98.1,94.99,2,Rising,0.3,0.1071428571428571,114,0.4071428571428571,357.1411764705882,979.258064516129,-1.9000000000000004,12.6,4.93,67.85714285714286,6.733333333333333,145.3515905577485,1,Prime,0.0,0.01339,10.208531138062924,0.2667,23.488824,44.10482857142858,47.50521099280867,51.4102209714752,22-25,30,0.3,0.8,0.9,0.2,2.465,0.6,0.7265000000000001,1,3,Very High,1.0,Very High,Very Likely (now)
PL0113,Fermín López,Spain,CM,Barcelona,21,2005-05-06,Both,2030-04-03,4,384,19415,43,58,914.5,427.0,46.795,238.0,518.0,7.71,3,27,3,128.0,50.6,87.33,530.0,783.0,1271.0,94.0,756.0,72.12,246.0,8,635,79.4,169,11,"Muscle Injury, Concussion, Knee Injury, Hamstring Injury, Groin Strain, Achilles Injury, Meniscus Tear",2024-12-01,489.0,0.8,1,1,0,1,1.74,125,0,0.397,27741,0.388,0.382,0.23,10.33,367691,75.4,0,1.31,8681,2860,15741,61.51,81.4,18.51,1,Rising,0.1119791666666666,0.1510416666666666,101,0.2630208333333333,441.25,329.06779661016947,4.3,10.68,3.34,67.44791666666667,8.822222222222223,210.8875182263736,0,Emerging,32.33620549504147,0.299338,41.95621444604249,0.4119,0.0,47.28938333333333,99.8990133357304,75.65090918786328,18-21,12,1.0,0.5,0.6,0.2,1.67,0.5,0.777,1,3,Very High,1.0,Very High,Likely (6 months)
PL0114,Jules Koundé,France,RB,Barcelona,26,2000-12-14,Right,2031-04-03,5,278,17946,28,40,914.5,427.0,46.795,425.0,459.0,7.04,8,69,8,34.8,64.6,79.2,808.0,608.0,1124.0,94.0,756.0,72.12,246.0,8,914,114.2,162,14,"Ligament Damage, Shoulder Injury, Calf Injury, Hip Injury, ACL Injury, Achilles Injury",2023-11-02,884.0,0.8,0,0,1,1,2.5,186,0,0.14,13916,0.295,0.502,0.203,12.79,261711,59.1,1,8.46,3287,3414,9172,37.17,43.44,79.95,6,Stable,0.1007194244604316,0.1438848920863309,68,0.2446043165467626,618.8275862068965,437.7073170731707,-4.9,13.56,6.1,33.093525179856115,12.68888888888889,159.29704626228067,1,Prime,0.0,0.08274,17.083875364057587,0.3287,6.985832,38.14810503597123,52.499865564072,99.94263829177686,26-29,14,0.6,0.8,0.1,0.2,3.05,0.5,0.76,1,3,Very High,1.0,Very High,Very Likely (now)
PL0115,Ronald Araújo,Uruguay,CB,Barcelona,25,2001-02-03,Both,2028-04-03,2,243,25819,29,11,914.5,427.0,46.795,425.0,459.0,6.95,7,55,7,34.7,106.3,87.72,683.0,839.0,1405.0,94.0,756.0,72.12,246.0,4,219,54.8,147,20,"Ankle Injury, Concussion, Calf Injury, Hip Injury",2026-03-03,32.0,0.4,0,0,0,0,0.6,35,0,0.146,13604,0.179,0.449,0.372,7.14,168579,42.4,1,8.22,5845,4920,13101,58.83,74.96,178.92,6,Rising,0.1193415637860082,0.0452674897119341,40,0.1646090534979424,860.6333333333333,2151.583333333333,-2.5,11.86,1.4,85.59670781893004,10.96,100.84955858606372,1,Prime,0.0,0.0619039999999999,9.92214474733501,0.3045,6.108196,47.90034156378601,56.03338790289551,80.06074137353502,22-25,29,0.3,0.8,0.6,0.2,0.7,0.4,0.485,0,1,Medium,0.002,Low,Possible (1 year)
PL0116,Sergi Roberto,Spain,CM,Barcelona,32,1994-01-27,Both,2029-04-03,3,361,30213,69,73,914.5,427.0,46.795,386.0,620.0,6.54,10,63,1,36.1,83.7,80.36,772.0,783.0,1271.0,94.0,756.0,72.12,246.0,22,1899,86.3,174,7,"Muscle Injury, Ligament Damage, Shoulder Injury, Concussion, Hip Injury, Calf Injury, Ankle Injury, Knee Injury, Hamstring Injury, Groin Strain, Meniscus Tear, Fracture",2025-09-23,193.0,2.2,1,1,0,1,5.2,468,0,0.258,53393,0.248,0.437,0.315,11.64,575318,25.9,1,6.25,4443,3675,2765,18.13,22.53,19.97,2,Declining,0.1911357340720221,0.2022160664819944,142,0.3933518005540166,431.6142857142857,408.2837837837838,2.7,17.22,9.6,0.0,3.752173913043478,46.61913557280304,0,Experienced,0.0,0.0668219999999999,32.6903235926711,0.3527,23.332741,30.309400000000004,64.99018538900664,158.43910088865658,30-33,6,1.0,0.7,0.1,0.2,4.8,0.5,1.0,1,3,Very High,1.0,Very High,Very Likely (now)
PL0117,Marcus Thuram,France,ST,Inter Milan,27,1999-09-05,Right,2030-04-03,4,241,35459,107,125,896.0,724.0,42.46,835.0,450.0,6.5,9,60,2,26.8,147.1,85.79,643.0,783.0,1271.0,94.0,756.0,72.12,246.0,10,855,85.5,167,24,"Muscle Injury, Shoulder Injury, Concussion, Calf Injury, Hip Injury, Hamstring Injury, Achilles Injury, Meniscus Tear",2024-01-11,814.0,1.0,0,1,0,1,2.34,136,0,0.065,60456,0.093,0.596,0.311,13.79,1085367,64.8,1,7.45,2225,2124,970,62.2,81.41,83.68,5,Stable,0.4439834024896265,0.5186721991701245,232,0.9626556016597512,328.3240740740741,281.42063492063494,2.0,13.82,4.34,43.56846473029046,7.772727272727272,213.2531886470564,1,Prime,0.0,0.04212,9.8685335228538,0.2092,36.031776,37.89609294605809,45.07084675730975,59.962172383003306,26-29,49,0.1,0.8,0.6,0.2,2.17,0.7,0.592,1,2,High,0.999,Very High,Likely (6 months)
PL0118,Nicolò Barella,Italy,CM,Inter Milan,27,1999-01-10,Right,2029-04-03,3,386,38157,10,79,914.5,427.0,46.795,385.0,730.0,6.58,9,23,5,42.9,98.9,90.91,286.0,783.0,1271.0,94.0,756.0,72.12,246.0,2,147,73.5,125,22,"Ankle Injury, Shoulder Injury",2025-01-11,448.0,0.2,0,0,0,0,0.4,22,0,0.255,9340,0.212,0.47,0.318,9.27,84932,83.2,1,5.72,6626,2629,7638,57.8,72.31,18.62,2,Stable,0.0259067357512953,0.2046632124352331,89,0.2305699481865284,3468.818181818182,476.9625,2.7,16.72,0.8,94.30051813471502,24.5,148.62581556028766,1,Prime,0.0,0.21216,21.610715225898637,0.3288,4.3898,49.181703626943005,75.40692465231945,83.64235310704593,26-29,13,0.6,0.8,0.6,0.2,0.4,0.5,0.5700000000000001,1,2,High,1.0,Very High,Likely (6 months)
PL0119,Hakan Çalhanoğlu,Turkey,CM,Inter Milan,30,1996-06-07,Both,2028-04-03,2,229,43133,47,92,914.5,427.0,46.795,503.0,693.0,6.68,10,75,0,22.9,188.4,84.31,262.0,783.0,1271.0,94.0,756.0,72.12,246.0,13,896,68.9,150,13,"Shoulder Injury, Concussion, Hip Injury, Ankle Injury, Knee Injury, ACL Injury, Groin Strain",2023-11-12,874.0,1.3,1,0,1,1,2.45,136,0,0.227,8724,0.164,0.453,0.383,12.59,80216,86.7,1,1.29,7997,4350,438,29.58,36.86,36.17,4,Stable,0.2052401746724891,0.4017467248908297,139,0.6069868995633187,898.6041666666666,463.7956989247312,2.5,14.58,7.050000000000001,40.61135371179039,4.921428571428572,50.70763119115697,0,Experienced,0.0,0.196809,25.932707484785563,0.2623,3.951972,38.28287074235808,63.94049659835738,125.18924376179883,30-33,29,0.3,0.5,0.1,0.2,3.5250000000000004,0.5,0.6425000000000001,1,2,High,1.0,Very High,Likely (6 months)
PL0120,Alessandro Bastoni,Italy,CB,Inter Milan,25,2001-02-12,Left,2031-04-03,5,254,30416,11,40,914.5,427.0,46.795,425.0,459.0,7.13,7,29,4,36.3,119.7,90.53,1414.0,439.0,957.0,94.0,756.0,72.12,246.0,7,575,82.1,174,14,"Ligament Damage, Muscle Injury, ACL Injury, Hamstring Injury, Meniscus Tear, Fracture",2024-12-31,459.0,0.7,0,1,1,1,1.58,143,0,0.232,6598,0.309,0.44,0.252,7.24,51644,72.2,1,2.09,6769,4972,12644,48.52,64.43,75.77,4,Rising,0.0433070866141732,0.1574803149606299,51,0.2007874015748031,2534.6666666666665,741.8536585365854,3.1,12.08,4.98,43.7007874015748,10.2625,207.9390014701603,1,Prime,0.0,0.167504,14.772237018835709,0.3184,2.90312,40.31295748031496,52.35483426841105,81.40742625265541,22-25,16,0.6,0.8,0.3,0.2,2.49,0.4,0.7240000000000001,1,3,Very High,1.0,Very High,Very Likely (now)
PL0121,Denzel Dumfries,Netherlands,RB,Inter Milan,28,1998-10-24,Right,2028-04-03,2,309,37064,2,56,914.5,427.0,46.795,425.0,459.0,6.39,10,29,1,30.9,119.9,80.81,1393.0,938.0,1908.0,94.0,756.0,72.12,246.0,15,1301,86.7,174,13,"Muscle Injury, Shoulder Injury, Concussion, Calf Injury, Knee Injury, ACL Injury, Hamstring Injury, Groin Strain, Meniscus Tear, Fracture",2023-07-02,1007.0,1.5,1,1,1,1,3.56,223,0,0.019,12942,0.152,0.532,0.315,12.15,156867,45.9,1,1.5,4602,765,11726,18.57,21.31,52.11,6,Stable,0.0064724919093851,0.1812297734627831,58,0.1877022653721682,12354.666666666666,650.2456140350877,6.1,16.18,8.56,27.831715210355995,5.41875,31.833695443535667,1,Prime,0.0,0.008721,2.185759451325137,0.1618,6.885144,34.6859430420712,23.501610698023303,177.24038345463055,26-29,56,0.1,0.8,0.1,0.2,4.28,0.5,0.7080000000000002,1,3,Very High,1.0,Very High,Very Likely (now)
PL0123,Christian Pulisic,USA,RW,AC Milan,26,2000-03-26,Left,2028-04-03,2,436,18474,93,51,612.0,685.0,35.49,717.0,604.0,7.1,8,25,4,54.5,42.4,85.79,643.0,783.0,1271.0,94.0,756.0,72.12,246.0,6,586,97.7,149,28,"Ligament Damage, Muscle Injury, Ankle Injury, Back Injury, Meniscus Tear",2025-09-09,207.0,0.6,0,0,0,1,1.61,99,0,0.076,21781,0.215,0.568,0.217,12.9,211567,4.6,1,7.64,2412,3389,12028,74.72,94.23,75.74,2,Stable,0.2133027522935779,0.1169724770642201,144,0.3302752293577982,196.53191489361703,355.2692307692308,3.5,16.72,2.81,77.29357798165138,13.957142857142856,128.0890535024763,1,Prime,0.0,0.0034959999999999,9.793057970930771,0.2577,12.371607999999998,47.71811559633028,52.9286447545613,63.01917009552335,26-29,22,0.6,0.8,0.9,0.2,1.405,0.7,0.7354999999999999,1,3,Very High,1.0,Very High,Very Likely (now)
PL0124,Tijjani Reijnders,Netherlands,CM,AC Milan,26,2000-01-06,Left,2029-04-03,3,387,32050,33,50,914.5,427.0,46.795,283.0,759.0,7.79,8,25,6,48.4,82.8,90.68,649.0,783.0,1271.0,94.0,756.0,72.12,246.0,15,1423,94.9,178,7,"Ligament Damage, Shoulder Injury, Hip Injury, Calf Injury, Knee Injury, Back Injury, Achilles Injury, Meniscus Tear, Fracture",2024-08-12,600.0,1.5,1,0,0,1,3.9,324,0,0.454,18528,0.434,0.304,0.262,13.58,349584,46.7,0,6.83,4465,3278,14351,58.85,75.92,134.04,5,Stable,0.0852713178294573,0.1291989664082687,83,0.2144702842377261,942.6470588235294,628.4313725490196,1.5,15.74,6.9,16.279069767441854,5.93125,151.32576549693653,1,Prime,0.0,0.212018,60.587169015208495,0.5193,0.0,38.60241395348838,100.0,64.49860309688951,26-29,13,0.6,0.8,0.6,0.2,3.45,0.5,0.875,1,3,Very High,1.0,Very High,Very Likely (now)
PL0125,Álvaro Morata,Spain,ST,AC Milan,32,1994-11-28,Left,2028-04-03,2,244,36146,35,48,690.0,446.0,38.42,759.0,355.0,7.26,10,47,4,24.4,148.1,85.79,643.0,783.0,1271.0,94.0,756.0,72.12,246.0,19,1693,89.1,176,10,"Muscle Injury, Ligament Damage, Calf Injury, Hip Injury, Ankle Injury, Knee Injury, ACL Injury, Hamstring Injury, Groin Strain, Back Injury, Achilles Injury, Meniscus Tear",2025-05-31,308.0,1.9,1,1,1,1,4.64,263,0,0.413,15251,0.461,0.314,0.225,8.31,264353,57.0,0,5.27,1926,2799,19685,22.14,28.05,32.35,2,Declining,0.1434426229508196,0.1967213114754098,83,0.3401639344262295,1004.0555555555557,737.6734693877551,1.3000000000000007,14.88,10.0,0.0,4.455,37.953581966606336,0,Experienced,0.0,0.23541,33.05891201477225,0.4933999999999999,0.0,33.0028,66.08976802215837,142.62229904926534,30-33,40,0.1,0.7,0.1,0.2,5.0,0.7,0.7799999999999999,1,3,Very High,1.0,Very High,Very Likely (now)
PL0126,Dusan Vlahovic,Serbia,ST,Juventus,24,2002-03-26,Left,2027-04-04,1,221,34592,156,72,963.0,600.0,42.72,309.0,625.0,7.15,6,64,2,36.8,156.5,85.79,643.0,783.0,1271.0,94.0,756.0,72.12,246.0,7,763,109.0,170,48,"Ligament Damage, Shoulder Injury, Concussion, Calf Injury, Ankle Injury, Hamstring Injury, Meniscus Tear",2024-09-15,566.0,0.7,0,1,0,1,2.09,145,0,0.146,10295,0.254,0.469,0.277,12.6,59717,8.9,1,2.61,8115,3623,1671,87.68,113.45,136.35,5,Rising,0.7058823529411765,0.3257918552036199,228,1.0316742081447965,220.3312101910828,473.8630136986301,1.5999999999999996,10.42,3.49,34.38914027149322,13.625,75.15289220487904,0,Prime,29.390967153284663,0.0129939999999999,16.99700397436806,0.2669,4.828354999999999,38.09562805429864,57.56331998870141,42.95853411625918,22-25,40,0.1,0.8,0.9,0.2,1.745,0.7,0.5945,1,2,High,0.994,Very High,Likely (6 months)
PL0127,Kenan Yıldız,Turkey,LW,Juventus,19,2007-01-28,Right,2030-04-03,4,184,24587,147,40,1197.0,211.0,46.61,234.0,605.0,6.48,1,55,2,184.0,133.6,85.79,643.0,783.0,1271.0,94.0,756.0,72.12,246.0,1,38,38.0,38,38,Knee Injury,2023-06-30,1009.0,0.1,1,0,0,0,0.1,6,0,0.113,24377,0.254,0.493,0.253,7.09,479039,26.2,1,8.93,7895,4684,15579,42.27,53.98,98.65,6,Rising,0.7989130434782609,0.217391304347826,187,1.016304347826087,166.1283783783784,599.6829268292682,2.5,4.68,0.3,96.7391304347826,19.0,144.92302707574075,0,Emerging,27.702862550272044,0.029606,8.092967772719929,0.3121,12.017860999999998,46.82802608695653,54.953464702558165,108.22284743923392,18-21,38,0.1,0.3,0.3,0.2,0.15,0.7,0.24500000000000005,0,0,Low,0.0,Low,Unlikely
PL0128,Andrea Cambiaso,Italy,LB,Juventus,24,2002-04-27,Left,2030-04-03,4,389,37193,31,22,914.5,427.0,46.795,425.0,459.0,7.42,6,36,5,64.8,95.6,85.01,418.0,462.0,1232.0,94.0,756.0,72.12,246.0,10,922,92.2,178,7,"Muscle Injury, Shoulder Injury, Concussion, Calf Injury, Groin Strain, Back Injury, Achilles Injury, Meniscus Tear",2023-06-10,1029.0,1.0,0,0,0,1,2.53,153,0,0.236,5558,0.338,0.385,0.277,3.13,48766,88.9,0,5.02,6181,2258,15701,37.65,42.54,109.85,6,Rising,0.0796915167095115,0.0565552699228791,53,0.1362467866323907,1162.28125,1617.0869565217392,1.4000000000000004,13.78,4.529999999999999,60.66838046272493,8.381818181818183,129.08332078073428,0,Prime,12.98804780876494,0.209804,6.369765812025829,0.369,0.0,45.307676092545,43.14848676431125,117.22555263271668,22-25,10,1.0,0.8,0.1,0.2,2.2649999999999997,0.5,0.8215000000000001,1,3,Very High,1.0,Very High,Very Likely (now)
PL0129,Bremer,Brazil,CB,Juventus,27,1999-05-27,Right,2028-04-03,2,418,26299,34,9,914.5,427.0,46.795,425.0,459.0,7.23,9,53,7,46.4,62.9,82.93,757.0,971.0,810.0,94.0,756.0,72.12,246.0,13,1207,92.8,157,11,"Muscle Injury, Hip Injury, Calf Injury, Ankle Injury, Knee Injury, Hamstring Injury, Groin Strain, Achilles Injury",2024-09-10,571.0,1.3,1,1,0,0,3.31,193,0,0.319,5346,0.228,0.462,0.31,6.47,87466,64.1,1,2.65,619,1571,15513,43.99,59.18,64.87,4,Stable,0.0813397129186602,0.0215311004784689,43,0.1028708133971291,751.4,2629.9,-2.3000000000000007,17.36,5.91,53.82775119617224,6.628571428571428,75.41003029408368,1,Prime,0.0,0.2044789999999999,17.717375589368736,0.3301,2.4698520000000004,43.817750239234456,56.664938503670335,97.39442151419084,26-29,47,0.1,0.8,0.3,0.2,2.955,0.4,0.5955000000000001,1,2,High,1.0,Very High,Likely (6 months)
PL0130,Memphis Depay,Netherlands,ST,Atletico Madrid,30,1996-01-22,Left,2028-04-03,2,241,24420,230,122,1020.0,603.0,36.36,860.0,645.0,7.08,10,70,2,24.1,101.3,85.79,643.0,783.0,1271.0,94.0,756.0,72.12,246.0,10,764,76.4,163,8,"Concussion, Ankle Injury, Knee Injury, ACL Injury, Groin Strain, Back Injury, Achilles Injury, Fracture",2024-02-06,788.0,1.0,1,0,1,1,2.09,115,0,0.082,42783,0.151,0.524,0.325,8.12,522520,63.7,1,9.23,8976,1030,5440,53.13,74.3,49.94,3,Stable,0.9543568464730292,0.5062240663900415,352,1.4605809128630705,105.71428571428572,198.53658536585365,1.0,14.82,6.09,52.28215767634855,6.945454545454546,91.07831119628705,0,Experienced,0.0,0.052234,7.100464146497727,0.2656,22.418292,42.271631535269705,39.606511987381445,78.09279795911638,30-33,44,0.1,0.5,0.3,0.2,3.045,0.7,0.5744999999999999,1,2,High,1.0,Very High,Likely (6 months)
PL0131,José María Giménez,Uruguay,CB,Atletico Madrid,29,1997-06-09,Left,2027-04-04,1,444,36716,34,54,914.5,427.0,46.795,425.0,459.0,7.07,10,54,6,44.4,82.7,87.77,1476.0,565.0,765.0,94.0,756.0,72.12,246.0,2,106,53.0,58,48,"ACL Injury, Hamstring Injury",2025-02-16,412.0,0.2,0,1,1,1,0.29,16,0,0.307,6110,0.295,0.361,0.344,4.84,40612,18.8,0,5.16,6062,4950,19475,47.02,51.74,90.55,3,Stable,0.0765765765765765,0.1216216216216216,88,0.1981981981981982,1049.0285714285717,667.5636363636364,-1.4000000000000004,18.880000000000003,2.69,96.3963963963964,17.666666666666668,40.30210984800881,0,Experienced,0.0,0.057716,12.953672575989255,0.3906999999999999,0.0,52.11667927927928,60.10884850362353,108.53119383440084,26-29,46,0.1,0.5,0.3,0.2,1.345,0.4,0.37450000000000006,0,1,Medium,0.0,Low,Possible (1 year)
PL0132,Marcos Llorente,Spain,CM,Atletico Madrid,29,1997-06-21,Left,2031-04-03,5,214,17672,13,113,914.5,427.0,46.795,268.0,362.0,7.25,10,70,5,21.4,82.6,81.26,308.0,783.0,1271.0,94.0,756.0,72.12,246.0,11,930,84.5,166,10,"Calf Injury, Hip Injury, Knee Injury, ACL Injury, Groin Strain, Achilles Injury, Meniscus Tear, Fracture",2023-06-23,1016.0,1.1,1,0,1,1,2.55,227,0,0.321,17155,0.245,0.45,0.305,4.69,320809,49.8,1,9.42,7405,123,11159,43.19,60.29,36.16,2,Stable,0.0607476635514018,0.5280373831775701,126,0.5887850467289719,1262.2857142857142,155.01754385964912,-2.0,14.28,6.75,0.0,7.041666666666667,185.0965678791472,0,Experienced,0.0,0.159858,14.678682935273704,0.4061,7.71975,32.6682,44.85212440291056,73.9266802443992,26-29,33,0.3,0.5,0.3,0.2,3.375,0.5,0.6575000000000001,1,2,High,1.0,Very High,Likely (6 months)
PL0133,Youssef En-Nesyri,Morocco,ST,Sevilla,27,1999-11-27,Left,2031-04-03,5,288,40588,236,142,884.0,307.0,53.0,378.0,543.0,7.76,9,63,1,32.0,140.9,85.79,643.0,783.0,1271.0,94.0,756.0,72.12,246.0,3,456,152.0,173,126,"Back Injury, Ligament Damage, Hamstring Injury",2025-09-02,214.0,0.3,0,1,0,0,1.25,105,0,0.607,48707,0.427,0.283,0.29,11.86,702331,75.4,0,8.61,6053,1025,1181,129.19,154.03,119.79,3,Stable,0.8194444444444444,0.4930555555555556,378,1.3125,171.25738396624473,283.83216783216784,2.7,14.76,1.85,63.54166666666667,38.0,553.6611624058122,1,Prime,0.0,0.457678,77.70333195311837,0.6004,0.0,47.90113333333333,100.0,36.79325088972528,26-29,12,1.0,0.8,0.9,0.2,0.925,0.7,0.8275,1,3,Very High,1.0,Very High,Very Likely (now)
PL0134,Ivan Rakitić,Croatia,CM,Sevilla,36,1990-01-04,Right,2029-04-03,3,211,36250,42,34,914.5,427.0,46.795,583.0,238.0,7.65,10,13,2,21.1,171.8,89.75,652.0,783.0,1271.0,94.0,756.0,72.12,246.0,17,1777,104.5,172,9,"Muscle Injury, Hip Injury, Ankle Injury, Knee Injury, ACL Injury, Hamstring Injury, Groin Strain, Back Injury, Fracture",2023-10-09,908.0,1.7,1,1,1,1,4.87,386,0,0.54,5818,0.385,0.298,0.317,4.66,76027,64.5,0,4.97,4505,4246,6631,10.39,13.16,41.09,6,Declining,0.1990521327014218,0.1611374407582938,76,0.3601895734597156,843.0232558139535,1035.7142857142858,6.7,14.22,10.0,0.0,5.805555555555555,26.71664746836313,0,Veteran,0.0,0.3483,21.814378954398045,0.5216,0.0,34.4872,49.96516843159707,302.78489903424054,34+,14,0.6,0.7,0.1,0.2,5.0,0.5,0.935,1,3,Very High,1.0,Very High,Very Likely (now)
PL0135,Matthijs de Ligt,Netherlands,CB,Bayern Munich,25,2001-10-09,Right,2027-04-04,1,314,17027,30,29,914.5,427.0,46.795,425.0,459.0,6.55,7,72,7,44.9,54.2,85.79,672.0,952.0,1675.0,94.0,756.0,72.12,246.0,13,986,75.8,160,7,"Shoulder Injury, Concussion, Hip Injury, Ankle Injury, Knee Injury, ACL Injury, Groin Strain, Back Injury, Achilles Injury, Meniscus Tear, Fracture",2024-02-08,786.0,1.3,1,0,1,1,2.7,172,0,0.26,3194,0.35,0.423,0.227,4.77,60511,32.9,1,3.56,218,2434,8795,36.11,44.23,40.13,2,Rising,0.0955414012738853,0.0923566878980891,59,0.1878980891719745,549.258064516129,567.5666666666667,-4.199999999999999,13.28,7.300000000000001,45.22292993630573,5.414285714285714,30.950854670599703,1,Prime,0.0,0.08554,10.00759840331979,0.36,1.351062,38.62058598726115,39.72169059861026,104.07056315618742,22-25,13,0.6,0.8,0.1,0.2,3.6500000000000004,0.4,0.81,1,3,Very High,1.0,Very High,Very Likely (now)
PL0136,Dayot Upamecano,France,CB,Bayern Munich,26,2000-10-14,Both,2029-04-03,3,296,20889,14,52,914.5,427.0,46.795,425.0,459.0,6.55,8,13,1,37.0,70.6,89.32,731.0,744.0,1582.0,94.0,756.0,72.12,246.0,9,797,88.6,144,17,"Ligament Damage, Hip Injury, Ankle Injury, Knee Injury, Hamstring Injury, Back Injury, Achilles Injury",2024-08-25,587.0,0.9,1,1,0,0,2.18,183,0,0.186,5717,0.141,0.409,0.45,3.53,67319,86.9,1,5.55,6489,2149,8251,41.81,46.82,37.78,2,Stable,0.0472972972972973,0.1756756756756756,66,0.2229729729729729,1392.6,394.1320754716981,7.7,13.92,3.98,38.17567567567568,8.86,107.50943509646416,1,Prime,0.0,0.161634,5.680319385747032,0.2904,2.338253,37.199935135135135,39.16044664618811,86.89543362563684,26-29,17,0.6,0.8,0.3,0.2,1.99,0.4,0.674,1,2,High,1.0,Very High,Likely (6 months)
PL0137,Leon Goretzka,Germany,CM,Bayern Munich,29,1997-06-14,Both,2031-04-03,5,284,17289,27,20,914.5,427.0,46.795,546.0,568.0,7.8,10,53,2,28.4,60.9,85.3,759.0,783.0,1271.0,94.0,756.0,72.12,246.0,2,326,163.0,179,147,"Muscle Injury, Meniscus Tear",2024-04-14,720.0,0.2,0,0,0,1,0.89,75,0,0.546,4370,0.531,0.276,0.193,10.11,76166,94.8,0,9.94,782,4562,18614,98.17,120.55,154.9,4,Stable,0.0950704225352112,0.0704225352112676,47,0.1654929577464788,617.4642857142857,823.2857142857143,2.7,15.68,1.29,73.59154929577466,54.333333333333336,420.7207702870082,0,Experienced,0.0,0.5176080000000001,46.27326692847119,0.6219000000000001,0.0,50.29810985915494,100.0,50.7190782082837,26-29,39,0.1,0.5,0.9,0.2,0.645,0.5,0.4045,0,1,Medium,0.0,Low,Possible (1 year)
PL0138,Konrad Laimer,Austria,CM,Bayern Munich,27,1999-02-13,Right,2031-04-03,5,450,32458,34,46,914.5,427.0,46.795,573.0,784.0,7.03,9,27,1,50.0,72.1,86.16,560.0,783.0,1271.0,94.0,756.0,72.12,246.0,15,1121,74.7,178,10,"Ligament Damage, Shoulder Injury, Muscle Injury, Concussion, Calf Injury, Hamstring Injury, Back Injury, Achilles Injury, Meniscus Tear, Fracture",2023-08-12,966.0,1.5,0,1,0,1,3.07,162,0,0.321,18461,0.342,0.343,0.315,14.95,361388,3.4,0,6.64,6190,3619,366,62.1,84.84,116.64,4,Stable,0.0755555555555555,0.1022222222222222,80,0.1777777777777777,927.3714285714286,690.5957446808511,6.3,18.0,6.07,64.0,4.66875,266.1379223268127,1,Prime,0.0,0.010914,47.14234061050369,0.4288,0.0,45.3776,100.0,71.91378763866878,26-29,38,0.1,0.8,0.6,0.2,3.035,0.5,0.6585000000000001,1,2,High,1.0,Very High,Likely (6 months)
PL0139,Dani Olmo,Spain,CAM,RB Leipzig,26,2000-05-02,Right,2030-04-03,4,404,30208,90,68,914.5,427.0,46.795,441.0,272.0,6.95,8,25,7,50.5,74.8,81.02,729.0,783.0,1271.0,94.0,756.0,72.12,246.0,8,784,98.0,165,23,"Muscle Injury, Hip Injury, Ankle Injury, ACL Injury, Achilles Injury",2025-10-03,183.0,0.8,0,0,1,1,2.15,153,0,0.375,24449,0.347,0.406,0.247,2.7,394808,15.9,1,8.5,718,1117,19799,73.54,90.09,53.78,1,Stable,0.2227722772277227,0.1683168316831683,158,0.3910891089108911,331.956043956044,437.7971014492754,0.5,16.08,5.75,62.12871287128713,10.88888888888889,252.1324677347995,1,Prime,0.0,0.059625,10.230690313589308,0.4579,9.926294,44.35754257425743,46.02480675751268,59.50837479776956,26-29,53,0.1,0.8,0.9,0.2,2.875,0.6,0.6975000000000002,1,2,High,1.0,Very High,Likely (6 months)
PL0140,Xavi Simons,Netherlands,CAM,RB Leipzig,21,2005-09-26,Both,2031-04-03,5,298,17886,86,89,914.5,427.0,46.795,161.0,538.0,7.88,3,42,6,99.3,60.0,82.91,496.0,783.0,1271.0,94.0,756.0,72.12,246.0,0,0,0.0,0,0,,2023-06-26,614.0,0.0,0,0,0,0,0.0,0,0,0.533,13374,0.417,0.377,0.206,12.69,99997,24.6,0,8.65,6646,2938,8874,78.54,94.72,99.4,3,Rising,0.2885906040268456,0.2986577181208054,175,0.587248322147651,205.5862068965517,198.7333333333333,-0.1999999999999993,8.96,0.0,100.0,0.0,336.59375876888686,0,Emerging,20.600967659791177,0.131118,64.26354309262159,0.5494,0.0,54.4108,100.0,68.40683932612521,18-21,60,0.1,0.5,0.9,0.2,0.0,0.6,0.35000000000000003,0,1,Medium,0.0,Low,Possible (1 year)
PL0141,Loïs Openda,Belgium,ST,RB Leipzig,24,2002-12-24,Left,2028-04-03,2,353,17526,70,148,989.0,276.0,45.69,447.0,680.0,8.08,6,74,4,58.8,49.6,85.79,643.0,783.0,1271.0,94.0,756.0,72.12,246.0,13,788,60.6,129,8,"Concussion, Calf Injury, Hip Injury, Ankle Injury, ACL Injury, Groin Strain, Back Injury, Achilles Injury, Meniscus Tear",2025-08-17,230.0,1.3,0,0,1,1,2.16,191,0,0.708,11139,0.615,0.235,0.15,12.44,101673,79.5,0,1.54,3049,3842,7031,124.1,157.46,379.76,6,Rising,0.1983002832861189,0.4192634560906516,218,0.6175637393767706,246.8450704225352,117.6241610738255,-1.4000000000000004,13.06,6.76,45.892351274787536,4.328571428571428,212.73891246864707,0,Prime,26.881547139403715,0.5628599999999999,82.07109171593659,0.6361,0.0,45.38267025495751,100.0,36.27711451235612,22-25,28,0.3,0.8,0.9,0.2,3.38,0.7,0.828,1,3,Very High,1.0,Very High,Very Likely (now)
PL0142,Benjamin Šeško,Slovenia,ST,RB Leipzig,21,2005-07-03,Both,2029-04-03,3,374,35571,44,94,627.0,682.0,53.74,469.0,180.0,6.46,3,63,4,124.7,95.1,85.79,643.0,783.0,1271.0,94.0,756.0,72.12,246.0,8,723,90.4,154,23,"Ligament Damage, Hip Injury, Calf Injury, Knee Injury, ACL Injury, Hamstring Injury, Groin Strain",2025-11-03,152.0,0.8,1,1,1,1,1.98,104,0,0.285,4129,0.373,0.452,0.176,6.64,26430,97.6,1,3.94,460,2443,4395,50.36,69.17,36.53,2,Rising,0.1176470588235294,0.2513368983957219,138,0.3689839572192513,790.4666666666667,374.4315789473684,-0.3000000000000007,10.48,5.58,72.19251336898395,10.044444444444444,129.49474172346171,0,Emerging,37.35107227958698,0.2781599999999999,15.756184254901388,0.3749,1.866308,43.12430267379679,54.03642771925048,83.96476377296884,18-21,29,0.3,0.5,0.3,0.2,2.79,0.7,0.619,1,2,High,1.0,Very High,Likely (6 months)
PL0143,Joško Gvardiol,Croatia,CB,Manchester City,22,2004-06-22,Both,2027-04-04,1,252,24462,5,13,914.5,427.0,46.795,425.0,459.0,7.16,4,17,3,63.0,97.1,90.94,818.0,860.0,1175.0,94.0,756.0,72.12,246.0,5,260,52.0,101,18,"Ligament Damage, Hip Injury, Knee Injury, ACL Injury, Fracture",2024-03-19,746.0,0.5,1,0,1,1,0.71,61,0,0.17,33250,0.147,0.421,0.432,14.96,592343,93.3,1,2.14,1008,2515,17512,55.01,75.42,74.17,2,Rising,0.0198412698412698,0.0515873015873015,18,0.0714285714285714,4077.0,1747.2857142857142,5.3,9.04,3.71,75.7936507936508,8.666666666666666,47.15055429049265,0,Emerging,37.1023450281767,0.15861,26.47939179526872,0.2493,13.99825,46.10533015873016,75.35175277226816,82.31624738212848,22-25,42,0.1,0.5,0.3,0.2,1.855,0.4,0.4255,0,1,Medium,0.0,Low,Possible (1 year)
PL0144,Mateo Kovačić,Croatia,CM,Manchester City,30,1996-05-17,Both,2029-04-03,3,432,18589,82,98,914.5,427.0,46.795,327.0,236.0,7.4,10,20,8,43.2,43.0,92.75,626.0,783.0,1271.0,94.0,756.0,72.12,246.0,22,1812,82.4,177,7,"Ligament Damage, Shoulder Injury, Muscle Injury, Hip Injury, Ankle Injury, Knee Injury, ACL Injury, Groin Strain, Back Injury, Achilles Injury, Meniscus Tear, Fracture",2025-10-30,156.0,2.2,1,0,1,1,4.96,372,0,0.5,70135,0.463,0.387,0.15,2.73,1361393,29.7,0,3.59,7444,1831,17115,37.55,44.48,30.59,3,Stable,0.1898148148148148,0.2268518518518518,180,0.4166666666666667,223.9638554216868,187.7676767676768,0.0,18.64,10.0,13.888888888888886,3.582608695652174,96.55535249634606,0,Experienced,0.0,0.1485,15.230931388311395,0.4973999999999999,0.0,37.10057777777778,41.39668597135598,96.24014987750398,30-33,40,0.1,0.5,0.1,0.2,5.0,0.5,0.7200000000000001,1,3,Very High,1.0,Very High,Very Likely (now)
PL0145,Jack Grealish,England,LW,Manchester City,29,1997-07-11,Both,2030-04-03,4,415,19542,99,117,485.0,306.0,35.71,719.0,380.0,7.57,10,65,7,41.5,47.1,85.79,643.0,783.0,1271.0,94.0,756.0,72.12,246.0,9,911,101.2,158,32,"Muscle Injury, Ligament Damage, Concussion, Calf Injury, Ankle Injury, Knee Injury, Hamstring Injury, Achilles Injury",2023-09-02,945.0,0.9,1,1,0,0,2.5,150,0,0.336,88348,0.412,0.42,0.168,8.83,1433626,27.1,1,7.45,5464,1989,17444,98.66,123.23,16.49,1,Stable,0.2385542168674699,0.2819277108433735,216,0.5204819277108433,195.42,165.61016949152545,-3.5,18.3,4.3,63.855421686746986,10.12,338.2565850790769,0,Experienced,0.0,0.091056,33.789945135925755,0.4485,37.10616,47.6080843373494,85.88895987256333,47.77050405112322,26-29,49,0.1,0.5,0.9,0.2,2.15,0.7,0.575,1,2,High,1.0,Very High,Likely (6 months)
PL0147,Rúben Neves,Portugal,CDM,Al Hilal,27,1999-05-18,Right,2028-04-03,2,335,41809,39,22,914.5,427.0,46.795,163.0,256.0,7.3,9,58,0,37.2,124.8,90.06,400.0,783.0,1271.0,94.0,756.0,72.12,246.0,5,325,65.0,105,11,"Muscle Injury, Ligament Damage, ACL Injury, Achilles Injury, Meniscus Tear",2024-09-08,573.0,0.5,0,0,1,1,0.89,73,0,0.457,9015,0.427,0.344,0.229,13.17,70469,51.5,0,2.24,4597,1127,19430,76.51,102.79,89.1,2,Stable,0.1164179104477611,0.0656716417910447,61,0.1820895522388059,1045.225,1817.782608695652,4.2,15.7,3.89,78.2089552238806,10.833333333333334,131.1575680336518,1,Prime,0.0,0.235355,54.81074160499908,0.4645,0.0,48.910791044776126,100.0,63.10255585701989,26-29,45,0.1,0.8,0.9,0.2,1.945,0.4,0.5845000000000001,1,2,High,0.991,Very High,Likely (6 months)
PL0148,Sergej Milinković-Savić,Serbia,CM,Al Hilal,29,1997-07-22,Both,2030-04-03,4,462,31999,16,69,914.5,427.0,46.795,506.0,586.0,7.32,10,24,7,46.2,69.3,81.63,637.0,783.0,1271.0,94.0,756.0,72.12,246.0,14,1062,75.9,135,13,"Muscle Injury, Ligament Damage, Concussion, Calf Injury, Knee Injury, Groin Strain, Back Injury, Meniscus Tear, Fracture",2025-11-30,125.0,1.4,1,0,0,1,2.91,178,0,0.272,5249,0.227,0.418,0.354,10.4,80222,77.4,1,8.05,1398,2806,11290,47.26,59.74,34.96,1,Stable,0.0346320346320346,0.1493506493506493,85,0.1839826839826839,1882.2941176470588,457.1285714285714,0.5999999999999996,19.24,5.71,61.47186147186147,5.0600000000000005,162.0312812774901,0,Experienced,0.0,0.210528,24.231453716280743,0.3738,2.194082,46.16997229437229,68.01216672160726,95.66923392949089,26-29,27,0.3,0.5,0.3,0.2,2.855,0.5,0.6055000000000001,1,2,High,1.0,Very High,Likely (6 months)
PL0149,Malcom,Brazil,RW,Al Hilal,27,1999-12-06,Both,2031-04-03,5,230,35473,124,70,796.0,551.0,43.73,259.0,393.0,6.82,9,11,3,25.6,154.2,85.79,643.0,783.0,1271.0,94.0,756.0,72.12,246.0,3,304,101.3,131,85,"Groin Strain, Back Injury, Hamstring Injury",2025-03-20,380.0,0.3,0,1,0,0,0.83,71,0,0.242,11609,0.272,0.465,0.263,11.46,206476,62.1,1,8.6,4389,4160,15059,86.78,114.28,64.71,2,Stable,0.5391304347826087,0.3043478260869565,194,0.8434782608695652,283.784,499.6197183098592,5.9,13.6,1.43,69.13043478260869,25.325,371.9073896863254,1,Prime,0.0,0.150282,25.957227092184645,0.3714,5.398185000000001,44.56888695652174,78.36028411653783,50.77339594044399,26-29,32,0.3,0.8,0.9,0.2,0.715,0.7,0.5615,1,2,High,0.995,Very High,Possible (1 year)
PL0150,Karim Benzema,France,ST,Al Ittihad,37,1989-05-13,Right,2031-04-03,5,381,39793,222,138,1498.0,246.0,54.82,215.0,405.0,7.86,10,19,0,38.1,104.4,85.79,643.0,783.0,1271.0,94.0,756.0,72.12,246.0,14,1228,87.7,178,19,"Ligament Damage, Concussion, Hip Injury, Calf Injury, Ankle Injury, Back Injury, Achilles Injury, Meniscus Tear, Fracture",2026-01-01,93.0,1.4,0,0,0,1,3.36,289,0,0.42,63985,0.297,0.396,0.307,5.82,852030,58.5,0,2.04,5430,299,16925,20.25,25.85,7.49,1,Declining,0.5826771653543307,0.3622047244094488,360,0.9448818897637796,178.44394618834082,286.2805755395684,8.1,17.62,6.16,24.1469816272966,5.846666666666667,86.78410510656937,0,Veteran,0.0,0.2457,27.050756041915605,0.3983,0.0,40.589996325459325,68.55113222560307,191.01174741392623,34+,40,0.1,0.7,0.1,0.2,3.08,0.7,0.588,1,2,High,1.0,Very High,Likely (6 months)
PL0151,NGolo Kanté,France,CDM,Al Ittihad,33,1993-05-10,Left,2028-04-03,2,244,30570,33,56,914.5,427.0,46.795,310.0,244.0,8.0,10,26,6,24.4,125.3,84.55,450.0,783.0,1271.0,94.0,756.0,72.12,246.0,18,1599,88.8,174,9,"Muscle Injury, Shoulder Injury, Ligament Damage, Concussion, Hip Injury, Ankle Injury, ACL Injury, Hamstring Injury, Groin Strain, Back Injury, Achilles Injury, Fracture",2026-02-02,61.0,1.8,0,1,1,1,4.38,295,0,0.529,8475,0.452,0.279,0.269,5.09,84635,44.4,0,8.66,9859,3008,11559,18.5,25.86,55.57,6,Declining,0.1352459016393442,0.2295081967213114,89,0.3647540983606557,899.1176470588235,536.3157894736842,1.4000000000000004,14.88,9.98,0.0,4.673684210526315,31.7136976685735,0,Veteran,0.0,0.234876,24.35464107728384,0.5780000000000001,0.0,36.132,54.63796161592576,185.2923076923077,30-33,6,1.0,0.7,0.1,0.2,4.99,0.4,1.0,1,3,Very High,1.0,Very High,Very Likely (now)
PL0152,Fabinho,Brazil,CDM,Al Ittihad,31,1995-10-20,Left,2029-04-03,3,425,37747,25,104,914.5,427.0,46.795,189.0,278.0,6.81,10,55,3,42.5,88.8,83.25,756.0,783.0,1271.0,94.0,756.0,72.12,246.0,21,1973,94.0,180,8,"Muscle Injury, Shoulder Injury, Ligament Damage, Concussion, Hip Injury, Calf Injury, Knee Injury, ACL Injury, Hamstring Injury, Groin Strain, Achilles Injury, Meniscus Tear, Fracture",2023-08-08,970.0,2.1,1,1,1,1,5.41,409,0,0.316,12399,0.376,0.374,0.251,13.19,156531,7.8,0,1.56,2297,1299,14835,17.47,24.13,45.97,5,Declining,0.0588235294117647,0.2447058823529412,129,0.3035294117647059,1451.8076923076924,359.4952380952381,1.5,18.5,10.0,3.764705882352942,4.2727272727272725,44.92202418405235,0,Experienced,0.0,0.024648,39.28565991871022,0.38,0.0,32.45294117647059,75.15496046630062,175.70623268256952,30-33,40,0.1,0.7,0.1,0.2,5.0,0.4,0.75,1,3,Very High,1.0,Very High,Very Likely (now)
PL0153,Sadio Mané,Senegal,LW,Al Nassr,32,1994-08-15,Both,2028-04-03,2,397,38667,107,145,1151.0,499.0,52.38,450.0,689.0,8.01,10,50,8,39.7,97.4,85.79,643.0,783.0,1271.0,94.0,756.0,72.12,246.0,24,1908,79.5,157,14,"Muscle Injury, Ligament Damage, Shoulder Injury, Concussion, Hip Injury, Ankle Injury, Knee Injury, Hamstring Injury, Achilles Injury, Meniscus Tear, Fracture",2024-08-09,603.0,2.4,1,1,0,1,5.23,312,0,0.478,21287,0.488,0.329,0.183,8.46,263903,37.2,0,8.86,6161,2375,4049,29.74,38.2,98.36,5,Declining,0.2695214105793451,0.3652392947103274,252,0.6347607052896725,358.02777777777777,264.8424657534247,-3.0,17.94,10.0,21.410579345088166,3.18,50.98191181964193,0,Experienced,0.0,0.177816,40.30089889052952,0.5604,0.0,41.03091586901763,80.9668062703031,133.47727999029811,30-33,42,0.1,0.7,0.1,0.2,5.0,0.7,0.7799999999999999,1,3,Very High,1.0,Very High,Very Likely (now)
PL0154,Aymeric Laporte,Spain,CB,Al Nassr,30,1996-08-26,Both,2028-04-03,2,407,16920,5,27,914.5,427.0,46.795,425.0,459.0,6.4,10,27,8,40.7,41.6,84.81,1241.0,1022.0,1773.0,94.0,756.0,72.12,246.0,24,2046,85.2,156,9,"Ligament Damage, Shoulder Injury, Concussion, Hip Injury, Calf Injury, Ankle Injury, Knee Injury, Hamstring Injury, Back Injury, Achilles Injury, Meniscus Tear, Fracture",2026-02-24,39.0,2.4,1,1,0,1,5.61,347,0,0.0,8456,0.17,0.61,0.219,12.56,73776,59.6,1,6.54,378,4092,2235,11.63,15.55,36.53,6,Stable,0.0122850122850122,0.0663390663390663,32,0.0786240786240786,2820.0,604.2857142857143,-0.6999999999999993,18.14,10.0,14.742014742014746,3.408,19.93677318300053,0,Experienced,0.0,0.0,0.0,0.1944,5.15816,32.565202948402955,16.282601474201478,257.8400866856924,30-33,52,0.1,0.5,0.1,0.2,5.0,0.4,0.7100000000000001,1,3,Very High,1.0,Very High,Very Likely (now)
PL0155,Marcelo Brozović,Croatia,CDM,Al Nassr,32,1994-02-10,Both,2031-04-03,5,298,26192,80,46,914.5,427.0,46.795,340.0,325.0,6.55,10,40,7,29.8,87.9,89.42,345.0,783.0,1271.0,94.0,756.0,72.12,246.0,7,421,60.1,121,9,"Ligament Damage, Shoulder Injury, Calf Injury, Ankle Injury, Groin Strain, Achilles Injury",2023-09-08,939.0,0.7,0,0,0,0,1.15,71,0,0.222,12316,0.228,0.537,0.235,9.12,118949,68.8,1,4.74,4444,914,14499,17.45,21.07,5.59,1,Declining,0.2684563758389262,0.1543624161073825,126,0.4228187919463087,323.358024691358,557.2765957446809,-1.0,15.96,2.55,76.1744966442953,7.5125,74.78432761035236,0,Experienced,0.0,0.152736,19.06954904955417,0.2972,6.613692,45.22129932885907,66.11497323876078,245.10189338135,30-33,19,0.6,0.7,0.1,0.2,1.275,0.4,0.5525,1,2,High,0.98,Very High,Likely (6 months)
PL0156,Luis Suárez,Uruguay,ST,Inter Miami,37,1989-11-20,Right,2029-04-03,3,402,19043,35,88,469.0,476.0,40.56,593.0,457.0,7.89,10,20,0,40.2,47.4,85.79,643.0,783.0,1271.0,94.0,756.0,72.12,246.0,13,1283,98.7,154,35,"Ligament Damage, Shoulder Injury, Muscle Injury, Hip Injury, Calf Injury, Ankle Injury, ACL Injury, Hamstring Injury, Groin Strain, Back Injury, Meniscus Tear",2024-04-18,716.0,1.3,0,1,1,1,3.52,266,0,0.443,21129,0.378,0.342,0.28,12.99,142857,33.0,0,6.28,5728,294,5729,21.04,25.5,31.1,3,Declining,0.0870646766169154,0.2189054726368159,123,0.3059701492537313,528.9722222222222,213.96629213483143,8.0,18.04,8.120000000000001,33.83084577114428,7.05,54.101853968658354,0,Veteran,0.0,0.14619,57.30659249844358,0.485,0.0,42.90416915422885,100.0,194.6650143113832,34+,8,1.0,0.7,0.1,0.2,4.0600000000000005,0.7,1.0,1,3,Very High,1.0,Very High,Very Likely (now)
PL0157,Sergio Busquets,Spain,CDM,Inter Miami,36,1990-04-22,Right,2029-04-03,3,322,36180,59,83,914.5,427.0,46.795,591.0,219.0,6.57,10,36,6,32.2,112.4,84.97,654.0,783.0,1271.0,94.0,756.0,72.12,246.0,8,793,99.1,161,39,"Shoulder Injury, Hip Injury, Ankle Injury, Knee Injury, Back Injury, Achilles Injury",2024-02-01,793.0,0.8,1,0,0,0,2.17,141,0,0.253,7157,0.302,0.492,0.206,6.88,49088,15.5,1,7.98,2607,4070,5034,7.66,8.77,6.1,1,Declining,0.1832298136645962,0.2577639751552795,142,0.4409937888198758,603.0,430.7142857142857,0.4000000000000003,16.44,3.77,56.2111801242236,11.011111111111113,19.696777633076188,0,Veteran,0.0,0.039215,15.449896081877638,0.3732000000000001,3.5212440000000003,41.55663602484473,56.41316213523882,479.8687762684149,34+,6,1.0,0.7,0.1,0.2,1.885,0.4,0.7535000000000001,1,3,Very High,1.0,Very High,Very Likely (now)
PL0158,Jordi Alba,Spain,LB,Inter Miami,35,1991-04-05,Right,2027-04-04,1,244,35124,29,39,914.5,427.0,46.795,425.0,459.0,7.29,10,13,5,24.4,144.0,78.44,507.0,976.0,1124.0,94.0,756.0,72.12,246.0,16,1549,96.8,173,19,"Muscle Injury, Shoulder Injury, Concussion, Calf Injury, ACL Injury, Hamstring Injury, Groin Strain, Back Injury, Fracture",2026-04-03,1.0,1.6,0,1,1,1,4.24,350,1,0.394,6030,0.437,0.444,0.119,12.62,115936,69.3,1,2.82,1791,4116,1819,6.39,8.31,30.34,6,Declining,0.1188524590163934,0.1598360655737705,68,0.2786885245901639,1170.8,878.1,3.7,14.88,10.0,0.0,5.694117647058824,5.477041300059044,0,Veteran,0.0,0.273042,43.28204716715008,0.4281,2.6773200000000004,32.992200000000004,81.4191707507251,446.4438430311232,34+,10,1.0,0.7,0.1,0.2,5.0,0.5,1.0,1,3,Very High,1.0,Very High,Very Likely (now)
PL0159,Matheus Cunha,Brazil,ST,Wolverhampton,25,2001-04-16,Right,2031-04-03,5,304,41850,222,100,843.0,228.0,41.82,836.0,594.0,7.96,7,17,1,43.4,137.7,85.79,643.0,783.0,1271.0,94.0,756.0,72.12,246.0,15,1259,83.9,177,7,"Muscle Injury, Shoulder Injury, Hip Injury, Calf Injury, Ankle Injury, Knee Injury, Hamstring Injury, Achilles Injury, Meniscus Tear",2024-12-03,487.0,1.5,1,1,0,1,3.45,187,0,0.312,34378,0.286,0.38,0.334,5.77,355286,96.3,0,8.99,6056,3614,6338,91.2,114.64,187.98,6,Rising,0.7302631578947368,0.3289473684210526,322,1.0592105263157894,187.6681614349776,414.35643564356434,7.3,13.08,6.45,38.48684210526315,5.24375,390.849895591068,1,Prime,0.0,0.300456,18.803868993589965,0.4245,0.0,43.00236842105263,56.80698770091126,46.6403128210983,22-25,31,0.3,0.8,0.9,0.2,3.225,0.7,0.8125,1,3,Very High,1.0,Very High,Very Likely (now)
PL0160,Hwang Hee-chan,South Korea,ST,Wolverhampton,28,1998-08-14,Right,2031-04-03,5,453,28017,214,144,988.0,747.0,44.27,786.0,681.0,6.87,10,58,7,45.3,61.8,85.79,643.0,783.0,1271.0,94.0,756.0,72.12,246.0,6,606,101.0,156,15,"Ankle Injury, Muscle Injury, Groin Strain, Hip Injury",2025-02-06,422.0,0.6,0,0,0,0,1.66,108,0,0.401,48917,0.472,0.399,0.129,4.65,827430,92.8,0,5.35,6893,3447,16878,85.31,103.55,30.81,1,Stable,0.4724061810154525,0.3178807947019867,358,0.7902869757174393,130.31162790697675,193.2206896551724,-2.8000000000000007,19.06,2.86,76.15894039735099,14.428571428571429,365.6075065008115,1,Prime,0.0,0.372128,20.134305551239592,0.4757,0.0,47.47518807947021,68.2190523665945,55.005431675901065,26-29,60,0.1,0.8,0.9,0.2,1.43,0.7,0.5630000000000001,1,2,High,0.998,Very High,Likely (6 months)
PL0161,Eberechi Eze,England,CAM,Crystal Palace,26,2000-12-23,Left,2030-04-03,4,301,20521,11,55,914.5,427.0,46.795,193.0,480.0,6.94,8,60,0,37.6,68.2,92.98,755.0,783.0,1271.0,94.0,756.0,72.12,246.0,2,118,59.0,69,49,"Muscle Injury, Knee Injury",2026-01-11,83.0,0.2,1,0,0,0,0.32,18,0,0.057,37034,0.111,0.473,0.416,14.85,598368,9.2,1,5.52,932,2456,6783,84.55,110.11,46.34,1,Stable,0.0365448504983388,0.1827242524916943,66,0.2192691029900332,1710.0833333333333,366.44642857142856,4.0,14.02,0.72,94.01993355481729,19.666666666666668,289.88033923004207,1,Prime,0.0,0.0052439999999999,8.904331240529192,0.2167,17.517082,49.80138671096346,56.81719021627552,58.213193116263554,26-29,19,0.6,0.8,0.9,0.2,0.36,0.6,0.621,1,2,High,0.999,Very High,Likely (6 months)
PL0162,Michael Olise,France,RW,Bayern Munich,22,2004-07-08,Both,2028-04-03,2,310,27152,98,109,913.0,212.0,37.49,782.0,478.0,7.9,4,32,7,77.5,87.6,85.79,643.0,783.0,1271.0,94.0,756.0,72.12,246.0,5,417,83.4,173,22,"Muscle Injury, Shoulder Injury, Hip Injury, ACL Injury, Groin Strain",2024-09-01,580.0,0.5,0,0,1,1,1.14,80,0,0.307,9418,0.281,0.417,0.302,6.17,69506,62.6,1,6.21,9653,1946,7509,99.44,111.75,144.26,4,Rising,0.3161290322580645,0.3516129032258064,207,0.667741935483871,274.26262626262627,246.83636363636364,-0.1999999999999993,10.2,4.14,74.19354838709677,13.9,170.46541060340263,0,Emerging,12.379324215607404,0.192182,17.33275567593333,0.3858,3.927306,49.25030967741935,62.34428835260967,49.03455762387431,22-25,44,0.1,0.5,0.9,0.2,2.07,0.7,0.567,1,2,High,0.998,Very High,Likely (6 months)
PL0163,Ivan Toney,England,ST,Al Ahli,28,1998-12-01,Left,2027-04-04,1,406,15865,142,26,1355.0,237.0,54.32,691.0,373.0,7.14,10,20,4,40.6,39.1,85.79,643.0,783.0,1271.0,94.0,756.0,72.12,246.0,14,1312,93.7,166,15,"Ligament Damage, Shoulder Injury, Muscle Injury, Calf Injury, Hip Injury, Ankle Injury, Hamstring Injury, Groin Strain, Back Injury, Achilles Injury, Meniscus Tear",2024-12-18,472.0,1.4,0,1,0,1,3.59,218,0,0.241,41818,0.325,0.472,0.204,14.55,755028,66.8,1,4.78,8677,4766,17162,66.99,85.77,185.16,6,Stable,0.3497536945812808,0.064039408866995,168,0.4137931034482758,110.94405594405596,587.5925925925926,4.0,18.12,6.39,46.30541871921182,6.246666666666667,57.41893531939834,1,Prime,0.0,0.1609879999999999,37.31357045712269,0.3473,19.738096,42.13968374384236,84.26019755760522,61.979237746495606,26-29,32,0.3,0.8,0.6,0.2,3.195,0.7,0.7645,1,3,Very High,1.0,Very High,Very Likely (now)
PL0164,Alexander Isak,Sweden,ST,Newcastle,25,2001-04-06,Left,2031-04-03,5,452,25590,46,81,768.0,464.0,50.32,482.0,415.0,7.96,7,26,3,64.6,56.6,85.79,643.0,783.0,1271.0,94.0,756.0,72.12,246.0,4,229,57.2,76,30,"Fracture, Shoulder Injury, Hip Injury, Hamstring Injury",2024-05-22,682.0,0.4,0,1,0,1,0.63,56,0,0.683,34693,0.614,0.305,0.081,2.43,366950,76.2,0,2.77,1382,810,3739,141.81,182.36,206.04,4,Rising,0.1017699115044247,0.1792035398230088,127,0.2809734513274336,544.468085106383,312.0731707317073,4.4,16.04,1.4300000000000002,87.61061946902655,11.44,607.7458738351902,1,Prime,0.0,0.5204460000000001,17.35093374710095,0.6241000000000001,0.0,53.818323893805314,70.07556256755409,37.68526286240832,22-25,14,0.6,0.8,0.9,0.2,0.7150000000000001,0.7,0.6665,1,2,High,1.0,Very High,Likely (6 months)
PL0165,Anthony Gordon,England,LW,Newcastle,23,2003-01-18,Right,2028-04-03,2,259,20113,188,108,501.0,438.0,37.29,239.0,338.0,7.63,5,66,5,51.8,77.7,85.79,643.0,783.0,1271.0,94.0,756.0,72.12,246.0,11,1026,93.3,164,21,"Ligament Damage, Shoulder Injury, Muscle Injury, Calf Injury, Ankle Injury, Knee Injury, Groin Strain, Fracture",2026-03-05,30.0,1.1,1,0,0,1,2.81,195,0,0.355,12393,0.281,0.365,0.354,2.43,193608,68.6,0,7.6,3657,4724,14402,79.27,96.34,84.06,2,Rising,0.7258687258687259,0.416988416988417,296,1.1428571428571428,106.41798941798942,184.5229357798165,-1.5999999999999996,10.18,5.01,24.710424710424704,7.774999999999999,135.88890887501736,0,Emerging,21.53399772927969,0.2435299999999999,8.130448441202299,0.4293,0.0,38.35668494208494,41.35401513284592,47.78458320927487,22-25,20,0.6,0.8,0.9,0.2,2.505,0.7,0.8455,1,3,Very High,1.0,Very High,Very Likely (now)
PL0166,Bruno Guimarães,Brazil,CM,Newcastle,26,2000-08-05,Both,2030-04-03,4,201,34334,39,27,914.5,427.0,46.795,281.0,465.0,7.31,8,15,3,25.1,170.8,80.21,561.0,783.0,1271.0,94.0,756.0,72.12,246.0,4,435,108.8,171,30,"Groin Strain, Shoulder Injury, Hip Injury, Fracture",2024-05-04,700.0,0.4,0,0,0,1,1.19,101,0,0.225,11528,0.339,0.488,0.173,13.56,151594,63.6,1,5.67,1128,4634,17642,68.5,83.01,80.6,2,Stable,0.1940298507462686,0.1343283582089552,66,0.3283582089552239,858.35,1226.2142857142858,5.5,12.02,1.99,49.75124378109452,21.76,234.852788140247,1,Prime,0.0,0.1431,28.53484630253974,0.3508,5.625664,42.2958487562189,79.97019383191906,60.85733633988332,26-29,20,0.6,0.8,0.6,0.2,0.995,0.5,0.6295000000000001,1,2,High,1.0,Very High,Likely (6 months)
PL0167,Sandro Tonali,Italy,CDM,Newcastle,24,2002-09-18,Left,2031-04-03,5,359,19777,19,84,914.5,427.0,46.795,207.0,654.0,6.81,6,57,6,59.8,55.1,86.64,442.0,783.0,1271.0,94.0,756.0,72.12,246.0,14,1080,77.1,157,26,"Ligament Damage, Muscle Injury, Concussion, Calf Injury, Hip Injury, Ankle Injury, Back Injury, Achilles Injury, Fracture",2025-09-06,210.0,1.4,0,0,0,1,2.96,268,0,0.248,7297,0.364,0.443,0.192,3.29,119224,77.3,1,4.89,4170,2286,4627,43.51,51.91,133.68,6,Rising,0.0529247910863509,0.233983286908078,103,0.2869080779944289,988.85,232.6705882352941,-1.6999999999999993,13.18,5.76,25.348189415041773,5.14,186.467971021572,0,Prime,19.305906688117677,0.191704,7.257898555019697,0.3686999999999999,3.232571,35.68303788300835,37.20836677403372,80.16858657157573,22-25,31,0.3,0.8,0.3,0.2,2.88,0.4,0.658,1,2,High,1.0,Very High,Likely (6 months)
PL0168,Kieran Trippier,England,RB,Newcastle,34,1992-08-20,Left,2031-04-03,5,186,34533,29,23,914.5,427.0,46.795,425.0,459.0,6.77,10,62,5,18.6,185.7,86.5,693.0,325.0,1168.0,94.0,756.0,72.12,246.0,9,690,76.7,165,8,"Muscle Injury, Shoulder Injury, Concussion, Hip Injury, Calf Injury, Ankle Injury, ACL Injury, Back Injury",2025-06-27,281.0,0.9,0,0,1,1,1.89,132,0,0.288,6891,0.304,0.37,0.326,5.82,111240,40.5,0,3.63,4656,1269,13734,10.47,14.07,6.73,1,Declining,0.1559139784946236,0.1236559139784946,52,0.2795698924731182,1151.1,1438.875,-1.1999999999999993,13.72,5.69,29.032258064516128,7.67,44.87059656621143,0,Veteran,0.0,0.11664,14.81409751631337,0.3686999999999999,0.0,36.36785161290322,49.02507208092168,317.0693253086593,34+,47,0.1,0.7,0.1,0.2,2.845,0.5,0.5445000000000001,0,1,Medium,0.001,Low,Possible (1 year)
PL0169,Jarrod Bowen,England,RW,West Ham,28,1998-09-15,Both,2028-04-03,2,410,24935,189,28,728.0,577.0,35.89,353.0,176.0,6.59,10,37,5,41.0,60.8,85.79,643.0,783.0,1271.0,94.0,756.0,72.12,246.0,2,104,52.0,55,49,"Knee Injury, ACL Injury",2025-11-27,128.0,0.2,1,0,1,1,0.28,19,0,0.07,5277,0.179,0.494,0.327,10.89,39560,49.5,1,8.38,6759,2012,14694,79.73,100.08,21.96,1,Stable,0.4609756097560976,0.0682926829268292,217,0.5292682926829269,131.23684210526315,859.8275862068965,1.3000000000000007,18.2,2.68,95.36585365853658,17.333333333333332,136.67746568191163,1,Prime,0.0,0.03465,6.533903908757331,0.2667,2.606838,49.60657073170732,49.24414122898966,61.44750493212848,26-29,18,0.6,0.8,0.9,0.2,1.34,0.7,0.729,1,3,Very High,1.0,Very High,Very Likely (now)
PL0170,Wilfried Zaha,Ivory Coast,LW,Galatasaray,32,1994-08-15,Right,2029-04-03,3,431,38754,229,119,1440.0,552.0,53.8,587.0,183.0,7.58,10,29,6,43.1,89.9,85.79,643.0,783.0,1271.0,94.0,756.0,72.12,246.0,12,884,73.7,170,9,"Shoulder Injury, Concussion, Calf Injury, Hip Injury, Hamstring Injury, Groin Strain, Back Injury, Achilles Injury, Fracture",2025-06-22,286.0,1.2,0,1,0,1,2.42,159,0,0.433,39441,0.321,0.388,0.291,8.17,685162,30.2,0,6.48,2865,2598,12919,33.63,37.19,79.25,4,Declining,0.531322505800464,0.2761020881670533,348,0.8074245939675174,168.49565217391304,322.95,1.0999999999999996,18.62,4.82,63.10904872389791,5.6692307692307695,86.4755393995238,0,Experienced,0.0,0.130766,37.437063889713336,0.4567,0.0,47.57920974477958,90.3052007069598,137.3930399791498,30-33,56,0.1,0.7,0.1,0.2,2.41,0.7,0.521,0,1,Medium,0.001,Low,Possible (1 year)
PL0171,Douglas Luiz,Brazil,CM,Juventus,26,2000-11-09,Left,2031-04-03,5,220,18733,38,92,914.5,427.0,46.795,444.0,715.0,7.31,8,25,8,27.5,85.2,88.19,628.0,783.0,1271.0,94.0,756.0,72.12,246.0,9,770,85.6,161,30,"Muscle Injury, Concussion, Calf Injury, ACL Injury, Groin Strain, Achilles Injury, Meniscus Tear",2025-08-23,224.0,0.9,0,0,1,1,2.11,185,0,0.338,13971,0.423,0.37,0.207,12.6,115378,79.3,0,6.55,5587,2092,3209,57.5,77.08,76.42,4,Stable,0.1727272727272727,0.4181818181818181,130,0.5909090909090909,480.3333333333333,201.43010752688173,-0.5,12.4,5.91,15.909090909090908,8.559999999999999,246.42400215445625,1,Prime,0.0,0.268034,40.64943940852073,0.4536,0.0,35.80901818181818,87.05866820369019,61.21199689199689,26-29,37,0.1,0.8,0.6,0.2,2.955,0.5,0.6505000000000001,1,2,High,1.0,Very High,Likely (6 months)
PL0172,John McGinn,Scotland,CM,Aston Villa,30,1996-11-08,Left,2029-04-03,3,206,36093,70,104,914.5,427.0,46.795,416.0,737.0,6.79,10,47,3,20.6,175.2,85.73,475.0,783.0,1271.0,94.0,756.0,72.12,246.0,10,1040,104.0,169,8,"Shoulder Injury, Hip Injury, Ankle Injury, Groin Strain, Achilles Injury, Meniscus Tear",2023-11-06,880.0,1.0,0,0,0,1,2.85,193,0,0.322,16772,0.306,0.437,0.257,4.55,154088,94.2,1,6.64,9657,141,18403,28.65,32.93,98.3,6,Stable,0.3398058252427184,0.5048543689320388,174,0.8446601941747572,508.3521126760563,343.74285714285713,2.3,14.12,4.85,6.310679611650485,9.454545454545457,73.67006255713221,0,Experienced,0.0,0.303324,14.251797946575785,0.3996,7.329364,32.0453359223301,47.70036488102872,108.07870462843204,30-33,44,0.1,0.5,0.1,0.2,2.425,0.5,0.4625,0,1,Medium,0.004,Low,Possible (1 year)
PL0173,Emiliano Martínez,Argentina,GK,Aston Villa,32,1994-02-23,Right,2029-04-03,3,234,21465,1,1,914.5,427.0,46.795,425.0,459.0,7.1,10,66,6,23.4,91.7,85.79,643.0,783.0,1271.0,98.0,722.0,77.72,159.0,8,875,109.4,177,21,"Ligament Damage, Muscle Injury, Concussion, Hip Injury, Calf Injury, Hamstring Injury, Back Injury",2023-06-08,1031.0,0.8,0,1,0,0,2.4,170,0,0.45,11980,0.468,0.363,0.168,7.08,179880,80.8,0,1.57,2094,4455,6165,11.83,13.27,11.26,2,Declining,0.0042735042735042,0.0042735042735042,2,0.0085470085470085,10732.5,10732.5,-2.6,14.68,4.0,27.350427350427356,12.155555555555557,30.419435952910096,0,Experienced,0.0,0.3636,29.91997240727872,0.4635,0.0,37.73308547008547,75.74650134596081,294.1004323467301,30-33,54,0.1,0.7,0.1,0.2,2.0,0.3,0.44000000000000006,0,1,Medium,0.0,Low,Possible (1 year)
PL0174,Morgan Rogers,England,CAM,Aston Villa,22,2004-05-11,Both,2029-04-03,3,365,18811,55,91,914.5,427.0,46.795,189.0,717.0,7.41,4,67,6,91.2,51.5,91.89,695.0,783.0,1271.0,94.0,756.0,72.12,246.0,8,770,96.2,145,41,"Ligament Damage, Calf Injury, Ankle Injury, ACL Injury, Hamstring Injury, Back Injury, Meniscus Tear",2023-07-22,987.0,0.8,0,1,1,1,2.11,126,0,0.488,26773,0.371,0.356,0.273,10.45,525329,64.6,0,3.4,9278,4069,4701,70.79,93.01,120.05,3,Rising,0.1506849315068493,0.2493150684931507,146,0.4,335.9107142857143,204.4673913043478,-2.6999999999999997,11.3,5.71,65.47945205479452,10.68888888888889,182.0280533479717,0,Emerging,31.38861421104676,0.315248,51.99137331174526,0.4693,0.0,45.93449041095891,100.0,63.98452487945243,22-25,57,0.1,0.5,0.6,0.2,2.855,0.6,0.5905,1,2,High,0.998,Very High,Likely (6 months)
PL0175,Jarrad Branthwaite,England,CB,Everton,22,2004-02-05,Right,2028-04-03,2,267,32156,10,39,914.5,427.0,46.795,425.0,459.0,7.17,4,43,4,66.8,120.4,87.44,901.0,1095.0,1334.0,94.0,756.0,72.12,246.0,2,184,92.0,99,85,"Groin Strain, Hip Injury",2024-06-20,653.0,0.2,0,0,0,0,0.5,37,0,0.167,987,0.158,0.489,0.352,9.25,8930,98.1,1,7.08,1153,1719,17065,43.87,54.52,76.26,3,Rising,0.0374531835205992,0.146067415730337,49,0.1835205992509363,2923.2727272727275,803.9,1.6999999999999993,9.34,0.9,86.14232209737827,30.666666666666668,75.20431982271995,0,Emerging,24.276270800091197,0.163827,10.65210584734602,0.2872,0.482643,48.350864419475656,58.35359098075686,107.75766529858626,22-25,37,0.1,0.5,0.3,0.2,0.45,0.4,0.28500000000000003,0,0,Low,0.0,Low,Unlikely
PL0176,Dominic Calvert-Lewin,England,ST,Everton,27,1999-07-23,Both,2028-04-03,2,344,25584,60,35,1236.0,631.0,45.1,351.0,656.0,7.54,9,35,2,38.2,74.4,85.79,643.0,783.0,1271.0,94.0,756.0,72.12,246.0,3,313,104.3,156,50,"Ankle Injury, Back Injury",2025-03-25,375.0,0.3,0,0,0,0,0.86,66,0,0.35,29824,0.443,0.469,0.087,8.45,258547,92.8,1,8.09,5471,4835,12817,117.86,134.28,72.32,2,Stable,0.1744186046511628,0.1017441860465116,95,0.2761627906976744,419.40983606557376,710.6666666666666,4.5,15.88,1.46,80.81395348837209,26.075,202.04196795773365,1,Prime,0.0,0.3248,30.471424895402286,0.4599999999999999,13.987455999999998,50.41879069767442,87.99653269194064,42.41863595631367,26-29,9,1.0,0.8,0.9,0.2,0.73,0.7,0.8079999999999999,1,3,Very High,1.0,Very High,Very Likely (now)
PL0177,Jordan Pickford,England,GK,Everton,30,1996-04-03,Left,2030-04-03,4,374,28378,0,1,914.5,427.0,46.795,425.0,459.0,7.12,10,70,1,37.4,75.9,85.79,643.0,783.0,1271.0,55.0,828.0,69.48,383.0,5,503,100.6,176,34,"Ligament Damage, Concussion, Hip Injury, Ankle Injury, Meniscus Tear",2024-07-29,614.0,0.5,0,0,0,1,1.38,99,0,0.355,6858,0.338,0.383,0.279,12.65,128524,98.1,0,8.43,7642,4165,12827,21.85,26.32,53.46,5,Stable,0.0,0.0026737967914438,1,0.0026737967914438,28378.0,14189.0,2.0,17.48,2.38,73.52941176470588,16.766666666666666,74.9128966549547,0,Experienced,0.0,0.348255,39.66821803707507,0.4511,0.0,47.58408235294119,98.5343682320832,208.2454369931781,30-33,35,0.3,0.5,0.1,0.2,1.19,0.3,0.389,0,1,Medium,0.0,Low,Possible (1 year)
PL0178,Iliman Ndiaye,Senegal,CAM,Everton,24,2002-06-18,Left,2030-04-03,4,244,17316,65,23,914.5,427.0,46.795,187.0,370.0,7.88,6,64,5,40.7,71.0,81.72,742.0,783.0,1271.0,94.0,756.0,72.12,246.0,4,472,118.0,157,55,"Ankle Injury, Meniscus Tear, Calf Injury, Hip Injury",2026-03-09,26.0,0.4,0,0,0,1,1.29,72,1,0.495,1146,0.417,0.263,0.32,11.55,21485,63.7,0,5.31,7052,2189,8570,106.3,126.01,78.38,2,Rising,0.2663934426229508,0.0942622950819672,88,0.360655737704918,262.3636363636364,721.5,-1.4000000000000004,10.88,5.09,70.49180327868852,23.6,364.4503850993906,0,Prime,18.541862652869245,0.315315,40.2774837809079,0.5236000000000001,0.0,48.84156065573771,94.6570059992307,45.518695858096656,22-25,42,0.1,0.8,0.9,0.2,2.545,0.6,0.6645000000000001,1,2,High,1.0,Very High,Likely (6 months)
PL0179,Iago Aspas,Spain,ST,Celta Vigo,37,1989-01-07,Left,2030-04-03,4,235,28483,208,96,894.0,500.0,37.38,544.0,260.0,8.19,10,15,1,23.5,121.2,85.79,643.0,783.0,1271.0,94.0,756.0,72.12,246.0,10,827,82.7,159,9,"Ligament Damage, Shoulder Injury, Concussion, Ankle Injury, ACL Injury, Hamstring Injury, Achilles Injury, Meniscus Tear",2023-10-09,908.0,1.0,0,1,1,1,2.27,123,0,0.724,15940,0.589,0.172,0.239,8.07,167603,10.7,0,9.66,5918,1630,8434,29.46,41.21,61.48,5,Declining,0.8851063829787233,0.4085106382978723,304,1.2936170212765958,136.2822966507177,293.63917525773195,7.5,14.7,6.27,47.65957446808511,7.518181818181818,101.00384143958652,0,Veteran,0.0,0.077468,56.537567585258,0.7285000000000001,0.0,46.68891489361702,100.0,153.27943169276762,34+,28,0.3,0.7,0.1,0.2,3.135,0.7,0.6635,1,2,High,1.0,Very High,Likely (6 months)
PL0180,Borja Iglesias,Spain,ST,Bayer Leverkusen,31,1995-10-23,Both,2027-04-04,1,351,30009,134,105,1321.0,646.0,40.79,688.0,287.0,7.72,10,75,1,35.1,85.5,85.79,643.0,783.0,1271.0,94.0,756.0,72.12,246.0,9,786,87.3,155,7,"Concussion, Calf Injury, Ankle Injury, Knee Injury, Hamstring Injury, Groin Strain, Achilles Injury, Fracture",2024-12-16,474.0,0.9,1,1,0,1,2.15,190,0,0.55,9022,0.443,0.238,0.318,10.9,103476,25.0,0,7.44,6140,1174,1861,67.32,79.53,94.18,5,Declining,0.3817663817663818,0.2991452991452991,239,0.6809116809116809,222.2888888888889,283.10377358490564,1.5,17.02,3.95,45.868945868945865,8.73,57.701787217523446,0,Experienced,0.0,0.1375,54.59965525120704,0.5797,0.0,44.61718917378918,100.0,65.30619024266566,30-33,44,0.1,0.7,0.6,0.2,1.975,0.7,0.5525,1,2,High,0.997,Very High,Likely (6 months)
PL0181,Mikel Oyarzabal,Spain,LW,Real Sociedad,27,1999-07-16,Left,2027-04-04,1,247,15555,181,100,1157.0,664.0,42.59,649.0,330.0,7.32,9,45,1,27.4,63.0,85.79,643.0,783.0,1271.0,94.0,756.0,72.12,246.0,3,201,67.0,154,19,"Groin Strain, Muscle Injury",2025-02-17,411.0,0.3,0,0,0,0,0.55,45,0,0.23,11798,0.179,0.531,0.29,6.52,226059,2.2,1,4.06,6228,879,7914,105.47,134.45,69.22,1,Stable,0.7327935222672065,0.4048582995951417,281,1.137651821862348,85.46703296703296,154.009900990099,4.5,13.94,1.15,81.78137651821862,16.75,90.40118089471476,1,Prime,0.0,0.00506,14.059904783625438,0.2801,6.264738,48.98447530364373,63.282094827260025,46.00777242757935,26-29,50,0.1,0.8,0.9,0.2,0.575,0.7,0.4775000000000001,0,1,Medium,0.001,Low,Possible (1 year)
PL0182,Takefusa Kubo,Japan,RW,Real Sociedad,23,2003-05-25,Left,2030-04-03,4,288,25043,156,68,498.0,730.0,52.95,793.0,670.0,7.92,5,64,4,57.6,87.0,85.79,643.0,783.0,1271.0,94.0,756.0,72.12,246.0,11,741,67.4,158,8,"Ligament Damage, Concussion, Hip Injury, Ankle Injury, ACL Injury, Hamstring Injury, Back Injury, Fracture",2024-06-17,656.0,1.1,0,1,1,1,2.03,156,0,0.37,33492,0.367,0.409,0.224,14.86,625852,83.3,1,7.39,8303,3947,14071,75.44,96.67,39.97,3,Rising,0.5416666666666666,0.2361111111111111,224,0.7777777777777778,159.5095541401274,362.9420289855073,-0.4000000000000003,10.76,6.23,45.833333333333336,5.616666666666667,258.64663266131726,0,Emerging,28.14156945917286,0.30821,57.28625020901965,0.4502,13.698228,43.89906666666666,100.0,57.42944357230071,22-25,20,0.6,0.8,0.9,0.2,3.115,0.7,0.9065,1,3,Very High,1.0,Very High,Very Likely (now)
PL0183,Martin Zubimendi,Spain,CDM,Real Sociedad,25,2001-09-24,Both,2031-04-03,5,345,28785,50,116,914.5,427.0,46.795,223.0,382.0,7.15,7,45,5,49.3,83.4,80.55,415.0,783.0,1271.0,94.0,756.0,72.12,246.0,6,525,87.5,128,21,"Ligament Damage, Calf Injury, Ankle Injury, ACL Injury, Groin Strain, Achilles Injury",2023-04-24,1076.0,0.6,0,0,1,1,1.44,120,0,0.252,2645,0.274,0.463,0.263,11.32,44148,12.9,1,2.84,1669,62,13379,59.61,81.36,101.71,3,Rising,0.144927536231884,0.336231884057971,166,0.4811594202898551,564.4117647058823,246.02564102564105,0.5,13.9,4.64,65.21739130434783,12.5,255.46669162481976,1,Prime,0.0,0.032508,22.481097705793413,0.3188,1.224635,45.06107826086957,66.9721856891249,74.34594664390293,22-25,48,0.1,0.8,0.6,0.2,2.32,0.4,0.5770000000000001,1,2,High,0.999,Very High,Likely (6 months)
PL0184,Alexander Sørloth,Norway,ST,Atletico Madrid,29,1997-04-16,Left,2028-04-03,2,220,26681,102,46,642.0,494.0,40.48,649.0,379.0,7.99,10,46,4,22.0,121.3,85.79,643.0,783.0,1271.0,94.0,756.0,72.12,246.0,7,503,71.9,153,9,"Ligament Damage, Calf Injury, Knee Injury, Groin Strain, Achilles Injury, Fracture",2025-06-08,300.0,0.7,1,0,0,1,1.38,125,0,0.314,42529,0.235,0.467,0.298,2.56,444617,12.7,1,1.73,4478,2913,15244,98.25,119.19,216.25,5,Stable,0.4636363636363636,0.209090909090909,148,0.6727272727272727,259.0388349514563,567.6808510638298,1.4000000000000004,14.4,2.78,43.18181818181818,8.9875,168.42544842904573,0,Experienced,0.0,0.039878,8.567298576153014,0.3199999999999999,19.861043,44.11636363636365,49.34912968241135,44.44973666132357,26-29,34,0.3,0.5,0.9,0.2,1.39,0.7,0.569,1,2,High,1.0,Very High,Likely (6 months)
PL0185,Samuel Lino,Brazil,LW,Atletico Madrid,24,2002-07-16,Left,2027-04-04,1,224,22891,200,60,688.0,298.0,39.14,720.0,322.0,6.45,6,15,8,37.3,102.2,85.79,643.0,783.0,1271.0,94.0,756.0,72.12,246.0,5,442,88.4,179,35,"Concussion, Hip Injury, Knee Injury, Hamstring Injury, Meniscus Tear",2024-10-21,530.0,0.5,1,1,0,1,1.21,81,0,0.273,61216,0.374,0.451,0.175,11.97,638344,59.9,1,4.0,2274,3925,820,65.22,86.74,175.26,5,Rising,0.8928571428571429,0.2678571428571428,260,1.1607142857142858,113.88557213930348,375.2622950819672,0.5,10.48,2.21,63.83928571428572,14.733333333333334,55.9018205930909,0,Prime,32.99601349279362,0.163527,36.01839070454078,0.3712,27.608416,41.40625714285714,90.31071462823972,62.52832549510291,22-25,41,0.1,0.8,0.6,0.2,1.105,0.7,0.48550000000000004,0,1,Medium,0.0,Low,Possible (1 year)
PL0186,Robin Le Normand,Spain,CB,Atletico Madrid,28,1998-06-22,Both,2030-04-03,4,425,39681,14,5,914.5,427.0,46.795,425.0,459.0,6.67,10,64,7,42.5,93.4,83.17,1400.0,1152.0,552.0,94.0,756.0,72.12,246.0,13,939,72.2,124,30,"Ligament Damage, Muscle Injury, Concussion, Hip Injury, Ankle Injury, Back Injury, Meniscus Tear, Fracture",2026-01-30,64.0,1.3,0,0,0,1,2.57,188,0,0.249,6984,0.26,0.519,0.221,12.42,57502,90.4,1,5.53,3274,416,10427,34.6,43.03,75.08,4,Stable,0.0329411764705882,0.0117647058823529,19,0.0447058823529411,2645.4,6613.5,-3.4000000000000004,18.5,5.17,55.76470588235294,5.1571428571428575,118.6263718197452,1,Prime,0.0,0.225096,27.374034561826345,0.3291,3.624696,42.1911411764706,71.8166224309748,118.51444150693986,26-29,18,0.6,0.8,0.1,0.2,2.585,0.4,0.7035,1,3,Very High,1.0,Very High,Very Likely (now)
PL0187,Samu Omorodion,Spain,ST,Porto,20,2006-03-27,Right,2030-04-03,4,436,19434,242,83,1004.0,312.0,49.33,322.0,605.0,8.0,2,73,4,218.0,44.6,85.79,643.0,783.0,1271.0,94.0,756.0,72.12,246.0,3,313,104.3,161,71,"Ankle Injury, Shoulder Injury, Hamstring Injury",2024-09-13,568.0,0.3,0,1,0,0,0.86,71,0,0.677,6097,0.57,0.296,0.134,11.35,41779,4.0,0,1.69,9854,1304,4785,87.65,102.71,199.72,5,Rising,0.555045871559633,0.1903669724770642,325,0.7454128440366973,79.9753086419753,231.3571428571429,-1.3000000000000007,10.72,1.46,83.71559633027523,26.075,300.5087135838343,0,Emerging,17.18197375926981,0.02708,66.971126938274,0.5995,0.0,52.08611926605504,100.0,58.754787666164745,18-21,37,0.1,0.3,0.9,0.2,0.73,0.7,0.393,0,1,Medium,0.0,Low,Possible (1 year)
PL0188,Dani Parejo,Spain,CM,Villarreal,35,1991-10-18,Left,2027-04-04,1,224,20683,45,113,914.5,427.0,46.795,331.0,319.0,7.59,10,51,2,22.4,92.3,90.45,427.0,783.0,1271.0,94.0,756.0,72.12,246.0,7,747,106.7,147,32,"Shoulder Injury, Knee Injury, Hamstring Injury, Achilles Injury, Fracture",2025-03-14,386.0,0.7,1,1,0,1,2.05,128,0,0.241,21768,0.226,0.5,0.274,4.62,259007,28.3,1,5.02,2639,408,9487,15.02,17.7,17.65,3,Declining,0.2008928571428571,0.5044642857142857,158,0.7053571428571429,449.6304347826087,181.4298245614035,2.9000000000000004,14.48,3.45,42.85714285714286,13.3375,12.874046999512808,0,Veteran,0.0,0.068203,11.12110865081197,0.3144,10.884,42.45622857142857,51.00977726193224,265.0201533797039,34+,12,1.0,0.7,0.1,0.2,1.725,0.5,0.7475,1,3,Very High,1.0,Very High,Very Likely (now)
PL0189,Gerard Moreno,Spain,ST,Villarreal,32,1994-10-19,Right,2027-04-04,1,429,26288,100,83,1450.0,275.0,49.14,522.0,189.0,7.18,10,76,5,42.9,61.3,85.79,643.0,783.0,1271.0,94.0,756.0,72.12,246.0,14,1041,74.4,150,17,"Muscle Injury, Ligament Damage, Shoulder Injury, Calf Injury, Groin Strain, Back Injury, Achilles Injury, Meniscus Tear, Fracture",2026-03-13,22.0,1.4,0,0,0,1,2.85,169,1,0.193,28150,0.192,0.523,0.285,4.33,320199,35.1,1,8.7,2975,1865,6794,29.11,35.02,26.32,2,Declining,0.2331002331002331,0.1934731934731934,183,0.4265734265734265,260.2772277227723,312.95238095238096,-2.6,18.58,8.65,60.60606060606061,4.96,24.950965922491203,0,Experienced,0.0,0.067743,8.561926644352765,0.3172,14.72245,45.19161212121213,38.13869602713521,150.08838299970816,30-33,56,0.1,0.7,0.1,0.2,4.325,0.7,0.7125,1,3,Very High,1.0,Very High,Very Likely (now)
PL0190,Álex Baena,Spain,CAM,Villarreal,23,2003-11-14,Left,2028-04-03,2,277,34490,94,100,914.5,427.0,46.795,474.0,236.0,6.71,5,58,3,55.4,124.5,88.15,451.0,783.0,1271.0,94.0,756.0,72.12,246.0,7,650,92.9,144,42,"Shoulder Injury, Calf Injury, Ankle Injury, ACL Injury, Hamstring Injury, Back Injury, Fracture",2025-02-23,405.0,0.7,0,1,1,1,1.78,158,0,0.138,22842,0.165,0.434,0.401,11.92,200054,32.6,1,4.05,6997,3792,4749,44.83,53.8,93.16,4,Rising,0.3393501805054151,0.3610108303249097,194,0.7003610108303249,363.05263157894734,341.48514851485146,1.1999999999999993,10.54,5.18,42.96028880866426,11.6125,76.85000359362972,0,Emerging,20.00892259647557,0.044988,16.50947655001376,0.2584,9.913428,38.05685776173286,53.43264370588707,83.03918342075683,22-25,27,0.3,0.8,0.3,0.2,2.59,0.6,0.649,1,2,High,1.0,Very High,Likely (6 months)
PL0191,Ayoze Pérez,Spain,CAM,Villarreal,31,1995-03-02,Left,2029-04-03,3,280,24892,70,39,914.5,427.0,46.795,566.0,696.0,6.92,10,35,1,28.0,88.9,82.43,708.0,783.0,1271.0,94.0,756.0,72.12,246.0,18,1559,86.6,174,7,"Muscle Injury, Shoulder Injury, Ligament Damage, Concussion, Calf Injury, Knee Injury, Hamstring Injury, Groin Strain, Back Injury, Achilles Injury, Meniscus Tear, Fracture",2025-12-23,102.0,1.8,1,1,0,1,4.27,300,0,0.388,17881,0.397,0.377,0.226,2.75,211360,31.4,0,1.07,5936,3626,18217,25.53,35.59,50.6,5,Declining,0.25,0.1392857142857143,109,0.3892857142857143,350.59154929577466,622.3,5.5,15.6,7.869999999999999,0.0,4.557894736842105,65.64735417394714,0,Experienced,0.0,0.121832,10.447583742548046,0.4095999999999999,0.0,31.619200000000003,35.74097561382207,119.18281191104413,30-33,33,0.3,0.7,0.1,0.2,3.9349999999999996,0.6,0.7335,1,3,Very High,1.0,Very High,Very Likely (now)
PL0192,Paulo Dybala,Argentina,CAM,AS Roma,31,1995-06-07,Left,2030-04-03,4,444,39900,37,20,914.5,427.0,46.795,184.0,644.0,7.56,10,14,6,44.4,89.9,86.38,413.0,783.0,1271.0,94.0,756.0,72.12,246.0,20,2063,103.2,173,20,"Muscle Injury, Ligament Damage, Concussion, Calf Injury, Hip Injury, Ankle Injury, Groin Strain, Back Injury, Achilles Injury, Meniscus Tear, Fracture",2025-11-18,137.0,2.0,0,0,0,1,5.65,388,0,0.385,17229,0.333,0.451,0.216,12.04,337207,8.3,1,5.7,6376,3766,19822,27.88,38.88,8.95,1,Declining,0.0833333333333333,0.045045045045045,57,0.1283783783783783,1050.0,1900.0,2.6,18.880000000000003,9.65,12.612612612612622,4.914285714285715,95.58679902700857,0,Experienced,0.0,0.031955,45.21557973526616,0.4207,7.770279,37.37992252252252,87.2133308641605,129.43186469017493,30-33,7,1.0,0.7,0.1,0.2,4.825,0.6,1.0,1,3,Very High,1.0,Very High,Very Likely (now)
PL0193,Lorenzo Pellegrini,Italy,CM,AS Roma,28,1998-06-25,Left,2030-04-03,4,314,36299,58,100,914.5,427.0,46.795,270.0,797.0,7.3,10,33,4,31.4,115.6,88.29,695.0,783.0,1271.0,94.0,756.0,72.12,246.0,12,1139,94.9,162,15,"Muscle Injury, Shoulder Injury, Hip Injury, Calf Injury, Ankle Injury, Knee Injury, ACL Injury, Hamstring Injury, Back Injury, Achilles Injury, Meniscus Tear",2023-09-17,930.0,1.2,1,1,1,1,3.12,245,0,0.206,11634,0.217,0.516,0.266,9.47,98243,69.6,1,3.08,6171,2283,17558,52.94,73.31,114.94,5,Stable,0.1847133757961783,0.3184713375796178,158,0.5031847133757962,615.2372881355932,359.3960396039604,2.7,16.28,7.52,21.974522292993623,7.300000000000001,181.50520589992223,1,Prime,0.0,0.1433759999999999,18.26313415160807,0.2751,6.003144,37.40110445859872,51.05525345671147,69.33834716091718,26-29,47,0.1,0.8,0.3,0.2,3.76,0.5,0.6860000000000002,1,2,High,1.0,Very High,Likely (6 months)
PL0194,Evan Ndicka,France,CB,AS Roma,25,2001-07-09,Left,2027-04-04,1,268,23072,33,36,914.5,427.0,46.795,425.0,459.0,6.68,7,38,1,38.3,86.1,85.61,1203.0,912.0,1231.0,94.0,756.0,72.12,246.0,15,1197,79.8,150,12,"Ligament Damage, Shoulder Injury, Concussion, Hip Injury, Hamstring Injury, Groin Strain, Back Injury, Achilles Injury, Fracture",2023-12-28,828.0,1.5,0,1,0,1,3.28,291,0,0.083,12065,0.252,0.589,0.159,7.44,145940,5.6,1,4.98,4962,1592,4960,29.5,36.51,82.2,6,Rising,0.1231343283582089,0.1343283582089552,69,0.2574626865671642,678.5882352941177,623.5675675675676,5.2,12.36,6.279999999999999,0.0,4.9875,25.28524543845725,1,Prime,0.0,0.004648,5.803543648370117,0.2408,7.106285,29.6736,30.982115472555176,97.29049180327868,22-25,50,0.1,0.8,0.1,0.2,3.1399999999999997,0.4,0.5840000000000001,1,2,High,1.0,Very High,Likely (6 months)
PL0195,Artem Dovbyk,Ukraine,ST,AS Roma,27,1999-01-24,Right,2031-04-03,5,317,29049,144,66,906.0,635.0,37.32,675.0,476.0,7.59,9,54,6,35.2,91.6,85.79,643.0,783.0,1271.0,94.0,756.0,72.12,246.0,13,1279,98.4,171,27,"Ligament Damage, Muscle Injury, Concussion, Hamstring Injury, Groin Strain, Back Injury, Meniscus Tear, Fracture",2025-12-30,95.0,1.3,0,1,0,1,3.5,281,0,0.542,28799,0.409,0.256,0.336,10.88,322087,52.8,0,4.01,5521,954,18993,91.28,105.16,163.29,3,Stable,0.4542586750788643,0.2082018927444795,210,0.6624605678233438,200.33793103448275,433.56716417910445,-1.4000000000000004,15.34,6.1,11.35646687697161,7.028571428571429,391.19274637667417,1,Prime,0.0,0.286176,60.55075581290681,0.5284000000000001,0.0,36.75609337539433,100.0,39.831050471818735,26-29,58,0.1,0.8,0.9,0.2,3.05,0.7,0.725,1,3,Very High,1.0,Very High,Very Likely (now)
PL0196,Tijani Reijnders,Netherlands,CM,AC Milan,26,2000-06-08,Both,2027-04-04,1,245,41552,71,82,914.5,427.0,46.795,501.0,621.0,6.9,8,37,6,30.6,169.6,83.05,497.0,783.0,1271.0,94.0,756.0,72.12,246.0,9,956,106.2,165,50,"Ligament Damage, Muscle Injury, Concussion, ACL Injury, Hamstring Injury, Achilles Injury, Meniscus Tear, Fracture",2024-06-13,660.0,0.9,0,1,1,1,2.62,138,0,0.035,13692,0.038,0.599,0.363,13.78,134796,30.5,1,5.54,5278,857,1835,54.58,76.41,99.93,4,Stable,0.2897959183673469,0.3346938775510204,153,0.6244897959183674,577.1111111111111,500.6265060240964,0.3000000000000007,12.9,6.42,43.67346938775511,10.62,46.78198969596598,1,Prime,0.0,0.010675,4.593733887593837,0.161,8.201508,39.23669387755103,33.66894777016627,70.59498718523035,26-29,11,1.0,0.8,0.3,0.2,3.21,0.5,0.9460000000000002,1,3,Very High,1.0,Very High,Very Likely (now)
PL0197,Youssef Maleh,Morocco,CM,AC Milan,26,2000-01-25,Right,2027-04-04,1,211,34624,51,53,914.5,427.0,46.795,360.0,525.0,7.14,8,43,0,26.4,164.1,85.09,652.0,783.0,1271.0,94.0,756.0,72.12,246.0,15,1534,102.3,178,22,"Ligament Damage, Concussion, Ankle Injury, Knee Injury, ACL Injury, Hamstring Injury, Groin Strain, Achilles Injury, Meniscus Tear, Fracture",2025-05-06,333.0,1.5,1,1,1,1,4.2,366,0,0.328,6461,0.384,0.445,0.171,4.92,72684,76.4,1,1.06,7996,3067,10117,41.87,55.64,67.14,4,Stable,0.2417061611374407,0.2511848341232227,104,0.4928909952606635,665.8461538461538,641.1851851851852,5.7,12.22,9.2,0.0,6.39375,35.88790598332898,1,Prime,0.0,0.250592,14.15863666566936,0.368,2.875145,31.74,38.70795499850404,74.03778866340099,26-29,33,0.3,0.8,0.3,0.2,4.6,0.5,0.8400000000000001,1,3,Very High,1.0,Very High,Very Likely (now)
PL0198,Fikayo Tomori,England,CB,AC Milan,27,1999-04-27,Both,2027-04-04,1,287,29409,16,26,914.5,427.0,46.795,425.0,459.0,7.04,9,31,8,31.9,102.5,83.74,493.0,615.0,1416.0,94.0,756.0,72.12,246.0,12,1359,113.2,179,10,"Ligament Damage, Muscle Injury, Hip Injury, Ankle Injury, Knee Injury, ACL Injury, Groin Strain, Back Injury, Meniscus Tear, Fracture",2024-12-13,477.0,1.2,1,0,1,1,3.72,312,0,0.137,16414,0.097,0.554,0.349,13.7,111496,77.1,1,3.37,7486,3727,1281,34.11,45.04,65.91,5,Stable,0.0557491289198606,0.0905923344947735,42,0.1463414634146341,1729.9411764705883,1089.2222222222222,-1.0999999999999996,14.74,8.120000000000001,0.0,8.707692307692309,29.2366007425687,1,Prime,0.0,0.105627,18.217099112706304,0.2068,9.093356000000002,31.521600000000003,46.846448669059455,89.77954998575906,26-29,33,0.3,0.8,0.1,0.2,4.0600000000000005,0.4,0.7460000000000002,1,3,Very High,1.0,Very High,Very Likely (now)
PL0199,Davide Frattesi,Italy,CM,Inter Milan,25,2001-03-08,Left,2028-04-03,2,285,41744,90,34,914.5,427.0,46.795,216.0,537.0,7.93,7,12,6,40.7,146.5,87.86,220.0,783.0,1271.0,94.0,756.0,72.12,246.0,3,275,91.7,143,8,"Ligament Damage, Achilles Injury",2024-07-13,630.0,0.3,0,0,0,0,0.75,58,0,0.538,4056,0.469,0.355,0.176,11.71,47100,11.1,0,2.66,2879,4570,7539,88.05,110.96,23.63,2,Rising,0.3157894736842105,0.119298245614035,124,0.4350877192982456,458.72527472527474,1192.6857142857143,2.8,12.7,1.35,79.64912280701755,22.925,150.94005836312954,1,Prime,0.0,0.059718,52.34148793421935,0.5115,0.0,51.21282456140352,100.0,57.51019041145818,22-25,49,0.1,0.8,0.9,0.2,0.675,0.5,0.4675000000000001,0,1,Medium,0.0,Low,Possible (1 year)
PL0200,Mehdi Taremi,Iran,ST,Inter Milan,32,1994-11-04,Right,2031-04-03,5,216,40873,210,67,1122.0,264.0,48.1,731.0,365.0,7.05,10,35,2,21.6,189.2,85.79,643.0,783.0,1271.0,94.0,756.0,72.12,246.0,13,1272,97.8,179,14,"Muscle Injury, Shoulder Injury, Concussion, Calf Injury, Knee Injury, ACL Injury, Hamstring Injury, Groin Strain, Meniscus Tear",2023-11-29,857.0,1.3,1,1,1,1,3.48,296,0,0.408,60879,0.434,0.31,0.256,10.35,1077725,37.4,0,5.76,7538,3151,14763,31.13,38.07,49.26,3,Declining,0.9722222222222222,0.3101851851851852,277,1.2824074074074074,193.7109004739337,601.0735294117648,4.5,14.32,8.08,0.0,6.985714285714286,133.41181194901256,0,Experienced,0.0,0.1525919999999999,46.52115181647919,0.489,0.0,32.042,89.64272772471878,99.72611266728916,30-33,49,0.1,0.7,0.1,0.2,4.04,0.7,0.684,1,2,High,1.0,Very High,Likely (6 months)
PL0201,Piotr Zieliński,Poland,CM,Inter Milan,30,1996-08-23,Left,2029-04-03,3,454,29160,39,57,914.5,427.0,46.795,341.0,365.0,7.33,10,41,0,45.4,64.2,84.31,420.0,783.0,1271.0,94.0,756.0,72.12,246.0,5,503,100.6,164,23,"Muscle Injury, Groin Strain, Back Injury, Achilles Injury, Fracture",2026-03-31,4.0,0.5,0,0,0,1,1.38,94,1,0.282,15039,0.296,0.47,0.234,14.58,249849,23.9,1,7.87,1233,518,11575,40.29,47.37,80.2,4,Stable,0.0859030837004405,0.1255506607929515,96,0.211453744493392,729.0,502.7586206896552,5.9,19.08,5.38,79.29515418502203,16.766666666666666,103.60093614055349,0,Experienced,0.0,0.0673979999999999,39.54691074675284,0.3863,7.06833,49.7676308370044,93.44418153863148,120.53192258901528,30-33,25,0.3,0.5,0.1,0.2,2.69,0.5,0.5590000000000002,1,2,High,1.0,Very High,Likely (6 months)
PL0202,Teun Koopmeiners,Netherlands,CM,Juventus,26,2000-03-20,Both,2031-04-03,5,198,16856,77,33,914.5,427.0,46.795,353.0,713.0,6.74,8,48,0,24.8,85.1,90.29,243.0,783.0,1271.0,94.0,756.0,72.12,246.0,6,644,107.3,162,48,"Concussion, Calf Injury, Hip Injury, ACL Injury, Back Injury, Meniscus Tear",2024-11-18,502.0,0.6,0,0,1,1,1.76,98,0,0.273,31647,0.346,0.454,0.199,9.13,275652,65.0,1,5.39,3571,3128,9621,59.83,69.85,78.14,3,Stable,0.3888888888888889,0.1666666666666666,110,0.5555555555555556,216.1025641025641,495.7647058823529,5.2,11.96,4.96,50.505050505050505,15.328571428571427,256.4095312852368,1,Prime,0.0,0.17745,25.828253734995588,0.3761,14.367738,40.20521010101011,68.92498565299843,66.09437794017772,26-29,35,0.3,0.8,0.6,0.2,2.48,0.5,0.673,1,2,High,1.0,Very High,Likely (6 months)
PL0204,Timothy Weah,USA,RW,Juventus,24,2002-12-04,Left,2028-04-03,2,287,35994,227,113,906.0,234.0,40.45,326.0,536.0,7.58,6,26,4,47.8,125.4,85.79,643.0,783.0,1271.0,94.0,756.0,72.12,246.0,13,1315,101.2,180,8,"Muscle Injury, Shoulder Injury, Concussion, Calf Injury, Hip Injury, Knee Injury, Groin Strain, Back Injury, Achilles Injury, Meniscus Tear",2025-12-19,106.0,1.3,1,0,0,1,3.6,213,0,0.452,6960,0.459,0.312,0.228,5.9,75067,70.4,0,8.21,4949,2957,5090,68.3,86.66,68.21,3,Rising,0.7909407665505227,0.3937282229965156,340,1.1846689895470384,157.8684210526316,315.7368421052632,3.4000000000000004,11.74,6.2,25.78397212543554,7.228571428571429,117.08354328451728,0,Prime,26.881405563689604,0.318208,23.596055533572606,0.5382,0.0,38.90119442508711,62.44468051290246,56.13447968988039,22-25,16,0.6,0.8,0.6,0.2,3.1,0.7,0.86,1,3,Very High,1.0,Very High,Very Likely (now)
PL0205,Khéphren Thuram,France,CM,Nice,23,2003-02-19,Left,2027-04-04,1,223,18707,19,84,914.5,427.0,46.795,160.0,625.0,7.41,5,29,1,44.6,83.9,80.19,754.0,783.0,1271.0,94.0,756.0,72.12,246.0,8,958,119.8,175,30,"Muscle Injury, Knee Injury, Hamstring Injury, Groin Strain, Meniscus Tear, Fracture",2025-12-14,111.0,0.8,1,1,0,1,2.62,212,0,0.544,13864,0.567,0.283,0.15,2.28,172772,94.0,0,4.44,6140,104,19092,55.92,62.33,171.26,5,Rising,0.085201793721973,0.3766816143497757,103,0.4618834080717489,935.35,220.08235294117648,6.1,9.46,4.220000000000001,4.932735426008975,13.31111111111111,47.93053982774676,0,Emerging,11.462804005722454,0.51136,11.829084347328424,0.5755,0.0,33.6695470852018,46.13840006359354,59.15240176599051,22-25,60,0.1,0.8,0.3,0.2,2.1100000000000003,0.5,0.5210000000000001,0,1,Medium,0.008,Low,Possible (1 year)
PL0206,Jean-Clair Todibo,France,CB,West Ham,25,2001-10-22,Left,2030-04-03,4,350,19866,21,55,914.5,427.0,46.795,425.0,459.0,6.69,7,68,3,50.0,56.8,88.41,1062.0,735.0,1549.0,94.0,756.0,72.12,246.0,4,380,95.0,168,17,"Groin Strain, Fracture, Hip Injury, Hamstring Injury",2026-01-31,63.0,0.4,0,1,0,1,1.04,86,0,0.077,4720,0.148,0.594,0.259,6.16,34022,94.2,1,2.64,1913,4809,5446,44.15,60.73,53.96,2,Rising,0.06,0.1571428571428571,76,0.2171428571428571,903.0,354.75,0.1999999999999993,14.0,1.84,75.42857142857143,19.0,151.36862184513728,1,Prime,0.0,0.072534,4.012640914633515,0.1828,2.80368,45.01131428571429,44.84461851480742,99.69283341243477,22-25,33,0.3,0.8,0.3,0.2,0.92,0.4,0.4620000000000001,0,1,Medium,0.001,Low,Possible (1 year)
PL0207,Giacomo Raspadori,Italy,ST,Napoli,24,2002-12-07,Both,2027-04-04,1,221,23959,197,98,1365.0,585.0,40.82,295.0,377.0,8.14,6,45,7,36.8,108.4,85.79,643.0,783.0,1271.0,94.0,756.0,72.12,246.0,12,1167,97.2,170,15,"Ligament Damage, Muscle Injury, Concussion, Calf Injury, Ankle Injury, Back Injury, Achilles Injury, Meniscus Tear",2026-02-02,61.0,1.2,0,0,0,1,3.2,250,0,0.499,19855,0.516,0.349,0.135,12.24,343218,6.5,0,6.05,8497,213,4051,110.89,141.58,34.75,1,Rising,0.8914027149321267,0.4434389140271493,295,1.334841628959276,121.0050505050505,242.010101010101,-1.5,10.42,5.6,0.0,7.476923076923077,95.0468090396788,0,Prime,27.67607539002616,0.032435,60.44399018470854,0.5451,0.0,35.73420000000001,100.0,31.936902314773448,22-25,30,0.3,0.8,0.9,0.2,2.8,0.7,0.7699999999999999,1,3,Very High,1.0,Very High,Very Likely (now)
PL0208,Stanislav Lobotka,Slovakia,CDM,Napoli,30,1996-12-27,Right,2028-04-03,2,325,39231,78,84,914.5,427.0,46.795,345.0,450.0,7.59,10,57,8,32.5,120.7,80.22,708.0,783.0,1271.0,94.0,756.0,72.12,246.0,5,618,123.6,175,44,"Ankle Injury, Muscle Injury, Shoulder Injury, Concussion",2023-08-22,956.0,0.5,0,0,0,0,1.69,123,0,0.208,14463,0.303,0.461,0.235,2.04,213188,59.0,1,8.6,157,4602,2403,45.22,54.1,60.48,3,Stable,0.24,0.2584615384615384,162,0.4984615384615384,496.5949367088608,461.54117647058825,-3.6999999999999993,16.5,2.69,62.15384615384615,20.6,77.51856262556181,0,Experienced,0.0,0.12272,4.064738680822392,0.3679,6.6674430000000005,46.82656923076923,44.13039263661821,101.31235229504377,30-33,44,0.1,0.5,0.3,0.2,1.345,0.4,0.37450000000000006,0,1,Medium,0.0,Low,Possible (1 year)
PL0209,Matteo Politano,Italy,RW,Napoli,31,1995-12-25,Both,2029-04-03,3,225,30119,87,98,450.0,606.0,50.42,657.0,528.0,7.26,10,23,4,22.5,133.9,85.79,643.0,783.0,1271.0,94.0,756.0,72.12,246.0,7,600,85.7,158,7,"Ligament Damage, Shoulder Injury, Hip Injury, Knee Injury, ACL Injury, Achilles Injury",2025-04-18,351.0,0.7,1,0,1,1,1.64,145,0,0.376,4506,0.303,0.332,0.365,10.97,67597,52.7,0,4.1,8683,3833,15435,46.08,51.23,24.15,1,Declining,0.3866666666666666,0.4355555555555555,185,0.8222222222222222,342.2613636363636,304.2323232323232,3.7,14.5,5.04,35.55555555555556,10.7125,118.48923150550272,0,Experienced,0.0,0.198152,34.70286572023257,0.4159,0.0,39.88291111111111,81.91575413590442,84.71306523175683,30-33,38,0.1,0.7,0.3,0.2,2.52,0.7,0.5619999999999999,1,2,High,0.983,Very High,Likely (6 months)
PL0210,Giovanni Di Lorenzo,Italy,RB,Napoli,31,1995-10-26,Both,2027-04-04,1,320,18211,7,11,914.5,427.0,46.795,425.0,459.0,6.41,10,61,7,32.0,56.9,86.31,746.0,512.0,1503.0,94.0,756.0,72.12,246.0,17,1320,77.6,169,10,"Muscle Injury, Shoulder Injury, Ligament Damage, Concussion, Calf Injury, Hip Injury, Ankle Injury, Groin Strain, Meniscus Tear",2023-05-02,1068.0,1.7,0,0,0,1,3.62,312,0,0.232,14383,0.172,0.426,0.402,9.65,100853,38.6,1,2.16,1747,911,18653,13.85,16.01,23.41,3,Declining,0.021875,0.034375,18,0.05625,2276.375,1517.5833333333333,-3.1,16.4,7.02,2.5,4.311111111111111,11.871208451614674,0,Experienced,0.0,0.089552,21.433984088925488,0.2808,6.127158,29.9816,53.10177613338823,201.89629629629627,30-33,6,1.0,0.7,0.1,0.2,3.51,0.5,0.926,1,3,Very High,1.0,Very High,Very Likely (now)
PL0211,Amir Rrahmani,Kosovo,CB,Napoli,30,1996-01-12,Left,2031-04-03,5,417,37192,16,8,914.5,427.0,46.795,425.0,459.0,6.74,10,29,0,41.7,89.2,82.36,1410.0,558.0,1343.0,94.0,756.0,72.12,246.0,5,346,69.2,176,9,"Ankle Injury, Calf Injury, Concussion, Hip Injury",2024-02-29,765.0,0.5,0,0,0,0,0.95,62,0,0.119,12841,0.231,0.577,0.193,5.98,69631,49.1,1,2.82,5309,4921,12062,30.68,34.88,47.33,3,Stable,0.0383693045563549,0.0191846522781774,24,0.0575539568345323,2187.764705882353,4132.444444444444,7.1,18.34,1.95,85.13189448441247,11.533333333333331,131.4832762799777,0,Experienced,0.0,0.058429,6.7322641647832695,0.2297,7.409256999999999,48.1137788968825,50.25528569561616,151.87430207349274,30-33,32,0.3,0.5,0.1,0.2,0.975,0.4,0.37750000000000006,0,1,Medium,0.0,Low,Possible (1 year)
PL0212,Serhou Guirassy,Guinea,ST,Borussia Dortmund,28,1998-11-12,Both,2027-04-04,1,334,37877,174,101,1232.0,205.0,40.36,414.0,650.0,7.38,10,50,3,33.4,113.4,85.79,643.0,783.0,1271.0,94.0,756.0,72.12,246.0,8,690,86.2,159,11,"Shoulder Injury, Hip Injury, Calf Injury, Ankle Injury, Hamstring Injury, Groin Strain, Back Injury, Fracture",2023-12-27,829.0,0.8,0,1,0,1,1.89,105,0,0.301,49677,0.409,0.472,0.119,3.94,512245,81.6,1,8.6,3453,3067,13348,102.32,117.01,204.24,4,Stable,0.5209580838323353,0.3023952095808383,275,0.8233532934131736,216.44,371.34313725490193,2.0,16.68,3.49,68.562874251497,9.577777777777778,87.70123095806595,1,Prime,0.0,0.2456159999999999,12.823945706316092,0.4347,23.447544,47.437974850299405,55.974905984623845,45.91364193795916,26-29,57,0.1,0.8,0.9,0.2,1.745,0.7,0.5945,1,2,High,0.999,Very High,Likely (6 months)
PL0213,Karim Adeyemi,Germany,LW,Borussia Dortmund,23,2003-11-11,Left,2027-04-04,1,334,30418,211,86,1453.0,283.0,53.42,635.0,229.0,7.08,5,11,2,66.8,91.1,85.79,643.0,783.0,1271.0,94.0,756.0,72.12,246.0,5,567,113.4,173,7,"Calf Injury, Hip Injury, Ankle Injury, Groin Strain, Meniscus Tear",2024-02-26,768.0,0.5,0,0,0,1,1.55,101,0,0.166,60626,0.249,0.537,0.215,11.5,1014669,61.0,1,4.17,898,4113,11895,68.09,91.54,239.53,6,Rising,0.6317365269461078,0.2574850299401197,297,0.8892215568862275,143.4811320754717,349.632183908046,6.9,11.68,2.55,69.76047904191617,18.9,58.361774979815394,0,Emerging,34.43971214568953,0.10126,21.02285413359056,0.2754,32.556162,45.15889580838324,69.01372910457746,65.36241975449882,22-25,18,0.6,0.8,0.6,0.2,1.275,0.7,0.6774999999999999,1,2,High,1.0,Very High,Likely (6 months)
PL0214,Jamie Bynoe-Gittens,England,LW,Borussia Dortmund,20,2006-08-04,Left,2030-04-03,4,436,39815,61,46,804.0,648.0,52.39,316.0,189.0,7.99,2,73,2,218.0,91.3,85.79,643.0,783.0,1271.0,94.0,756.0,72.12,246.0,2,102,51.0,85,17,Muscle Injury,2025-01-04,455.0,0.2,0,0,0,0,0.28,25,0,0.34,44397,0.414,0.438,0.148,7.41,536904,36.3,1,2.09,2241,975,16258,73.33,99.17,94.2,3,Rising,0.1399082568807339,0.1055045871559633,107,0.2454128440366972,642.1774193548387,847.1276595744681,0.6999999999999993,10.72,0.68,94.26605504587155,17.0,251.41248108502643,0,Emerging,35.23796536206192,0.12342,26.95997268012758,0.3934999999999999,19.445886,53.74421100917432,85.95206452477854,72.30487153124487,18-21,46,0.1,0.3,0.9,0.2,0.34,0.7,0.35400000000000004,0,1,Medium,0.0,Low,Possible (1 year)
PL0215,Nico Schlotterbeck,Germany,CB,Borussia Dortmund,25,2001-11-27,Both,2030-04-03,4,418,29464,10,52,914.5,427.0,46.795,425.0,459.0,6.87,7,47,4,59.7,70.5,82.15,1256.0,708.0,518.0,94.0,756.0,72.12,246.0,14,1372,98.0,180,11,"Muscle Injury, Shoulder Injury, Calf Injury, Ankle Injury, Knee Injury, ACL Injury, Groin Strain, Back Injury, Achilles Injury, Fracture",2024-01-06,819.0,1.4,1,0,1,1,3.76,301,0,0.308,4839,0.405,0.388,0.207,7.86,41525,86.3,0,6.53,5557,4556,10256,29.33,35.09,68.63,4,Rising,0.0239234449760765,0.124401913875598,62,0.1483253588516746,2678.5454545454545,555.9245283018868,1.3000000000000007,15.36,8.559999999999999,27.99043062200957,6.533333333333333,100.55813541829843,1,Prime,0.0,0.265804,20.540367908899583,0.4324,0.0,37.01488612440192,52.19799492555034,122.04050815826548,22-25,8,1.0,0.8,0.1,0.2,4.279999999999999,0.4,1.0,1,3,Very High,1.0,Very High,Very Likely (now)
PL0216,Mats Hummels,Germany,CB,AS Roma,36,1990-03-14,Both,2028-04-03,2,417,24063,25,41,914.5,427.0,46.795,425.0,459.0,6.57,10,57,8,41.7,57.7,85.33,739.0,444.0,1094.0,94.0,756.0,72.12,246.0,9,794,88.2,161,16,"Ligament Damage, Shoulder Injury, Muscle Injury, Calf Injury, Ankle Injury, Knee Injury, Back Injury, Meniscus Tear",2024-07-08,635.0,0.9,1,0,0,1,2.18,185,0,0.029,3799,0.141,0.574,0.285,11.77,29106,14.5,1,1.32,1414,1689,2217,7.33,10.01,31.78,6,Declining,0.0599520383693045,0.0983213429256594,66,0.158273381294964,925.5,572.9285714285714,-3.6999999999999993,18.34,3.98,55.63549160671462,8.82,12.56548129246723,0,Veteran,0.0,0.004205,2.8135000234827228,0.1523,2.180626,41.37969832134293,36.95009919589555,496.75508188887073,34+,44,0.1,0.7,0.1,0.2,1.99,0.4,0.44900000000000007,0,1,Medium,0.001,Low,Possible (1 year)
PL0217,Marco Reus,Germany,CAM,LA Galaxy,35,1991-09-21,Both,2029-04-03,3,308,31670,69,46,914.5,427.0,46.795,532.0,538.0,6.75,10,70,0,30.8,102.8,89.36,338.0,783.0,1271.0,94.0,756.0,72.12,246.0,20,1752,87.6,177,9,"Ligament Damage, Shoulder Injury, Muscle Injury, Concussion, Hip Injury, Ankle Injury, Groin Strain, Achilles Injury, Fracture",2024-11-13,507.0,2.0,0,0,0,1,4.8,305,0,0.266,9561,0.302,0.389,0.309,12.53,63858,8.9,0,4.78,9689,4762,6398,6.93,8.98,21.4,4,Declining,0.224025974025974,0.1493506493506493,115,0.3733766233766233,452.4285714285714,673.8297872340426,3.0,16.16,8.8,0.9740259740259772,4.171428571428571,17.81966958188224,0,Veteran,0.0,0.023674,30.548602135513317,0.367,0.0,31.1608051948052,63.80330580067256,392.9483631122976,34+,11,1.0,0.7,0.1,0.2,4.4,0.6,1.0,1,3,Very High,1.0,Very High,Very Likely (now)
PL0218,Xaver Schlager,Austria,CDM,RB Leipzig,27,1999-09-25,Left,2030-04-03,4,342,29841,32,39,914.5,427.0,46.795,184.0,681.0,6.97,9,34,3,38.0,87.3,92.91,205.0,783.0,1271.0,94.0,756.0,72.12,246.0,7,931,133.0,149,109,"Muscle Injury, Shoulder Injury, Ligament Damage, Hip Injury, Ankle Injury, Meniscus Tear, Fracture",2026-03-10,25.0,0.7,0,0,0,1,2.55,171,1,0.127,5201,0.131,0.448,0.421,11.94,63326,21.7,1,3.89,6544,4394,4545,39.45,46.42,74.55,4,Stable,0.0935672514619883,0.1140350877192982,71,0.2076023391812865,904.2727272727273,746.025,3.6,15.84,6.949999999999999,50.0,16.625,135.2546349216459,1,Prime,0.0,0.027559,12.975358027558514,0.2394,2.330048,41.5268,46.326437041337776,102.66205191594564,26-29,13,0.6,0.8,0.1,0.2,3.4749999999999996,0.4,0.7925,1,3,Very High,1.0,Very High,Very Likely (now)
PL0219,Amadou Haidara,Mali,CM,RB Leipzig,26,2000-07-27,Left,2031-04-03,5,228,33820,68,62,914.5,427.0,46.795,181.0,296.0,6.6,8,38,5,28.5,148.3,88.12,360.0,783.0,1271.0,94.0,756.0,72.12,246.0,3,283,94.3,141,70,"Ankle Injury, Back Injury, Hamstring Injury",2024-11-05,515.0,0.3,0,1,0,0,0.78,68,0,0.156,32041,0.205,0.457,0.338,6.28,319520,42.4,1,2.54,2324,4950,9269,49.04,65.99,12.54,1,Stable,0.2982456140350877,0.2719298245614035,130,0.5701754385964912,490.1449275362319,536.8253968253969,1.1999999999999993,12.56,1.38,70.17543859649123,23.575,210.16753157660057,1,Prime,0.0,0.066144,10.16398682787974,0.2578999999999999,14.642737,43.46288771929825,54.21742410146874,86.85629040627148,26-29,32,0.3,0.8,0.3,0.2,0.69,0.5,0.449,0,1,Medium,0.001,Low,Possible (1 year)
PL0220,Mohamed Simakan,France,CB,RB Leipzig,24,2002-06-28,Right,2028-04-03,2,157,19812,19,23,914.5,427.0,46.795,425.0,459.0,7.11,6,61,4,26.2,126.2,82.28,1272.0,898.0,1993.0,94.0,756.0,72.12,246.0,11,880,80.0,161,28,"Ligament Damage, Concussion, Calf Injury, Hip Injury, Knee Injury, Hamstring Injury",2023-08-23,955.0,1.1,1,1,0,0,2.41,176,0,0.388,6437,0.372,0.323,0.305,9.26,71118,85.4,0,6.3,4857,3067,4204,44.56,52.77,67.93,4,Rising,0.1210191082802547,0.1464968152866242,42,0.267515923566879,990.6,825.5,-0.0999999999999996,9.14,4.61,0.0,6.666666666666667,76.38715503306136,0,Prime,18.4245960502693,0.331352,31.50946135342308,0.4652,0.0,31.198400000000003,73.64339203013462,68.47761194029852,22-25,14,0.6,0.8,0.3,0.2,2.305,0.4,0.7055,1,3,Very High,1.0,Very High,Very Likely (now)
PL0221,Victor Boniface,Nigeria,ST,Bayer Leverkusen,24,2002-05-15,Left,2028-04-03,2,457,33028,194,109,814.0,279.0,46.85,305.0,371.0,6.9,6,43,1,76.2,72.3,85.79,643.0,783.0,1271.0,94.0,756.0,72.12,246.0,4,446,111.5,173,24,"Groin Strain, Achilles Injury, Concussion, Hamstring Injury",2024-08-30,582.0,0.4,0,1,0,0,1.22,109,0,0.206,62468,0.304,0.418,0.278,4.87,725093,46.0,1,4.88,232,2051,18801,73.46,94.07,203.9,5,Rising,0.424507658643326,0.2385120350109409,303,0.6630196936542669,169.37435897435898,300.25454545454545,4.7,15.14,2.02,76.14879649890591,22.3,125.92909355315724,0,Prime,28.056084944187315,0.09476,11.077982323470618,0.3388,26.111624,46.53535929978118,55.84465313509652,62.4971250332812,22-25,42,0.1,0.8,0.9,0.2,1.01,0.7,0.521,0,1,Medium,0.001,Low,Possible (1 year)
PL0222,Patrik Schick,Czech Republic,ST,Bayer Leverkusen,28,1998-10-20,Left,2030-04-03,4,234,41412,163,100,1184.0,538.0,46.51,806.0,433.0,8.14,10,70,3,23.4,177.0,85.79,643.0,783.0,1271.0,94.0,756.0,72.12,246.0,11,837,76.1,154,11,"Ligament Damage, Shoulder Injury, Concussion, Hip Injury, Ankle Injury, Hamstring Injury, Back Injury, Achilles Injury, Fracture",2024-06-03,670.0,1.1,0,1,0,1,2.29,204,0,0.595,60981,0.586,0.258,0.156,11.85,897981,31.6,0,9.69,8209,4002,18633,129.74,174.92,124.1,2,Stable,0.6965811965811965,0.4273504273504273,263,1.123931623931624,252.5121951219512,410.019801980198,0.0,14.68,4.49,12.820512820512818,6.341666666666666,444.8146092454839,1,Prime,0.0,0.18802,77.68751857489627,0.6590999999999999,0.0,39.37830256410256,100.0,30.119552213632065,26-29,38,0.1,0.8,0.9,0.2,2.245,0.7,0.6445000000000001,1,2,High,1.0,Very High,Likely (6 months)
PL0223,Jonas Hofmann,Germany,RW,Bayer Leverkusen,32,1994-01-16,Right,2029-04-03,3,256,15387,230,54,843.0,293.0,53.59,829.0,300.0,6.66,10,70,0,25.6,60.1,85.79,643.0,783.0,1271.0,94.0,756.0,72.12,246.0,17,1365,80.3,177,9,"Ligament Damage, Shoulder Injury, Hip Injury, Calf Injury, Ankle Injury, Knee Injury, Back Injury, Meniscus Tear, Fracture",2026-01-25,69.0,1.7,1,0,0,1,3.74,289,0,0.0,17386,0.183,0.6,0.217,4.75,254028,20.6,1,3.23,1353,612,11027,17.74,20.48,64.35,6,Declining,0.8984375,0.2109375,284,1.109375,66.6103896103896,279.76363636363635,3.0,15.12,7.140000000000001,0.0,4.461111111111111,45.6162970249049,0,Experienced,0.0,0.0,0.0,0.1672,10.4316,29.9984,20.7192,160.076840981857,30-33,56,0.1,0.7,0.1,0.2,3.5700000000000003,0.7,0.637,1,2,High,1.0,Very High,Likely (6 months)
PL0224,Edmond Tapsoba,Burkina Faso,CB,Bayer Leverkusen,25,2001-08-07,Left,2029-04-03,3,315,16048,5,13,914.5,427.0,46.795,425.0,459.0,6.91,7,48,8,45.0,50.9,83.96,1447.0,1126.0,1400.0,94.0,756.0,72.12,246.0,8,691,86.4,175,8,"Ligament Damage, Shoulder Injury, Concussion, Hip Injury, Knee Injury, Hamstring Injury, Fracture",2023-04-23,1077.0,0.8,1,1,0,1,1.89,153,0,0.225,1381,0.186,0.533,0.281,4.05,19725,51.6,1,7.6,3181,3167,19583,43.62,48.01,146.53,6,Rising,0.0158730158730158,0.0412698412698412,18,0.0571428571428571,2674.6666666666665,1146.2857142857142,-2.8000000000000007,13.3,3.49,51.42857142857143,9.6,112.16363451106832,1,Prime,0.0,0.1161,6.5895102826935394,0.3152,0.7360730000000001,41.21611428571429,43.51232256689745,92.37139015175772,22-25,47,0.1,0.8,0.3,0.2,1.745,0.4,0.47450000000000014,0,1,Medium,0.0,Low,Possible (1 year)
PL0225,Exequiel Palacios,Argentina,CM,Bayer Leverkusen,26,2000-06-09,Both,2031-04-03,5,240,24089,81,70,914.5,427.0,46.795,546.0,586.0,7.03,8,76,5,30.0,100.4,85.01,685.0,783.0,1271.0,94.0,756.0,72.12,246.0,11,1073,97.5,173,8,"Muscle Injury, Concussion, Calf Injury, Ankle Injury, Knee Injury, ACL Injury, Groin Strain, Fracture",2024-06-27,646.0,1.1,1,0,1,1,2.94,261,0,0.338,13525,0.307,0.394,0.299,13.47,119679,19.9,0,1.9,8879,3143,15293,56.82,76.05,14.91,1,Stable,0.3375,0.2916666666666667,151,0.6291666666666667,293.7682926829268,339.28169014084506,-2.6,12.8,7.140000000000001,0.0,8.125,243.50977047680357,1,Prime,0.0,0.067262,43.3084844989628,0.3675,0.0,31.415,86.39022674844419,54.33241093047389,26-29,49,0.1,0.8,0.6,0.2,3.5700000000000003,0.5,0.7120000000000002,1,3,Very High,1.0,Very High,Very Likely (now)
PL0226,Omar Marmoush,Egypt,ST,Eintracht Frankfurt,25,2001-05-18,Both,2027-04-04,1,441,17862,184,132,838.0,370.0,53.91,484.0,296.0,7.91,7,66,7,63.0,40.5,85.79,643.0,783.0,1271.0,94.0,756.0,72.12,246.0,8,688,86.0,171,10,"Muscle Injury, Ligament Damage, Ankle Injury, Knee Injury, Hamstring Injury, Groin Strain, Fracture",2025-04-02,367.0,0.8,1,1,0,1,1.88,103,0,0.668,40586,0.533,0.226,0.242,11.87,341630,92.3,0,6.79,4566,2229,3678,134.99,179.86,280.5,4,Rising,0.4172335600907029,0.2993197278911564,316,0.7165532879818595,96.55135135135136,134.30075187969925,-3.6,15.82,3.48,76.64399092970521,9.555555555555555,115.70356887245234,1,Prime,0.0,0.616564,84.13792715076104,0.6498,0.0,51.43239818594104,100.0,37.82072077795503,22-25,29,0.3,0.8,0.9,0.2,1.74,0.7,0.664,1,2,High,1.0,Very High,Likely (6 months)
PL0227,Hugo Ekitike,France,ST,Eintracht Frankfurt,22,2004-04-03,Both,2028-04-03,2,298,37758,60,96,1291.0,556.0,38.56,574.0,627.0,7.79,4,54,6,74.5,126.7,85.79,643.0,783.0,1271.0,94.0,756.0,72.12,246.0,2,258,129.0,166,92,"Achilles Injury, ACL Injury",2025-11-10,145.0,0.2,0,0,1,1,0.71,54,0,0.272,4857,0.219,0.437,0.343,11.73,58814,62.2,1,4.14,9677,1280,3959,80.68,105.66,186.57,5,Rising,0.2013422818791946,0.3221476510067114,156,0.5234899328859061,618.983606557377,389.25773195876286,-1.4000000000000004,9.96,3.11,81.87919463087249,43.0,138.30600691354107,0,Emerging,30.96182449181952,0.169184,27.08269242348451,0.3284999999999999,2.122509,50.18483892617449,79.49645809831401,61.44079202518914,22-25,20,0.6,0.5,0.9,0.2,1.555,0.7,0.6905,1,2,High,0.999,Very High,Likely (6 months)
PL0228,Ellyes Skhiri,Tunisia,CDM,Eintracht Frankfurt,29,1997-07-16,Right,2031-04-03,5,289,36417,81,44,914.5,427.0,46.795,341.0,591.0,6.79,10,56,8,28.9,126.0,82.33,210.0,783.0,1271.0,94.0,756.0,72.12,246.0,5,509,101.8,139,56,"Calf Injury, Ankle Injury, ACL Injury, Hamstring Injury, Groin Strain",2024-08-11,601.0,0.5,0,1,1,1,1.39,126,0,0.366,316,0.361,0.328,0.311,9.09,4615,41.6,0,9.04,1961,1804,5299,39.2,46.29,81.8,6,Stable,0.2802768166089965,0.1522491349480969,125,0.4325259515570934,444.109756097561,809.2666666666667,-3.6,15.78,4.39,56.40138408304498,16.966666666666665,167.99688494703798,0,Experienced,0.0,0.152256,19.15952066758328,0.4795,0.0,42.555276816609,61.236919409679416,105.85889755375374,26-29,59,0.1,0.5,0.1,0.2,2.195,0.4,0.4295000000000001,0,1,Medium,0.003,Low,Possible (1 year)
PL0229,Micky van de Ven,Netherlands,CB,Tottenham,23,2003-12-16,Left,2030-04-03,4,249,13683,21,26,914.5,427.0,46.795,425.0,459.0,6.32,5,44,0,49.8,55.0,85.04,592.0,677.0,1019.0,94.0,756.0,72.12,246.0,6,594,99.0,162,7,"Ligament Damage, Calf Injury, Hamstring Injury, Meniscus Tear, Fracture",2023-04-06,1094.0,0.6,0,1,0,1,1.63,137,0,0.185,16500,0.179,0.475,0.347,14.39,134508,30.7,1,5.53,1370,875,3121,25.11,34.75,71.0,6,Rising,0.0843373493975903,0.1044176706827309,47,0.1887550200803212,621.9545454545455,506.77777777777777,5.6,9.98,2.83,44.97991967871487,14.142857142857142,86.08983226571681,0,Emerging,38.39107925129431,0.056795,25.852607891507905,0.288,7.8375,36.847983935742974,71.54290380513334,141.1259438366257,22-25,37,0.1,0.8,0.1,0.2,1.415,0.4,0.4115000000000001,0,1,Medium,0.0,Low,Possible (1 year)
PL0230,Gregor Kobel,Switzerland,GK,Borussia Dortmund,27,1999-01-03,Right,2029-04-03,3,315,22509,2,3,914.5,427.0,46.795,425.0,459.0,6.56,9,17,0,35.0,71.5,85.79,643.0,783.0,1271.0,90.0,444.0,81.93,229.0,15,1221,81.4,168,8,"Muscle Injury, Shoulder Injury, Concussion, Calf Injury, Ankle Injury, Knee Injury, ACL Injury, Groin Strain, Back Injury, Achilles Injury, Meniscus Tear, Fracture",2024-04-14,720.0,1.5,1,0,1,1,3.35,272,0,0.07,4667,0.087,0.534,0.38,7.14,68350,87.1,1,8.53,4790,1371,12794,15.34,18.33,24.97,3,Stable,0.0063492063492063,0.0095238095238095,5,0.0158730158730158,7503.0,5627.25,8.3,15.3,8.35,13.650793650793643,5.0875,39.444982883993305,1,Prime,0.0,0.06097,4.222553299504543,0.2326,2.4921780000000004,32.49535873015873,25.881509314336174,198.87000446853563,26-29,37,0.1,0.8,0.1,0.2,4.175,0.3,0.6775,1,2,High,1.0,Very High,Likely (6 months)
PL0231,Bradley Barcola,France,LW,PSG,22,2004-07-23,Left,2028-04-03,2,411,35208,191,83,1404.0,377.0,44.47,863.0,256.0,6.47,4,13,2,102.8,85.7,85.79,643.0,783.0,1271.0,94.0,756.0,72.12,246.0,3,249,83.0,161,16,"Knee Injury, Achilles Injury, Back Injury",2024-04-09,725.0,0.3,1,0,0,0,0.68,51,0,0.0,37905,0.057,0.648,0.295,2.04,290656,12.3,1,3.07,4206,3239,5758,71.4,84.35,74.37,2,Rising,0.4647201946472019,0.2019464720194647,274,0.6666666666666666,183.375,419.1428571428572,6.7,12.22,1.28,87.5912408759124,20.75,122.3977304614134,0,Emerging,18.13725490196077,0.0,0.0,0.1182,24.56244,46.07864817518249,40.479324087591245,63.64454167842885,22-25,29,0.3,0.5,0.6,0.2,0.64,0.7,0.44900000000000007,0,1,Medium,0.0,Low,Possible (1 year)
PL0232,Vitinha,Portugal,CM,PSG,24,2002-11-19,Left,2029-04-03,3,270,20513,20,73,914.5,427.0,46.795,178.0,322.0,6.97,6,79,4,45.0,76.0,85.76,263.0,783.0,1271.0,94.0,756.0,72.12,246.0,2,190,95.0,95,95,"Back Injury, ACL Injury",2025-10-25,161.0,0.2,0,0,1,1,0.52,30,0,0.1,10899,0.071,0.575,0.354,3.08,127216,66.6,1,3.06,6406,3187,2233,75.71,83.66,207.61,5,Rising,0.074074074074074,0.2703703703703703,93,0.3444444444444444,976.809523809524,277.2027027027027,-1.9000000000000004,11.4,2.92,88.88888888888889,31.666666666666668,194.6792473368405,0,Prime,10.500594373266416,0.0666,2.8633275650109087,0.1769,6.266925,48.29157777777778,42.60078023640526,62.9534321180782,22-25,46,0.1,0.8,0.9,0.2,1.46,0.5,0.5460000000000002,0,1,Medium,0.002,Low,Possible (1 year)
PL0233,Fabián Ruiz,Spain,CM,PSG,28,1998-09-17,Left,2029-04-03,3,279,37666,88,114,914.5,427.0,46.795,320.0,217.0,7.85,10,31,5,27.9,135.0,90.88,524.0,783.0,1271.0,94.0,756.0,72.12,246.0,7,821,117.3,178,73,"Ligament Damage, Shoulder Injury, Concussion, Hip Injury, Knee Injury, Hamstring Injury, Groin Strain",2023-07-02,1007.0,0.7,1,1,0,0,2.25,177,0,0.63,31771,0.509,0.324,0.167,8.14,182486,66.2,0,4.75,4193,4725,17419,119.57,133.24,203.66,4,Stable,0.3154121863799283,0.4086021505376344,202,0.7240143369175627,423.2134831460674,327.5304347826087,1.9000000000000004,15.58,3.65,36.55913978494624,14.6625,307.460013262,1,Prime,0.0,0.41706,53.16066826365305,0.5874,0.0,43.00262795698925,100.0,35.66610927841856,26-29,57,0.1,0.8,0.9,0.2,1.825,0.5,0.5825000000000001,1,2,High,0.999,Very High,Likely (6 months)
PL0235,Lucas Hernández,France,CB,PSG,28,1998-12-18,Left,2029-04-03,3,414,13964,27,31,914.5,427.0,46.795,425.0,459.0,6.95,10,44,1,41.4,33.7,89.55,525.0,366.0,895.0,94.0,756.0,72.12,246.0,2,98,49.0,79,19,"Shoulder Injury, Hamstring Injury",2024-11-17,503.0,0.2,0,1,0,0,0.27,14,0,0.379,971,0.381,0.427,0.193,3.41,7620,13.3,1,3.34,1499,1502,214,61.13,67.74,15.53,1,Stable,0.0652173913043478,0.0748792270531401,58,0.1400966183574879,498.7142857142857,436.375,4.6,18.28,0.67,96.61835748792272,16.333333333333332,157.18851393080254,1,Prime,0.0,0.050407,8.890810648126628,0.4139,0.414617,51.60747149758455,57.79995172098222,83.06369144951641,26-29,54,0.1,0.8,0.6,0.2,0.335,0.4,0.37850000000000006,0,1,Medium,0.0,Low,Possible (1 year)
PL0236,Willian Pacho,Ecuador,CB,PSG,23,2003-12-15,Left,2029-04-03,3,238,28029,4,22,914.5,427.0,46.795,425.0,459.0,7.13,5,10,4,47.6,117.8,83.73,806.0,1005.0,1535.0,94.0,756.0,72.12,246.0,13,1031,79.3,161,11,"Ligament Damage, Shoulder Injury, Concussion, Ankle Injury, ACL Injury, Hamstring Injury, Groin Strain, Back Injury, Meniscus Tear",2026-01-13,81.0,1.3,0,1,1,1,2.82,177,0,0.448,2539,0.335,0.327,0.338,2.88,32293,90.5,0,4.04,4246,753,17527,43.53,57.43,117.5,6,Rising,0.0168067226890756,0.0924369747899159,26,0.1092436974789916,5605.8,1218.6521739130435,5.0,9.76,7.42,25.630252100840337,5.664285714285714,111.93221023078414,0,Emerging,31.932000918906496,0.40544,10.115377555062633,0.4547000000000001,0.0,36.50745042016807,38.58679154267799,81.98394435249959,22-25,54,0.1,0.8,0.3,0.2,3.71,0.4,0.671,1,2,High,1.0,Very High,Likely (6 months)
PL0237,Milan Škriniar,Slovakia,CB,PSG,29,1997-05-08,Both,2027-04-04,1,290,31868,24,12,914.5,427.0,46.795,425.0,459.0,6.41,10,69,1,29.0,109.9,89.71,1099.0,777.0,1663.0,94.0,756.0,72.12,246.0,10,1200,120.0,175,12,"Muscle Injury, Ligament Damage, Shoulder Injury, Ankle Injury, Knee Injury, ACL Injury, Hamstring Injury, Back Injury",2024-02-12,782.0,1.0,1,1,1,1,3.29,243,0,0.195,4619,0.175,0.503,0.321,7.65,48013,80.4,1,2.26,5679,4942,2406,30.21,40.2,60.44,3,Stable,0.0827586206896551,0.0413793103448275,36,0.1241379310344827,1274.72,2451.3846153846152,2.1,15.8,7.29,16.206896551724142,10.909090909090908,25.893805582908254,0,Experienced,0.0,0.15678,12.587610238745054,0.2525,2.323357,32.54637931034483,40.57460501329,104.28189461821478,26-29,57,0.1,0.5,0.1,0.2,3.645,0.4,0.5745000000000001,1,2,High,1.0,Very High,Likely (6 months)
PL0238,Matvey Safonov,Russia,GK,PSG,25,2001-04-11,Both,2027-04-04,1,179,16467,0,5,914.5,427.0,46.795,425.0,459.0,7.2,7,11,3,25.6,92.0,85.79,643.0,783.0,1271.0,51.0,590.0,70.4,110.0,13,1131,87.0,161,21,"Ligament Damage, Hip Injury, Calf Injury, Hamstring Injury, Back Injury, Achilles Injury, Meniscus Tear",2023-07-11,998.0,1.3,0,1,0,1,3.1,166,0,0.231,9050,0.338,0.467,0.195,7.71,128413,66.7,1,7.54,9091,1446,18740,28.64,32.77,68.94,5,Rising,0.0,0.0279329608938547,5,0.0279329608938547,16467.0,2744.5,5.9,10.58,5.7,7.262569832402235,6.214285714285714,24.54811624940392,1,Prime,0.0,0.154077,16.22612407636547,0.3758,4.22635,33.12011396648045,49.49924309778843,111.74127519055484,22-25,17,0.6,0.8,0.1,0.2,2.85,0.3,0.7200000000000001,1,3,Very High,1.0,Very High,Very Likely (now)
PL0239,Alexandre Lacazette,France,ST,Lyon,33,1993-09-25,Right,2028-04-03,2,361,30384,50,137,905.0,515.0,51.75,857.0,345.0,7.75,10,26,4,36.1,84.2,85.79,643.0,783.0,1271.0,94.0,756.0,72.12,246.0,21,1974,94.0,180,17,"Ligament Damage, Muscle Injury, Shoulder Injury, Concussion, Calf Injury, Ankle Injury, Knee Injury, Hamstring Injury, Groin Strain, Back Injury, Meniscus Tear",2023-12-31,825.0,2.1,1,1,0,1,5.41,290,0,0.261,18008,0.344,0.458,0.198,4.21,310036,86.3,1,6.79,1781,2369,5443,22.06,25.72,25.14,2,Declining,0.1385041551246537,0.3795013850415512,187,0.518005540166205,595.7647058823529,220.17391304347825,3.4000000000000004,17.22,9.61,19.667590027700825,4.2727272727272725,37.81644165236386,0,Veteran,0.0,0.225243,10.766829237086764,0.3839,8.247664,39.14531800554017,36.50290285840023,169.75419776903803,30-33,44,0.1,0.7,0.1,0.2,4.805,0.7,0.7605,1,3,Very High,1.0,Very High,Very Likely (now)
PL0240,Rayan Cherki,France,CAM,Lyon,21,2005-04-24,Left,2030-04-03,4,207,28629,100,56,914.5,427.0,46.795,292.0,382.0,7.12,3,34,4,69.0,138.3,81.83,523.0,783.0,1271.0,94.0,756.0,72.12,246.0,4,393,98.2,179,44,"Groin Strain, Muscle Injury, Shoulder Injury, Hamstring Injury",2023-08-15,963.0,0.4,0,1,0,0,1.08,56,0,0.308,16877,0.238,0.362,0.399,2.09,105672,81.6,0,9.65,6600,4778,19240,56.75,65.96,28.36,1,Rising,0.4830917874396135,0.2705314009661835,156,0.7536231884057971,283.45544554455444,502.2631578947368,2.6,7.14,1.88,72.94685990338164,19.64,194.56782083151847,0,Emerging,16.22907488986783,0.251328,6.265820028292573,0.4187,0.0,45.33477198067634,48.30611603277704,78.5017696635088,18-21,7,1.0,0.5,0.3,0.2,0.94,0.6,0.6689999999999998,1,2,High,1.0,Very High,Likely (6 months)
PL0241,Malick Fofana,Belgium,LW,Lyon,19,2007-12-19,Both,2031-04-03,5,272,21103,105,58,1300.0,470.0,36.85,563.0,522.0,7.03,1,76,7,272.0,77.6,85.79,643.0,783.0,1271.0,94.0,756.0,72.12,246.0,7,615,87.9,129,21,"Concussion, Hip Injury, Ankle Injury, Back Injury, Achilles Injury, Meniscus Tear",2025-02-26,402.0,0.7,0,0,0,1,1.68,97,0,0.133,10142,0.127,0.482,0.391,2.07,69073,16.2,1,7.4,1870,3738,10094,38.58,53.67,90.56,5,Rising,0.3860294117647059,0.213235294117647,163,0.5992647058823529,199.08490566037736,357.6779661016949,-4.6,6.44,3.08,64.33823529411765,10.9875,165.3397913585899,0,Emerging,39.113530326594095,0.021546,2.539607857246725,0.2689,4.888444,42.81344705882353,39.05613531528185,108.16939630829594,18-21,8,1.0,0.3,0.1,0.2,1.54,0.7,0.6689999999999999,1,2,High,1.0,Very High,Likely (6 months)
PL0242,Pierre-Emile Højbjerg,Denmark,CDM,Marseille,29,1997-05-04,Left,2028-04-03,2,267,17403,84,69,914.5,427.0,46.795,425.0,359.0,7.02,10,46,3,26.7,65.2,87.39,644.0,783.0,1271.0,94.0,756.0,72.12,246.0,9,869,96.6,165,23,"Ligament Damage, Calf Injury, Hip Injury, Ankle Injury, Meniscus Tear, Fracture",2023-12-22,834.0,0.9,0,0,0,1,2.38,147,0,0.411,1650,0.468,0.391,0.14,11.12,19037,98.0,0,5.62,8629,3253,13413,44.92,62.08,26.0,1,Stable,0.3146067415730337,0.2584269662921348,153,0.5730337078651685,204.74117647058824,248.61428571428573,2.4000000000000004,15.34,4.18,44.9438202247191,9.66,77.00428644715251,0,Experienced,0.0,0.4027799999999999,33.86212447237704,0.4828,0.0,41.10236404494382,82.98436873103748,89.50863250205535,26-29,54,0.1,0.5,0.3,0.2,2.09,0.4,0.44900000000000007,0,1,Medium,0.001,Low,Possible (1 year)
PL0243,Mason Greenwood,England,RW,Marseille,23,2003-04-12,Left,2028-04-03,2,345,38226,158,95,950.0,292.0,45.27,415.0,414.0,6.79,5,43,0,69.0,110.8,85.79,643.0,783.0,1271.0,94.0,756.0,72.12,246.0,5,454,90.8,154,7,"Ligament Damage, Ankle Injury, ACL Injury, Hamstring Injury, Groin Strain",2025-11-05,150.0,0.5,0,1,1,1,1.24,111,0,0.143,25554,0.238,0.45,0.311,4.43,434145,12.5,1,6.96,7588,2728,3535,65.09,81.02,188.51,6,Rising,0.4579710144927536,0.2753623188405797,253,0.7333333333333333,240.41509433962264,398.1875,5.7,11.9,4.24,67.82608695652175,15.133333333333333,111.5807881755378,0,Emerging,24.473805500076804,0.017875,6.429029183923995,0.3082,11.499300000000002,43.72161739130435,43.024352471538165,66.1546639299506,22-25,42,0.1,0.8,0.6,0.2,2.12,0.7,0.5870000000000001,1,2,High,1.0,Very High,Likely (6 months)
PL0244,Neal Maupay,France,ST,Marseille,28,1998-01-23,Right,2031-04-03,5,229,32242,198,105,781.0,686.0,37.8,800.0,480.0,7.07,10,58,0,22.9,140.8,85.79,643.0,783.0,1271.0,94.0,756.0,72.12,246.0,10,814,81.4,149,8,"Muscle Injury, Ligament Damage, Hip Injury, Hamstring Injury, Groin Strain, Back Injury, Achilles Injury",2024-01-14,811.0,1.0,0,1,0,0,2.23,166,0,0.433,37081,0.442,0.37,0.188,14.95,723077,19.1,0,2.35,1962,4635,1033,89.25,113.24,146.91,3,Stable,0.8646288209606987,0.4585152838427948,303,1.3231441048034935,162.02010050251258,304.1698113207547,4.2,14.58,4.23,27.510917030567683,7.4,382.49290769191686,1,Prime,0.0,0.082703,68.10538357440741,0.4553,0.0,37.60878340611354,100.0,41.67178216743883,26-29,54,0.1,0.8,0.9,0.2,2.115,0.7,0.6315000000000001,1,2,High,1.0,Very High,Likely (6 months)
PL0245,Geoffrey Kondogbia,Central African Republic,CDM,Marseille,31,1995-05-02,Both,2027-04-04,1,345,39179,23,100,914.5,427.0,46.795,595.0,567.0,7.13,10,52,5,34.5,113.6,91.71,362.0,783.0,1271.0,94.0,756.0,72.12,246.0,12,1160,96.7,172,9,"Shoulder Injury, Knee Injury, Hamstring Injury, Groin Strain, Back Injury, Achilles Injury",2025-08-05,242.0,1.2,1,1,0,0,3.18,186,0,0.439,1458,0.411,0.413,0.176,4.83,15147,82.9,1,5.8,2898,1981,9696,25.32,30.92,67.82,6,Declining,0.0666666666666666,0.2898550724637681,123,0.3565217391304348,1632.4583333333333,387.9108910891089,-0.1999999999999993,16.9,5.58,46.08695652173913,7.438461538461539,21.702454728872457,0,Experienced,0.0,0.363931,15.44796952029126,0.4743,0.602154,42.06599130434783,53.044949932610805,159.8251949253337,30-33,22,0.6,0.7,0.1,0.2,2.79,0.4,0.7040000000000001,1,3,Very High,1.0,Very High,Very Likely (now)
PL0246,Jonathan Clauss,France,RB,Nice,32,1994-05-23,Both,2028-04-03,2,201,19631,24,24,914.5,427.0,46.795,425.0,459.0,6.33,10,68,6,20.1,97.7,80.61,733.0,778.0,1619.0,94.0,756.0,72.12,246.0,6,435,72.5,170,14,"Muscle Injury, Shoulder Injury, Calf Injury, Ankle Injury, ACL Injury, Hamstring Injury",2025-02-19,409.0,0.6,0,1,1,1,1.19,91,0,0.0,6606,0.195,0.609,0.196,3.92,105021,73.5,1,3.27,2953,3269,15817,10.89,14.42,46.6,6,Declining,0.1194029850746268,0.1194029850746268,48,0.2388059701492537,785.24,785.24,-2.8000000000000007,14.02,4.39,54.72636815920398,10.357142857142858,18.66822527625759,0,Experienced,0.0,0.0,0.0,0.1694,4.023054,39.4080736318408,30.9240368159204,331.43880262271483,30-33,54,0.1,0.7,0.1,0.2,2.195,0.5,0.4795,0,1,Medium,0.0,Low,Possible (1 year)
PL0247,Terem Moffi,Nigeria,ST,Nice,25,2001-08-04,Both,2027-04-04,1,374,30818,243,56,917.0,582.0,47.02,694.0,560.0,6.94,7,39,8,53.4,82.4,85.79,643.0,783.0,1271.0,94.0,756.0,72.12,246.0,14,1429,102.1,173,17,"Ligament Damage, Muscle Injury, Concussion, Hip Injury, Calf Injury, Ankle Injury, ACL Injury, Hamstring Injury, Back Injury, Achilles Injury, Fracture",2024-06-15,658.0,1.4,0,1,1,1,3.92,269,0,0.368,34364,0.414,0.317,0.269,3.81,299085,83.5,0,7.82,4247,1351,8121,64.52,77.88,128.46,4,Rising,0.6497326203208557,0.1497326203208556,299,0.7994652406417112,126.3032786885246,540.6666666666666,-1.9000000000000004,14.48,8.719999999999999,28.07486631016043,6.806666666666667,55.30183171828005,1,Prime,0.0,0.30728,14.644436608255784,0.4862,0.0,37.243373262032094,43.14834154339973,56.842755283931766,22-25,7,1.0,0.8,0.6,0.2,4.359999999999999,0.7,1.0,1,3,Very High,1.0,Very High,Very Likely (now)
PL0248,Youssouf Fofana,France,CDM,AC Milan,26,2000-05-16,Left,2030-04-03,4,235,29994,64,119,914.5,427.0,46.795,445.0,475.0,6.75,8,31,4,29.4,127.6,85.21,229.0,783.0,1271.0,94.0,756.0,72.12,246.0,14,1392,99.4,168,18,"Ligament Damage, Shoulder Injury, Muscle Injury, Concussion, Knee Injury, ACL Injury, Hamstring Injury, Back Injury",2023-04-16,1084.0,1.4,1,1,1,1,3.81,252,0,0.202,10041,0.304,0.47,0.226,2.39,166593,61.9,1,7.59,9767,4434,16370,36.6,40.64,55.69,3,Stable,0.2723404255319149,0.5063829787234042,183,0.7787234042553192,461.4461538461538,249.95,2.9000000000000004,12.7,8.61,0.0,6.626666666666667,125.4833875318692,1,Prime,0.0,0.125038,4.448591554548366,0.3539,4.71927,30.2478,24.576787331822548,80.44627659574466,26-29,7,1.0,0.8,0.1,0.2,4.305,0.4,1.0,1,3,Very High,1.0,Very High,Very Likely (now)
PL0248,Youssouf Fofana,France,CDM,AC Milan,26,2000-05-16,Left,2030-04-03,4,235,29994,64,119,914.5,427.0,46.795,445.0,475.0,6.75,8,31,4,29.4,127.6,85.21,229.0,783.0,1271.0,94.0,756.0,72.12,246.0,14,1392,99.4,168,18,"Ligament Damage, Shoulder Injury, Muscle Injury, Concussion, Knee Injury, ACL Injury, Hamstring Injury, Back Injury",2023-04-16,1084.0,1.4,1,1,1,1,3.81,252,0,0.202,10041,0.304,0.47,0.226,2.39,166593,61.9,1,7.59,9767,4434,16370,64.83,78.99,168.68,6,Rising,0.2723404255319149,0.5063829787234042,183,0.7787234042553192,461.4461538461538,249.95,2.9000000000000004,12.7,8.61,0.0,6.626666666666667,222.27016430849943,1,Prime,0.0,0.125038,4.448591554548366,0.3539,4.71927,30.2478,24.576787331822548,45.94835181528178,26-29,33,0.3,0.8,0.6,0.2,4.305,0.4,0.8455,1,3,Very High,1.0,Very High,Very Likely (now)
PL0248,Youssouf Fofana,France,CDM,AC Milan,26,2000-05-16,Left,2030-04-03,4,235,29994,64,119,914.5,427.0,46.795,445.0,475.0,6.75,8,31,4,29.4,127.6,85.21,229.0,783.0,1271.0,94.0,756.0,72.12,246.0,14,1392,99.4,168,18,"Ligament Damage, Shoulder Injury, Muscle Injury, Concussion, Knee Injury, ACL Injury, Hamstring Injury, Back Injury",2023-04-16,1084.0,1.4,1,1,1,1,3.81,252,0,0.298,36838,0.294,0.354,0.352,13.5,591762,4.0,0,2.63,3905,2935,15162,36.6,40.64,55.69,3,Stable,0.2723404255319149,0.5063829787234042,183,0.7787234042553192,461.4461538461538,249.95,2.9000000000000004,12.7,8.61,0.0,6.626666666666667,125.4833875318692,1,Prime,0.0,0.01192,42.299078566318926,0.3629,0.0,30.2658,81.36151784947839,80.4941489361702,26-29,59,0.1,0.8,0.1,0.2,4.305,0.4,0.7005000000000001,1,3,Very High,1.0,Very High,Very Likely (now)
PL0248,Youssouf Fofana,France,CDM,AC Milan,26,2000-05-16,Left,2030-04-03,4,235,29994,64,119,914.5,427.0,46.795,445.0,475.0,6.75,8,31,4,29.4,127.6,85.21,229.0,783.0,1271.0,94.0,756.0,72.12,246.0,14,1392,99.4,168,18,"Ligament Damage, Shoulder Injury, Muscle Injury, Concussion, Knee Injury, ACL Injury, Hamstring Injury, Back Injury",2023-04-16,1084.0,1.4,1,1,1,1,3.81,252,0,0.298,36838,0.294,0.354,0.352,13.5,591762,4.0,0,2.63,3905,2935,15162,64.83,78.99,168.68,6,Rising,0.2723404255319149,0.5063829787234042,183,0.7787234042553192,461.4461538461538,249.95,2.9000000000000004,12.7,8.61,0.0,6.626666666666667,222.27016430849943,1,Prime,0.0,0.01192,42.299078566318926,0.3629,0.0,30.2658,81.36151784947839,45.97569497189731,26-29,28,0.3,0.8,0.6,0.2,4.305,0.4,0.8455,1,3,Very High,1.0,Very High,Very Likely (now)
PL0248,Youssouf Fofana,France,CDM,AC Milan,26,2000-05-16,Left,2030-04-03,4,235,29994,64,119,914.5,427.0,46.795,445.0,475.0,6.75,8,31,4,29.4,127.6,85.21,229.0,783.0,1271.0,94.0,756.0,72.12,246.0,0,0,0.0,0,0,,2023-06-26,614.0,0.0,0,0,0,0,0.0,0,0,0.202,10041,0.304,0.47,0.226,2.39,166593,61.9,1,7.59,9767,4434,16370,36.6,40.64,55.69,3,Stable,0.2723404255319149,0.5063829787234042,183,0.7787234042553192,461.4461538461538,249.95,2.9000000000000004,12.7,0.0,100.0,0.0,125.4833875318692,1,Prime,0.0,0.125038,4.448591554548366,0.3539,4.71927,50.2478,51.79678733182254,133.63776595744682,26-29,42,0.1,0.8,0.1,0.2,0.0,0.4,0.27,0,0,Low,0.0,Low,Unlikely
PL0248,Youssouf Fofana,France,CDM,AC Milan,26,2000-05-16,Left,2030-04-03,4,235,29994,64,119,914.5,427.0,46.795,445.0,475.0,6.75,8,31,4,29.4,127.6,85.21,229.0,783.0,1271.0,94.0,756.0,72.12,246.0,0,0,0.0,0,0,,2023-06-26,614.0,0.0,0,0,0,0,0.0,0,0,0.202,10041,0.304,0.47,0.226,2.39,166593,61.9,1,7.59,9767,4434,16370,64.83,78.99,168.68,6,Rising,0.2723404255319149,0.5063829787234042,183,0.7787234042553192,461.4461538461538,249.95,2.9000000000000004,12.7,0.0,100.0,0.0,222.27016430849943,1,Prime,0.0,0.125038,4.448591554548366,0.3539,4.71927,50.2478,51.79678733182254,76.32963694364273,26-29,37,0.1,0.8,0.6,0.2,0.0,0.4,0.3450000000000001,0,0,Low,0.0,Low,Unlikely
PL0248,Youssouf Fofana,France,CDM,AC Milan,26,2000-05-16,Left,2030-04-03,4,235,29994,64,119,914.5,427.0,46.795,445.0,475.0,6.75,8,31,4,29.4,127.6,85.21,229.0,783.0,1271.0,94.0,756.0,72.12,246.0,0,0,0.0,0,0,,2023-06-26,614.0,0.0,0,0,0,0,0.0,0,0,0.298,36838,0.294,0.354,0.352,13.5,591762,4.0,0,2.63,3905,2935,15162,36.6,40.64,55.69,3,Stable,0.2723404255319149,0.5063829787234042,183,0.7787234042553192,461.4461538461538,249.95,2.9000000000000004,12.7,0.0,100.0,0.0,125.4833875318692,1,Prime,0.0,0.01192,42.299078566318926,0.3629,0.0,50.2658,100.0,133.68563829787232,26-29,38,0.1,0.8,0.1,0.2,0.0,0.4,0.27,0,0,Low,0.0,Low,Unlikely
PL0248,Youssouf Fofana,France,CDM,AC Milan,26,2000-05-16,Left,2030-04-03,4,235,29994,64,119,914.5,427.0,46.795,445.0,475.0,6.75,8,31,4,29.4,127.6,85.21,229.0,783.0,1271.0,94.0,756.0,72.12,246.0,0,0,0.0,0,0,,2023-06-26,614.0,0.0,0,0,0,0,0.0,0,0,0.298,36838,0.294,0.354,0.352,13.5,591762,4.0,0,2.63,3905,2935,15162,64.83,78.99,168.68,6,Rising,0.2723404255319149,0.5063829787234042,183,0.7787234042553192,461.4461538461538,249.95,2.9000000000000004,12.7,0.0,100.0,0.0,222.27016430849943,1,Prime,0.0,0.01192,42.299078566318926,0.3629,0.0,50.2658,100.0,76.35698010025824,26-29,6,1.0,0.8,0.6,0.2,0.0,0.4,0.66,1,2,High,0.999,Very High,Likely (6 months)
PL0248,Youssouf Fofana,France,CDM,AC Milan,26,2000-05-16,Left,2030-04-03,4,347,31300,201,119,455.0,427.0,52.71,382.0,390.0,7.06,4,53,8,86.8,90.2,85.79,643.0,783.0,1271.0,94.0,756.0,72.12,246.0,14,1392,99.4,168,18,"Ligament Damage, Shoulder Injury, Muscle Injury, Concussion, Knee Injury, ACL Injury, Hamstring Injury, Back Injury",2023-04-16,1084.0,1.4,1,1,1,1,3.81,252,0,0.202,10041,0.304,0.47,0.226,2.39,166593,61.9,1,7.59,9767,4434,16370,36.6,40.64,55.69,3,Stable,0.579250720461095,0.3429394812680115,320,0.9221902017291066,154.95049504950495,260.8333333333333,-3.3000000000000007,10.94,8.61,27.37752161383285,6.626666666666667,125.4833875318692,1,Prime,0.0,0.125038,4.448591554548366,0.3539,4.71927,36.61130432276656,27.75853949320583,97.37049022012384,26-29,24,0.6,0.8,0.1,0.2,4.305,0.4,0.8755000000000001,1,3,Very High,1.0,Very High,Very Likely (now)
PL0248,Youssouf Fofana,France,CDM,AC Milan,26,2000-05-16,Left,2030-04-03,4,347,31300,201,119,455.0,427.0,52.71,382.0,390.0,7.06,4,53,8,86.8,90.2,85.79,643.0,783.0,1271.0,94.0,756.0,72.12,246.0,14,1392,99.4,168,18,"Ligament Damage, Shoulder Injury, Muscle Injury, Concussion, Knee Injury, ACL Injury, Hamstring Injury, Back Injury",2023-04-16,1084.0,1.4,1,1,1,1,3.81,252,0,0.202,10041,0.304,0.47,0.226,2.39,166593,61.9,1,7.59,9767,4434,16370,64.83,78.99,168.68,6,Rising,0.579250720461095,0.3429394812680115,320,0.9221902017291066,154.95049504950495,260.8333333333333,-3.3000000000000007,10.94,8.61,27.37752161383285,6.626666666666667,222.27016430849943,1,Prime,0.0,0.125038,4.448591554548366,0.3539,4.71927,36.61130432276656,27.75853949320583,55.61492377755821,26-29,7,1.0,0.8,0.6,0.2,4.305,0.4,1.0,1,3,Very High,1.0,Very High,Very Likely (now)
PL0248,Youssouf Fofana,France,CDM,AC Milan,26,2000-05-16,Left,2030-04-03,4,347,31300,201,119,455.0,427.0,52.71,382.0,390.0,7.06,4,53,8,86.8,90.2,85.79,643.0,783.0,1271.0,94.0,756.0,72.12,246.0,14,1392,99.4,168,18,"Ligament Damage, Shoulder Injury, Muscle Injury, Concussion, Knee Injury, ACL Injury, Hamstring Injury, Back Injury",2023-04-16,1084.0,1.4,1,1,1,1,3.81,252,0,0.298,36838,0.294,0.354,0.352,13.5,591762,4.0,0,2.63,3905,2935,15162,36.6,40.64,55.69,3,Stable,0.579250720461095,0.3429394812680115,320,0.9221902017291066,154.95049504950495,260.8333333333333,-3.3000000000000007,10.94,8.61,27.37752161383285,6.626666666666667,125.4833875318692,1,Prime,0.0,0.01192,42.299078566318926,0.3629,0.0,36.629304322766565,84.54327001086168,97.41836256054938,26-29,58,0.1,0.8,0.1,0.2,4.305,0.4,0.7005000000000001,1,3,Very High,1.0,Very High,Very Likely (now)
PL0248,Youssouf Fofana,France,CDM,AC Milan,26,2000-05-16,Left,2030-04-03,4,347,31300,201,119,455.0,427.0,52.71,382.0,390.0,7.06,4,53,8,86.8,90.2,85.79,643.0,783.0,1271.0,94.0,756.0,72.12,246.0,14,1392,99.4,168,18,"Ligament Damage, Shoulder Injury, Muscle Injury, Concussion, Knee Injury, ACL Injury, Hamstring Injury, Back Injury",2023-04-16,1084.0,1.4,1,1,1,1,3.81,252,0,0.298,36838,0.294,0.354,0.352,13.5,591762,4.0,0,2.63,3905,2935,15162,64.83,78.99,168.68,6,Rising,0.579250720461095,0.3429394812680115,320,0.9221902017291066,154.95049504950495,260.8333333333333,-3.3000000000000007,10.94,8.61,27.37752161383285,6.626666666666667,222.27016430849943,1,Prime,0.0,0.01192,42.299078566318926,0.3629,0.0,36.629304322766565,84.54327001086168,55.64226693417373,26-29,49,0.1,0.8,0.6,0.2,4.305,0.4,0.7755000000000001,1,3,Very High,1.0,Very High,Very Likely (now)
PL0248,Youssouf Fofana,France,CDM,AC Milan,26,2000-05-16,Left,2030-04-03,4,347,31300,201,119,455.0,427.0,52.71,382.0,390.0,7.06,4,53,8,86.8,90.2,85.79,643.0,783.0,1271.0,94.0,756.0,72.12,246.0,0,0,0.0,0,0,,2023-06-26,614.0,0.0,0,0,0,0,0.0,0,0,0.202,10041,0.304,0.47,0.226,2.39,166593,61.9,1,7.59,9767,4434,16370,36.6,40.64,55.69,3,Stable,0.579250720461095,0.3429394812680115,320,0.9221902017291066,154.95049504950495,260.8333333333333,-3.3000000000000007,10.94,0.0,100.0,0.0,125.4833875318692,1,Prime,0.0,0.125038,4.448591554548366,0.3539,4.71927,51.1358,52.24078733182255,135.99946808510637,26-29,31,0.3,0.8,0.1,0.2,0.0,0.4,0.3400000000000001,0,0,Low,0.0,Low,Unlikely
PL0248,Youssouf Fofana,France,CDM,AC Milan,26,2000-05-16,Left,2030-04-03,4,347,31300,201,119,455.0,427.0,52.71,382.0,390.0,7.06,4,53,8,86.8,90.2,85.79,643.0,783.0,1271.0,94.0,756.0,72.12,246.0,0,0,0.0,0,0,,2023-06-26,614.0,0.0,0,0,0,0,0.0,0,0,0.202,10041,0.304,0.47,0.226,2.39,166593,61.9,1,7.59,9767,4434,16370,64.83,78.99,168.68,6,Rising,0.579250720461095,0.3429394812680115,320,0.9221902017291066,154.95049504950495,260.8333333333333,-3.3000000000000007,10.94,0.0,100.0,0.0,222.27016430849943,1,Prime,0.0,0.125038,4.448591554548366,0.3539,4.71927,51.1358,52.24078733182255,77.67856600334194,26-29,37,0.1,0.8,0.6,0.2,0.0,0.4,0.3450000000000001,0,0,Low,0.0,Low,Unlikely
PL0248,Youssouf Fofana,France,CDM,AC Milan,26,2000-05-16,Left,2030-04-03,4,347,31300,201,119,455.0,427.0,52.71,382.0,390.0,7.06,4,53,8,86.8,90.2,85.79,643.0,783.0,1271.0,94.0,756.0,72.12,246.0,0,0,0.0,0,0,,2023-06-26,614.0,0.0,0,0,0,0,0.0,0,0,0.298,36838,0.294,0.354,0.352,13.5,591762,4.0,0,2.63,3905,2935,15162,36.6,40.64,55.69,3,Stable,0.579250720461095,0.3429394812680115,320,0.9221902017291066,154.95049504950495,260.8333333333333,-3.3000000000000007,10.94,0.0,100.0,0.0,125.4833875318692,1,Prime,0.0,0.01192,42.299078566318926,0.3629,0.0,51.1538,100.0,136.0473404255319,26-29,11,1.0,0.8,0.1,0.2,0.0,0.4,0.5850000000000001,1,2,High,0.988,Very High,Likely (6 months)
PL0248,Youssouf Fofana,France,CDM,AC Milan,26,2000-05-16,Left,2030-04-03,4,347,31300,201,119,455.0,427.0,52.71,382.0,390.0,7.06,4,53,8,86.8,90.2,85.79,643.0,783.0,1271.0,94.0,756.0,72.12,246.0,0,0,0.0,0,0,,2023-06-26,614.0,0.0,0,0,0,0,0.0,0,0,0.298,36838,0.294,0.354,0.352,13.5,591762,4.0,0,2.63,3905,2935,15162,64.83,78.99,168.68,6,Rising,0.579250720461095,0.3429394812680115,320,0.9221902017291066,154.95049504950495,260.8333333333333,-3.3000000000000007,10.94,0.0,100.0,0.0,222.27016430849943,1,Prime,0.0,0.01192,42.299078566318926,0.3629,0.0,51.1538,100.0,77.70590915995747,26-29,37,0.1,0.8,0.6,0.2,0.0,0.4,0.3450000000000001,0,0,Low,0.0,Low,Unlikely
PL0249,Denis Zakaria,Switzerland,CDM,Monaco,28,1998-06-06,Left,2027-04-04,1,448,22703,82,116,914.5,427.0,46.795,216.0,342.0,7.96,10,49,2,44.8,50.7,88.62,255.0,783.0,1271.0,94.0,756.0,72.12,246.0,6,484,80.7,110,47,"Muscle Injury, Shoulder Injury, Concussion, Ankle Injury, Knee Injury, Meniscus Tear",2023-06-29,1010.0,0.6,1,0,0,1,1.33,108,0,0.546,9049,0.564,0.272,0.163,14.63,140368,89.6,0,5.49,2296,664,1501,72.49,96.99,184.39,5,Stable,0.1830357142857142,0.2589285714285714,198,0.4419642857142857,273.5301204819277,194.04273504273505,3.1,18.96,2.53,75.89285714285714,11.528571428571428,62.13313362148359,1,Prime,0.0,0.489216,72.77465184271072,0.5881000000000001,0.0,51.98677142857143,100.0,70.73992574305544,26-29,60,0.1,0.8,0.6,0.2,1.265,0.4,0.47150000000000003,0,1,Medium,0.006,Low,Possible (1 year)
PL0249,Denis Zakaria,Switzerland,CDM,Monaco,28,1998-06-06,Left,2027-04-04,1,448,22703,82,116,914.5,427.0,46.795,216.0,342.0,7.96,10,49,2,44.8,50.7,88.62,255.0,783.0,1271.0,94.0,756.0,72.12,246.0,6,484,80.7,110,47,"Muscle Injury, Shoulder Injury, Concussion, Ankle Injury, Knee Injury, Meniscus Tear",2023-06-29,1010.0,0.6,1,0,0,1,1.33,108,0,0.546,9049,0.564,0.272,0.163,14.63,140368,89.6,0,5.49,2296,664,1501,61.83,73.11,49.07,1,Stable,0.1830357142857142,0.2589285714285714,198,0.4419642857142857,273.5301204819277,194.04273504273505,3.1,18.96,2.53,75.89285714285714,11.528571428571428,52.99616018507836,1,Prime,0.0,0.489216,72.77465184271072,0.5881000000000001,0.0,51.98677142857143,100.0,82.7419567540529,26-29,9,1.0,0.8,0.6,0.2,1.265,0.4,0.7865,1,3,Very High,1.0,Very High,Very Likely (now)
PL0249,Denis Zakaria,Switzerland,CDM,Monaco,28,1998-06-06,Left,2027-04-04,1,448,22703,82,116,914.5,427.0,46.795,216.0,342.0,7.96,10,49,2,44.8,50.7,88.62,255.0,783.0,1271.0,94.0,756.0,72.12,246.0,6,484,80.7,110,47,"Muscle Injury, Shoulder Injury, Concussion, Ankle Injury, Knee Injury, Meniscus Tear",2023-06-29,1010.0,0.6,1,0,0,1,1.33,108,0,0.599,11660,0.542,0.255,0.202,5.06,201826,72.5,0,7.14,9818,1582,2850,72.49,96.99,184.39,5,Stable,0.1830357142857142,0.2589285714285714,198,0.4419642857142857,273.5301204819277,194.04273504273505,3.1,18.96,2.53,75.89285714285714,11.528571428571428,62.13313362148359,1,Prime,0.0,0.4342749999999999,28.381737980052957,0.6226,0.0,52.05577142857143,83.54049268436513,70.83381606826974,26-29,60,0.1,0.8,0.6,0.2,1.265,0.4,0.47150000000000003,0,1,Medium,0.006,Low,Possible (1 year)
PL0249,Denis Zakaria,Switzerland,CDM,Monaco,28,1998-06-06,Left,2027-04-04,1,448,22703,82,116,914.5,427.0,46.795,216.0,342.0,7.96,10,49,2,44.8,50.7,88.62,255.0,783.0,1271.0,94.0,756.0,72.12,246.0,6,484,80.7,110,47,"Muscle Injury, Shoulder Injury, Concussion, Ankle Injury, Knee Injury, Meniscus Tear",2023-06-29,1010.0,0.6,1,0,0,1,1.33,108,0,0.599,11660,0.542,0.255,0.202,5.06,201826,72.5,0,7.14,9818,1582,2850,61.83,73.11,49.07,1,Stable,0.1830357142857142,0.2589285714285714,198,0.4419642857142857,273.5301204819277,194.04273504273505,3.1,18.96,2.53,75.89285714285714,11.528571428571428,52.99616018507836,1,Prime,0.0,0.4342749999999999,28.381737980052957,0.6226,0.0,52.05577142857143,83.54049268436513,82.85177690366294,26-29,16,0.6,0.8,0.6,0.2,1.265,0.4,0.6465000000000001,1,2,High,1.0,Very High,Likely (6 months)
PL0249,Denis Zakaria,Switzerland,CDM,Monaco,28,1998-06-06,Left,2027-04-04,1,448,22703,82,116,914.5,427.0,46.795,216.0,342.0,7.96,10,49,2,44.8,50.7,88.62,255.0,783.0,1271.0,94.0,756.0,72.12,246.0,7,824,117.7,171,27,"Ligament Damage, Shoulder Injury, Hip Injury, Calf Injury, ACL Injury, Back Injury",2023-12-28,828.0,0.7,0,0,1,1,2.26,191,0,0.546,9049,0.564,0.272,0.163,14.63,140368,89.6,0,5.49,2296,664,1501,72.49,96.99,184.39,5,Stable,0.1830357142857142,0.2589285714285714,198,0.4419642857142857,273.5301204819277,194.04273504273505,3.1,18.96,5.66,57.36607142857143,14.7125,62.13313362148359,1,Prime,0.0,0.489216,72.77465184271072,0.5881000000000001,0.0,48.28141428571429,100.0,65.69793752308381,26-29,22,0.6,0.8,0.6,0.2,2.83,0.4,0.803,1,3,Very High,1.0,Very High,Very Likely (now)
PL0249,Denis Zakaria,Switzerland,CDM,Monaco,28,1998-06-06,Left,2027-04-04,1,448,22703,82,116,914.5,427.0,46.795,216.0,342.0,7.96,10,49,2,44.8,50.7,88.62,255.0,783.0,1271.0,94.0,756.0,72.12,246.0,7,824,117.7,171,27,"Ligament Damage, Shoulder Injury, Hip Injury, Calf Injury, ACL Injury, Back Injury",2023-12-28,828.0,0.7,0,0,1,1,2.26,191,0,0.546,9049,0.564,0.272,0.163,14.63,140368,89.6,0,5.49,2296,664,1501,61.83,73.11,49.07,1,Stable,0.1830357142857142,0.2589285714285714,198,0.4419642857142857,273.5301204819277,194.04273504273505,3.1,18.96,5.66,57.36607142857143,14.7125,52.99616018507836,1,Prime,0.0,0.489216,72.77465184271072,0.5881000000000001,0.0,48.28141428571429,100.0,76.84452377162866,26-29,43,0.1,0.8,0.6,0.2,2.83,0.4,0.6280000000000001,1,2,High,1.0,Very High,Likely (6 months)
PL0249,Denis Zakaria,Switzerland,CDM,Monaco,28,1998-06-06,Left,2027-04-04,1,448,22703,82,116,914.5,427.0,46.795,216.0,342.0,7.96,10,49,2,44.8,50.7,88.62,255.0,783.0,1271.0,94.0,756.0,72.12,246.0,7,824,117.7,171,27,"Ligament Damage, Shoulder Injury, Hip Injury, Calf Injury, ACL Injury, Back Injury",2023-12-28,828.0,0.7,0,0,1,1,2.26,191,0,0.599,11660,0.542,0.255,0.202,5.06,201826,72.5,0,7.14,9818,1582,2850,72.49,96.99,184.39,5,Stable,0.1830357142857142,0.2589285714285714,198,0.4419642857142857,273.5301204819277,194.04273504273505,3.1,18.96,5.66,57.36607142857143,14.7125,62.13313362148359,1,Prime,0.0,0.4342749999999999,28.381737980052957,0.6226,0.0,48.35041428571428,75.42781411293657,65.79182784829811,26-29,29,0.3,0.8,0.6,0.2,2.83,0.4,0.6980000000000001,1,2,High,1.0,Very High,Likely (6 months)
PL0249,Denis Zakaria,Switzerland,CDM,Monaco,28,1998-06-06,Left,2027-04-04,1,448,22703,82,116,914.5,427.0,46.795,216.0,342.0,7.96,10,49,2,44.8,50.7,88.62,255.0,783.0,1271.0,94.0,756.0,72.12,246.0,7,824,117.7,171,27,"Ligament Damage, Shoulder Injury, Hip Injury, Calf Injury, ACL Injury, Back Injury",2023-12-28,828.0,0.7,0,0,1,1,2.26,191,0,0.599,11660,0.542,0.255,0.202,5.06,201826,72.5,0,7.14,9818,1582,2850,61.83,73.11,49.07,1,Stable,0.1830357142857142,0.2589285714285714,198,0.4419642857142857,273.5301204819277,194.04273504273505,3.1,18.96,5.66,57.36607142857143,14.7125,52.99616018507836,1,Prime,0.0,0.4342749999999999,28.381737980052957,0.6226,0.0,48.35041428571428,75.42781411293657,76.95434392123872,26-29,10,1.0,0.8,0.6,0.2,2.83,0.4,0.9430000000000001,1,3,Very High,1.0,Very High,Very Likely (now)
PL0249,Denis Zakaria,Switzerland,CDM,Monaco,28,1998-06-06,Left,2027-04-04,1,170,35307,183,121,1215.0,279.0,47.91,341.0,661.0,6.74,10,37,4,17.0,207.7,85.79,643.0,783.0,1271.0,94.0,756.0,72.12,246.0,6,484,80.7,110,47,"Muscle Injury, Shoulder Injury, Concussion, Ankle Injury, Knee Injury, Meniscus Tear",2023-06-29,1010.0,0.6,1,0,0,1,1.33,108,0,0.546,9049,0.564,0.272,0.163,14.63,140368,89.6,0,5.49,2296,664,1501,72.49,96.99,184.39,5,Stable,1.076470588235294,0.711764705882353,304,1.7882352941176471,191.8858695652174,289.4016393442623,2.3,13.4,2.53,36.47058823529412,11.528571428571428,62.13313362148359,1,Prime,0.0,0.489216,72.77465184271072,0.5881000000000001,0.0,38.11031764705883,100.0,51.857827795698505,26-29,57,0.1,0.8,0.6,0.2,1.265,0.4,0.47150000000000003,0,1,Medium,0.002,Low,Possible (1 year)
PL0249,Denis Zakaria,Switzerland,CDM,Monaco,28,1998-06-06,Left,2027-04-04,1,170,35307,183,121,1215.0,279.0,47.91,341.0,661.0,6.74,10,37,4,17.0,207.7,85.79,643.0,783.0,1271.0,94.0,756.0,72.12,246.0,6,484,80.7,110,47,"Muscle Injury, Shoulder Injury, Concussion, Ankle Injury, Knee Injury, Meniscus Tear",2023-06-29,1010.0,0.6,1,0,0,1,1.33,108,0,0.546,9049,0.564,0.272,0.163,14.63,140368,89.6,0,5.49,2296,664,1501,61.83,73.11,49.07,1,Stable,1.076470588235294,0.711764705882353,304,1.7882352941176471,191.8858695652174,289.4016393442623,2.3,13.4,2.53,36.47058823529412,11.528571428571428,52.99616018507836,1,Prime,0.0,0.489216,72.77465184271072,0.5881000000000001,0.0,38.11031764705883,100.0,60.65624327082417,26-29,39,0.1,0.8,0.6,0.2,1.265,0.4,0.47150000000000003,0,1,Medium,0.0,Low,Possible (1 year)
PL0249,Denis Zakaria,Switzerland,CDM,Monaco,28,1998-06-06,Left,2027-04-04,1,170,35307,183,121,1215.0,279.0,47.91,341.0,661.0,6.74,10,37,4,17.0,207.7,85.79,643.0,783.0,1271.0,94.0,756.0,72.12,246.0,6,484,80.7,110,47,"Muscle Injury, Shoulder Injury, Concussion, Ankle Injury, Knee Injury, Meniscus Tear",2023-06-29,1010.0,0.6,1,0,0,1,1.33,108,0,0.599,11660,0.542,0.255,0.202,5.06,201826,72.5,0,7.14,9818,1582,2850,72.49,96.99,184.39,5,Stable,1.076470588235294,0.711764705882353,304,1.7882352941176471,191.8858695652174,289.4016393442623,2.3,13.4,2.53,36.47058823529412,11.528571428571428,62.13313362148359,1,Prime,0.0,0.4342749999999999,28.381737980052957,0.6226,0.0,38.17931764705882,76.60226579360884,51.951718120912815,26-29,11,1.0,0.8,0.6,0.2,1.265,0.4,0.7865,1,3,Very High,1.0,Very High,Very Likely (now)
PL0249,Denis Zakaria,Switzerland,CDM,Monaco,28,1998-06-06,Left,2027-04-04,1,170,35307,183,121,1215.0,279.0,47.91,341.0,661.0,6.74,10,37,4,17.0,207.7,85.79,643.0,783.0,1271.0,94.0,756.0,72.12,246.0,6,484,80.7,110,47,"Muscle Injury, Shoulder Injury, Concussion, Ankle Injury, Knee Injury, Meniscus Tear",2023-06-29,1010.0,0.6,1,0,0,1,1.33,108,0,0.599,11660,0.542,0.255,0.202,5.06,201826,72.5,0,7.14,9818,1582,2850,61.83,73.11,49.07,1,Stable,1.076470588235294,0.711764705882353,304,1.7882352941176471,191.8858695652174,289.4016393442623,2.3,13.4,2.53,36.47058823529412,11.528571428571428,52.99616018507836,1,Prime,0.0,0.4342749999999999,28.381737980052957,0.6226,0.0,38.17931764705882,76.60226579360884,60.76606342043422,26-29,27,0.3,0.8,0.6,0.2,1.265,0.4,0.5415000000000001,0,1,Medium,0.013,Low,Possible (1 year)
PL0249,Denis Zakaria,Switzerland,CDM,Monaco,28,1998-06-06,Left,2027-04-04,1,170,35307,183,121,1215.0,279.0,47.91,341.0,661.0,6.74,10,37,4,17.0,207.7,85.79,643.0,783.0,1271.0,94.0,756.0,72.12,246.0,7,824,117.7,171,27,"Ligament Damage, Shoulder Injury, Hip Injury, Calf Injury, ACL Injury, Back Injury",2023-12-28,828.0,0.7,0,0,1,1,2.26,191,0,0.546,9049,0.564,0.272,0.163,14.63,140368,89.6,0,5.49,2296,664,1501,72.49,96.99,184.39,5,Stable,1.076470588235294,0.711764705882353,304,1.7882352941176471,191.8858695652174,289.4016393442623,2.3,13.4,5.66,0.0,14.7125,62.13313362148359,1,Prime,0.0,0.489216,72.77465184271072,0.5881000000000001,0.0,30.81620000000001,100.0,41.93250782419378,26-29,16,0.6,0.8,0.6,0.2,2.83,0.4,0.803,1,3,Very High,1.0,Very High,Very Likely (now)
PL0249,Denis Zakaria,Switzerland,CDM,Monaco,28,1998-06-06,Left,2027-04-04,1,170,35307,183,121,1215.0,279.0,47.91,341.0,661.0,6.74,10,37,4,17.0,207.7,85.79,643.0,783.0,1271.0,94.0,756.0,72.12,246.0,7,824,117.7,171,27,"Ligament Damage, Shoulder Injury, Hip Injury, Calf Injury, ACL Injury, Back Injury",2023-12-28,828.0,0.7,0,0,1,1,2.26,191,0,0.546,9049,0.564,0.272,0.163,14.63,140368,89.6,0,5.49,2296,664,1501,61.83,73.11,49.07,1,Stable,1.076470588235294,0.711764705882353,304,1.7882352941176471,191.8858695652174,289.4016393442623,2.3,13.4,5.66,0.0,14.7125,52.99616018507836,1,Prime,0.0,0.489216,72.77465184271072,0.5881000000000001,0.0,30.81620000000001,100.0,49.04695209294923,26-29,53,0.1,0.8,0.6,0.2,2.83,0.4,0.6280000000000001,1,2,High,0.999,Very High,Likely (6 months)
PL0249,Denis Zakaria,Switzerland,CDM,Monaco,28,1998-06-06,Left,2027-04-04,1,170,35307,183,121,1215.0,279.0,47.91,341.0,661.0,6.74,10,37,4,17.0,207.7,85.79,643.0,783.0,1271.0,94.0,756.0,72.12,246.0,7,824,117.7,171,27,"Ligament Damage, Shoulder Injury, Hip Injury, Calf Injury, ACL Injury, Back Injury",2023-12-28,828.0,0.7,0,0,1,1,2.26,191,0,0.599,11660,0.542,0.255,0.202,5.06,201826,72.5,0,7.14,9818,1582,2850,72.49,96.99,184.39,5,Stable,1.076470588235294,0.711764705882353,304,1.7882352941176471,191.8858695652174,289.4016393442623,2.3,13.4,5.66,0.0,14.7125,62.13313362148359,1,Prime,0.0,0.4342749999999999,28.381737980052957,0.6226,0.0,30.885200000000005,66.69520697007943,42.02639814940809,26-29,21,0.6,0.8,0.6,0.2,2.83,0.4,0.803,1,3,Very High,1.0,Very High,Very Likely (now)
PL0249,Denis Zakaria,Switzerland,CDM,Monaco,28,1998-06-06,Left,2027-04-04,1,170,35307,183,121,1215.0,279.0,47.91,341.0,661.0,6.74,10,37,4,17.0,207.7,85.79,643.0,783.0,1271.0,94.0,756.0,72.12,246.0,7,824,117.7,171,27,"Ligament Damage, Shoulder Injury, Hip Injury, Calf Injury, ACL Injury, Back Injury",2023-12-28,828.0,0.7,0,0,1,1,2.26,191,0,0.599,11660,0.542,0.255,0.202,5.06,201826,72.5,0,7.14,9818,1582,2850,61.83,73.11,49.07,1,Stable,1.076470588235294,0.711764705882353,304,1.7882352941176471,191.8858695652174,289.4016393442623,2.3,13.4,5.66,0.0,14.7125,52.99616018507836,1,Prime,0.0,0.4342749999999999,28.381737980052957,0.6226,0.0,30.885200000000005,66.69520697007943,49.15677224255929,26-29,38,0.1,0.8,0.6,0.2,2.83,0.4,0.6280000000000001,1,2,High,1.0,Very High,Likely (6 months)
PL0250,Folarin Balogun,USA,ST,Monaco,23,2003-08-04,Left,2027-04-04,1,347,30331,131,46,1343.0,200.0,48.17,405.0,326.0,6.94,5,20,2,69.4,87.4,85.79,643.0,783.0,1271.0,94.0,756.0,72.12,246.0,9,657,73.0,114,10,"Ligament Damage, Calf Injury, Ankle Injury, Hamstring Injury, Back Injury, Achilles Injury, Fracture",2023-09-28,919.0,0.9,0,1,0,1,1.8,112,0,0.215,18422,0.209,0.496,0.295,2.27,322171,69.9,1,8.94,6168,648,811,69.48,81.84,113.72,5,Rising,0.377521613832853,0.132564841498559,177,0.5100864553314121,229.78030303030303,645.3404255319149,6.0,11.94,3.6,67.72334293948127,7.3,59.55318145979694,0,Emerging,17.789291882556128,0.150285,4.793312387300934,0.3389,9.137312,44.37046858789626,42.17520287489953,62.95469436421149,22-25,14,0.6,0.8,0.6,0.2,1.8,0.7,0.73,1,3,Very High,1.0,Very High,Very Likely (now)
PL0250,Folarin Balogun,USA,ST,Monaco,23,2003-08-04,Left,2027-04-04,1,347,30331,131,46,1343.0,200.0,48.17,405.0,326.0,6.94,5,20,2,69.4,87.4,85.79,643.0,783.0,1271.0,94.0,756.0,72.12,246.0,9,657,73.0,114,10,"Ligament Damage, Calf Injury, Ankle Injury, Hamstring Injury, Back Injury, Achilles Injury, Fracture",2023-09-28,919.0,0.9,0,1,0,1,1.8,112,0,0.215,18422,0.209,0.496,0.295,2.27,322171,69.9,1,8.94,6168,648,811,37.29,47.43,37.13,3,Rising,0.377521613832853,0.132564841498559,177,0.5100864553314121,229.78030303030303,645.3404255319149,6.0,11.94,3.6,67.72334293948127,7.3,31.96226448813799,0,Emerging,27.19227674979888,0.150285,4.793312387300934,0.3389,9.137312,44.37046858789626,42.17520287489953,115.88004332174526,22-25,11,1.0,0.8,0.1,0.2,1.8,0.7,0.795,1,3,Very High,1.0,Very High,Very Likely (now)
PL0250,Folarin Balogun,USA,ST,Monaco,23,2003-08-04,Left,2027-04-04,1,347,30331,131,46,1343.0,200.0,48.17,405.0,326.0,6.94,5,20,2,69.4,87.4,85.79,643.0,783.0,1271.0,94.0,756.0,72.12,246.0,9,657,73.0,114,10,"Ligament Damage, Calf Injury, Ankle Injury, Hamstring Injury, Back Injury, Achilles Injury, Fracture",2023-09-28,919.0,0.9,0,1,0,1,1.8,112,0,0.295,4288,0.348,0.46,0.192,6.5,73866,98.3,1,9.97,154,4110,15911,69.48,81.84,113.72,5,Rising,0.377521613832853,0.132564841498559,177,0.5100864553314121,229.78030303030303,645.3404255319149,6.0,11.94,3.6,67.72334293948127,7.3,59.55318145979694,0,Emerging,17.789291882556128,0.2899849999999999,16.037603536061116,0.4301,1.97248,44.55286858789626,59.13283959803981,63.21349118600491,22-25,21,0.6,0.8,0.6,0.2,1.8,0.7,0.73,1,3,Very High,1.0,Very High,Very Likely (now)
PL0250,Folarin Balogun,USA,ST,Monaco,23,2003-08-04,Left,2027-04-04,1,347,30331,131,46,1343.0,200.0,48.17,405.0,326.0,6.94,5,20,2,69.4,87.4,85.79,643.0,783.0,1271.0,94.0,756.0,72.12,246.0,9,657,73.0,114,10,"Ligament Damage, Calf Injury, Ankle Injury, Hamstring Injury, Back Injury, Achilles Injury, Fracture",2023-09-28,919.0,0.9,0,1,0,1,1.8,112,0,0.295,4288,0.348,0.46,0.192,6.5,73866,98.3,1,9.97,154,4110,15911,37.29,47.43,37.13,3,Rising,0.377521613832853,0.132564841498559,177,0.5100864553314121,229.78030303030303,645.3404255319149,6.0,11.94,3.6,67.72334293948127,7.3,31.96226448813799,0,Emerging,27.19227674979888,0.2899849999999999,16.037603536061116,0.4301,1.97248,44.55286858789626,59.13283959803981,116.35640790779908,22-25,34,0.3,0.8,0.1,0.2,1.8,0.7,0.55,0,2,High,0.005,Low,Possible (1 year)
PL0250,Folarin Balogun,USA,ST,Monaco,23,2003-08-04,Left,2027-04-04,1,347,30331,131,46,1343.0,200.0,48.17,405.0,326.0,6.94,5,20,2,69.4,87.4,85.79,643.0,783.0,1271.0,94.0,756.0,72.12,246.0,5,499,99.8,148,38,"Groin Strain, Muscle Injury, ACL Injury, Hip Injury",2023-06-26,1013.0,0.5,0,0,1,1,1.37,87,0,0.215,18422,0.209,0.496,0.295,2.27,322171,69.9,1,8.94,6168,648,811,69.48,81.84,113.72,5,Rising,0.377521613832853,0.132564841498559,177,0.5100864553314121,229.78030303030303,645.3404255319149,6.0,11.94,4.37,74.92795389048992,16.633333333333333,59.55318145979694,0,Emerging,17.789291882556128,0.150285,4.793312387300934,0.3389,9.137312,45.81139077809799,41.35566397000039,64.99913561024118,22-25,8,1.0,0.8,0.6,0.2,2.185,0.7,0.9085,1,3,Very High,1.0,Very High,Very Likely (now)
PL0250,Folarin Balogun,USA,ST,Monaco,23,2003-08-04,Left,2027-04-04,1,347,30331,131,46,1343.0,200.0,48.17,405.0,326.0,6.94,5,20,2,69.4,87.4,85.79,643.0,783.0,1271.0,94.0,756.0,72.12,246.0,5,499,99.8,148,38,"Groin Strain, Muscle Injury, ACL Injury, Hip Injury",2023-06-26,1013.0,0.5,0,0,1,1,1.37,87,0,0.215,18422,0.209,0.496,0.295,2.27,322171,69.9,1,8.94,6168,648,811,37.29,47.43,37.13,3,Rising,0.377521613832853,0.132564841498559,177,0.5100864553314121,229.78030303030303,645.3404255319149,6.0,11.94,4.37,74.92795389048992,16.633333333333333,31.96226448813799,0,Emerging,27.19227674979888,0.150285,4.793312387300934,0.3389,9.137312,45.81139077809799,41.35566397000039,119.64322480568812,22-25,25,0.3,0.8,0.1,0.2,2.185,0.7,0.5885,1,2,High,1.0,Very High,Likely (6 months)
PL0250,Folarin Balogun,USA,ST,Monaco,23,2003-08-04,Left,2027-04-04,1,347,30331,131,46,1343.0,200.0,48.17,405.0,326.0,6.94,5,20,2,69.4,87.4,85.79,643.0,783.0,1271.0,94.0,756.0,72.12,246.0,5,499,99.8,148,38,"Groin Strain, Muscle Injury, ACL Injury, Hip Injury",2023-06-26,1013.0,0.5,0,0,1,1,1.37,87,0,0.295,4288,0.348,0.46,0.192,6.5,73866,98.3,1,9.97,154,4110,15911,69.48,81.84,113.72,5,Rising,0.377521613832853,0.132564841498559,177,0.5100864553314121,229.78030303030303,645.3404255319149,6.0,11.94,4.37,74.92795389048992,16.633333333333333,59.55318145979694,0,Emerging,17.789291882556128,0.2899849999999999,16.037603536061116,0.4301,1.97248,45.99379077809799,58.31330069314067,65.25793243203461,22-25,41,0.1,0.8,0.6,0.2,2.185,0.7,0.5935,1,2,High,1.0,Very High,Likely (6 months)
PL0250,Folarin Balogun,USA,ST,Monaco,23,2003-08-04,Left,2027-04-04,1,347,30331,131,46,1343.0,200.0,48.17,405.0,326.0,6.94,5,20,2,69.4,87.4,85.79,643.0,783.0,1271.0,94.0,756.0,72.12,246.0,5,499,99.8,148,38,"Groin Strain, Muscle Injury, ACL Injury, Hip Injury",2023-06-26,1013.0,0.5,0,0,1,1,1.37,87,0,0.295,4288,0.348,0.46,0.192,6.5,73866,98.3,1,9.97,154,4110,15911,37.29,47.43,37.13,3,Rising,0.377521613832853,0.132564841498559,177,0.5100864553314121,229.78030303030303,645.3404255319149,6.0,11.94,4.37,74.92795389048992,16.633333333333333,31.96226448813799,0,Emerging,27.19227674979888,0.2899849999999999,16.037603536061116,0.4301,1.97248,45.99379077809799,58.31330069314067,120.11958939174194,22-25,24,0.6,0.8,0.1,0.2,2.185,0.7,0.6935,1,2,High,1.0,Very High,Likely (6 months)
PL0250,Folarin Balogun,USA,ST,Monaco,23,2003-08-04,Left,2027-04-04,1,372,16542,23,29,914.5,427.0,46.795,425.0,459.0,6.8,7,71,0,53.1,44.5,81.99,768.0,735.0,808.0,94.0,756.0,72.12,246.0,9,657,73.0,114,10,"Ligament Damage, Calf Injury, Ankle Injury, Hamstring Injury, Back Injury, Achilles Injury, Fracture",2023-09-28,919.0,0.9,0,1,0,1,1.8,112,0,0.215,18422,0.209,0.496,0.295,2.27,322171,69.9,1,8.94,6168,648,811,69.48,81.84,113.72,5,Rising,0.0618279569892473,0.0779569892473118,52,0.1397849462365591,689.25,551.4,2.9000000000000004,14.44,3.6,69.89247311827957,7.3,59.55318145979694,0,Emerging,17.789291882556128,0.150285,4.793312387300934,0.3389,9.137312,44.74429462365592,42.36211589277936,63.48509452845617,22-25,31,0.3,0.8,0.6,0.2,1.8,0.7,0.625,1,2,High,0.999,Very High,Likely (6 months)
PL0250,Folarin Balogun,USA,ST,Monaco,23,2003-08-04,Left,2027-04-04,1,372,16542,23,29,914.5,427.0,46.795,425.0,459.0,6.8,7,71,0,53.1,44.5,81.99,768.0,735.0,808.0,94.0,756.0,72.12,246.0,9,657,73.0,114,10,"Ligament Damage, Calf Injury, Ankle Injury, Hamstring Injury, Back Injury, Achilles Injury, Fracture",2023-09-28,919.0,0.9,0,1,0,1,1.8,112,0,0.215,18422,0.209,0.496,0.295,2.27,322171,69.9,1,8.94,6168,648,811,37.29,47.43,37.13,3,Rising,0.0618279569892473,0.0779569892473118,52,0.1397849462365591,689.25,551.4,2.9000000000000004,14.44,3.6,69.89247311827957,7.3,31.96226448813799,0,Emerging,27.19227674979888,0.150285,4.793312387300934,0.3389,9.137312,44.74429462365592,42.36211589277936,116.8563453216399,22-25,8,1.0,0.8,0.1,0.2,1.8,0.7,0.795,1,3,Very High,1.0,Very High,Very Likely (now)
PL0250,Folarin Balogun,USA,ST,Monaco,23,2003-08-04,Left,2027-04-04,1,372,16542,23,29,914.5,427.0,46.795,425.0,459.0,6.8,7,71,0,53.1,44.5,81.99,768.0,735.0,808.0,94.0,756.0,72.12,246.0,9,657,73.0,114,10,"Ligament Damage, Calf Injury, Ankle Injury, Hamstring Injury, Back Injury, Achilles Injury, Fracture",2023-09-28,919.0,0.9,0,1,0,1,1.8,112,0,0.295,4288,0.348,0.46,0.192,6.5,73866,98.3,1,9.97,154,4110,15911,69.48,81.84,113.72,5,Rising,0.0618279569892473,0.0779569892473118,52,0.1397849462365591,689.25,551.4,2.9000000000000004,14.44,3.6,69.89247311827957,7.3,59.55318145979694,0,Emerging,17.789291882556128,0.2899849999999999,16.037603536061116,0.4301,1.97248,44.92669462365592,59.319752615919626,63.74389135024959,22-25,24,0.6,0.8,0.6,0.2,1.8,0.7,0.73,1,3,Very High,1.0,Very High,Very Likely (now)
PL0250,Folarin Balogun,USA,ST,Monaco,23,2003-08-04,Left,2027-04-04,1,372,16542,23,29,914.5,427.0,46.795,425.0,459.0,6.8,7,71,0,53.1,44.5,81.99,768.0,735.0,808.0,94.0,756.0,72.12,246.0,9,657,73.0,114,10,"Ligament Damage, Calf Injury, Ankle Injury, Hamstring Injury, Back Injury, Achilles Injury, Fracture",2023-09-28,919.0,0.9,0,1,0,1,1.8,112,0,0.295,4288,0.348,0.46,0.192,6.5,73866,98.3,1,9.97,154,4110,15911,37.29,47.43,37.13,3,Rising,0.0618279569892473,0.0779569892473118,52,0.1397849462365591,689.25,551.4,2.9000000000000004,14.44,3.6,69.89247311827957,7.3,31.96226448813799,0,Emerging,27.19227674979888,0.2899849999999999,16.037603536061116,0.4301,1.97248,44.92669462365592,59.319752615919626,117.33270990769373,22-25,25,0.3,0.8,0.1,0.2,1.8,0.7,0.55,0,2,High,0.898,Very High,Likely (6 months)
PL0250,Folarin Balogun,USA,ST,Monaco,23,2003-08-04,Left,2027-04-04,1,372,16542,23,29,914.5,427.0,46.795,425.0,459.0,6.8,7,71,0,53.1,44.5,81.99,768.0,735.0,808.0,94.0,756.0,72.12,246.0,5,499,99.8,148,38,"Groin Strain, Muscle Injury, ACL Injury, Hip Injury",2023-06-26,1013.0,0.5,0,0,1,1,1.37,87,0,0.215,18422,0.209,0.496,0.295,2.27,322171,69.9,1,8.94,6168,648,811,69.48,81.84,113.72,5,Rising,0.0618279569892473,0.0779569892473118,52,0.1397849462365591,689.25,551.4,2.9000000000000004,14.44,4.37,76.61290322580645,16.633333333333333,59.55318145979694,0,Emerging,17.789291882556128,0.150285,4.793312387300934,0.3389,9.137312,46.088380645161294,41.494158903532046,65.392140529457,22-25,37,0.1,0.8,0.6,0.2,2.185,0.7,0.5935,1,2,High,1.0,Very High,Likely (6 months)
PL0250,Folarin Balogun,USA,ST,Monaco,23,2003-08-04,Left,2027-04-04,1,372,16542,23,29,914.5,427.0,46.795,425.0,459.0,6.8,7,71,0,53.1,44.5,81.99,768.0,735.0,808.0,94.0,756.0,72.12,246.0,5,499,99.8,148,38,"Groin Strain, Muscle Injury, ACL Injury, Hip Injury",2023-06-26,1013.0,0.5,0,0,1,1,1.37,87,0,0.215,18422,0.209,0.496,0.295,2.27,322171,69.9,1,8.94,6168,648,811,37.29,47.43,37.13,3,Rising,0.0618279569892473,0.0779569892473118,52,0.1397849462365591,689.25,551.4,2.9000000000000004,14.44,4.37,76.61290322580645,16.633333333333333,31.96226448813799,0,Emerging,27.19227674979888,0.150285,4.793312387300934,0.3389,9.137312,46.088380645161294,41.494158903532046,120.366624824135,22-25,12,1.0,0.8,0.1,0.2,2.185,0.7,0.8335,1,3,Very High,1.0,Very High,Very Likely (now)
PL0250,Folarin Balogun,USA,ST,Monaco,23,2003-08-04,Left,2027-04-04,1,372,16542,23,29,914.5,427.0,46.795,425.0,459.0,6.8,7,71,0,53.1,44.5,81.99,768.0,735.0,808.0,94.0,756.0,72.12,246.0,5,499,99.8,148,38,"Groin Strain, Muscle Injury, ACL Injury, Hip Injury",2023-06-26,1013.0,0.5,0,0,1,1,1.37,87,0,0.295,4288,0.348,0.46,0.192,6.5,73866,98.3,1,9.97,154,4110,15911,69.48,81.84,113.72,5,Rising,0.0618279569892473,0.0779569892473118,52,0.1397849462365591,689.25,551.4,2.9000000000000004,14.44,4.37,76.61290322580645,16.633333333333333,59.55318145979694,0,Emerging,17.789291882556128,0.2899849999999999,16.037603536061116,0.4301,1.97248,46.270780645161295,58.45179562667232,65.65093735125042,22-25,57,0.1,0.8,0.6,0.2,2.185,0.7,0.5935,1,2,High,0.999,Very High,Likely (6 months)
PL0250,Folarin Balogun,USA,ST,Monaco,23,2003-08-04,Left,2027-04-04,1,372,16542,23,29,914.5,427.0,46.795,425.0,459.0,6.8,7,71,0,53.1,44.5,81.99,768.0,735.0,808.0,94.0,756.0,72.12,246.0,5,499,99.8,148,38,"Groin Strain, Muscle Injury, ACL Injury, Hip Injury",2023-06-26,1013.0,0.5,0,0,1,1,1.37,87,0,0.295,4288,0.348,0.46,0.192,6.5,73866,98.3,1,9.97,154,4110,15911,37.29,47.43,37.13,3,Rising,0.0618279569892473,0.0779569892473118,52,0.1397849462365591,689.25,551.4,2.9000000000000004,14.44,4.37,76.61290322580645,16.633333333333333,31.96226448813799,0,Emerging,27.19227674979888,0.2899849999999999,16.037603536061116,0.4301,1.97248,46.270780645161295,58.45179562667232,120.8429894101888,22-25,46,0.1,0.8,0.1,0.2,2.185,0.7,0.5185000000000001,0,1,Medium,0.0,Low,Possible (1 year)
PL0251,Takumi Minamino,Japan,CAM,Monaco,29,1997-08-03,Both,2031-04-03,5,300,22862,65,31,914.5,427.0,46.795,228.0,450.0,6.51,10,30,5,30.0,76.2,88.9,583.0,783.0,1271.0,94.0,756.0,72.12,246.0,14,985,70.4,136,11,"Ligament Damage, Muscle Injury, Concussion, Knee Injury, ACL Injury, Hamstring Injury, Groin Strain, Meniscus Tear, Fracture",2023-11-20,866.0,1.4,1,1,1,1,2.7,146,0,0.203,37402,0.262,0.528,0.21,14.56,268157,79.8,1,8.24,2353,2873,9260,41.61,48.96,46.86,3,Stable,0.2166666666666666,0.1033333333333333,96,0.32,346.3939393939394,714.4375,2.0,16.0,7.5,51.33333333333333,4.693333333333333,178.32526486342476,0,Experienced,0.0,0.161994,31.12185086774617,0.3366,19.748256,40.17986666666666,71.77270963495259,94.29680043808182,26-29,38,0.1,0.5,0.3,0.2,3.75,0.6,0.635,1,2,High,1.0,Very High,Likely (6 months)
PL0251,Takumi Minamino,Japan,CAM,Monaco,29,1997-08-03,Both,2031-04-03,5,300,22862,65,31,914.5,427.0,46.795,228.0,450.0,6.51,10,30,5,30.0,76.2,88.9,583.0,783.0,1271.0,94.0,756.0,72.12,246.0,14,985,70.4,136,11,"Ligament Damage, Muscle Injury, Concussion, Knee Injury, ACL Injury, Hamstring Injury, Groin Strain, Meniscus Tear, Fracture",2023-11-20,866.0,1.4,1,1,1,1,2.7,146,0,0.203,37402,0.262,0.528,0.21,14.56,268157,79.8,1,8.24,2353,2873,9260,46.47,60.98,123.38,5,Rising,0.2166666666666666,0.1033333333333333,96,0.32,346.3939393939394,714.4375,2.0,16.0,7.5,51.33333333333333,4.693333333333333,199.1534500890014,0,Experienced,0.0,0.161994,31.12185086774617,0.3366,19.748256,40.17986666666666,71.77270963495259,84.64265149919247,26-29,45,0.1,0.5,0.3,0.2,3.75,0.6,0.635,1,2,High,1.0,Very High,Likely (6 months)
PL0251,Takumi Minamino,Japan,CAM,Monaco,29,1997-08-03,Both,2031-04-03,5,300,22862,65,31,914.5,427.0,46.795,228.0,450.0,6.51,10,30,5,30.0,76.2,88.9,583.0,783.0,1271.0,94.0,756.0,72.12,246.0,14,985,70.4,136,11,"Ligament Damage, Muscle Injury, Concussion, Knee Injury, ACL Injury, Hamstring Injury, Groin Strain, Meniscus Tear, Fracture",2023-11-20,866.0,1.4,1,1,1,1,2.7,146,0,0.077,13072,0.238,0.597,0.165,9.36,194502,60.9,1,8.13,6645,1670,11554,41.61,48.96,46.86,3,Stable,0.2166666666666666,0.1033333333333333,96,0.32,346.3939393939394,714.4375,2.0,16.0,7.5,51.33333333333333,4.693333333333333,178.32526486342476,0,Experienced,0.0,0.046893,6.831203484870304,0.2641,7.803984,40.03486666666666,35.26423856063879,93.9565047328483,26-29,44,0.1,0.5,0.3,0.2,3.75,0.6,0.635,1,2,High,1.0,Very High,Likely (6 months)
PL0251,Takumi Minamino,Japan,CAM,Monaco,29,1997-08-03,Both,2031-04-03,5,300,22862,65,31,914.5,427.0,46.795,228.0,450.0,6.51,10,30,5,30.0,76.2,88.9,583.0,783.0,1271.0,94.0,756.0,72.12,246.0,14,985,70.4,136,11,"Ligament Damage, Muscle Injury, Concussion, Knee Injury, ACL Injury, Hamstring Injury, Groin Strain, Meniscus Tear, Fracture",2023-11-20,866.0,1.4,1,1,1,1,2.7,146,0,0.077,13072,0.238,0.597,0.165,9.36,194502,60.9,1,8.13,6645,1670,11554,46.47,60.98,123.38,5,Rising,0.2166666666666666,0.1033333333333333,96,0.32,346.3939393939394,714.4375,2.0,16.0,7.5,51.33333333333333,4.693333333333333,199.1534500890014,0,Experienced,0.0,0.046893,6.831203484870304,0.2641,7.803984,40.03486666666666,35.26423856063879,84.3371954216698,26-29,23,0.6,0.5,0.3,0.2,3.75,0.6,0.81,1,3,Very High,1.0,Very High,Very Likely (now)
PL0251,Takumi Minamino,Japan,CAM,Monaco,29,1997-08-03,Both,2031-04-03,5,300,22862,65,31,914.5,427.0,46.795,228.0,450.0,6.51,10,30,5,30.0,76.2,88.9,583.0,783.0,1271.0,94.0,756.0,72.12,246.0,12,1214,101.2,178,8,"Concussion, Calf Injury, Knee Injury, ACL Injury, Hamstring Injury, Groin Strain, Back Injury, Achilles Injury, Meniscus Tear, Fracture",2025-09-11,205.0,1.2,1,1,1,1,3.33,220,0,0.203,37402,0.262,0.528,0.21,14.56,268157,79.8,1,8.24,2353,2873,9260,41.61,48.96,46.86,3,Stable,0.2166666666666666,0.1033333333333333,96,0.32,346.3939393939394,714.4375,2.0,16.0,7.73,26.66666666666667,7.784615384615384,178.32526486342476,0,Experienced,0.0,0.161994,31.12185086774617,0.3366,19.748256,35.24653333333333,68.84604296828591,82.71892357036688,26-29,45,0.1,0.5,0.3,0.2,3.865,0.6,0.6465000000000001,1,2,High,1.0,Very High,Likely (6 months)
PL0251,Takumi Minamino,Japan,CAM,Monaco,29,1997-08-03,Both,2031-04-03,5,300,22862,65,31,914.5,427.0,46.795,228.0,450.0,6.51,10,30,5,30.0,76.2,88.9,583.0,783.0,1271.0,94.0,756.0,72.12,246.0,12,1214,101.2,178,8,"Concussion, Calf Injury, Knee Injury, ACL Injury, Hamstring Injury, Groin Strain, Back Injury, Achilles Injury, Meniscus Tear, Fracture",2025-09-11,205.0,1.2,1,1,1,1,3.33,220,0,0.203,37402,0.262,0.528,0.21,14.56,268157,79.8,1,8.24,2353,2873,9260,46.47,60.98,123.38,5,Rising,0.2166666666666666,0.1033333333333333,96,0.32,346.3939393939394,714.4375,2.0,16.0,7.73,26.66666666666667,7.784615384615384,199.1534500890014,0,Experienced,0.0,0.161994,31.12185086774617,0.3366,19.748256,35.24653333333333,68.84604296828591,74.2501228846289,26-29,6,1.0,0.5,0.3,0.2,3.865,0.6,0.9615,1,3,Very High,1.0,Very High,Very Likely (now)
PL0251,Takumi Minamino,Japan,CAM,Monaco,29,1997-08-03,Both,2031-04-03,5,300,22862,65,31,914.5,427.0,46.795,228.0,450.0,6.51,10,30,5,30.0,76.2,88.9,583.0,783.0,1271.0,94.0,756.0,72.12,246.0,12,1214,101.2,178,8,"Concussion, Calf Injury, Knee Injury, ACL Injury, Hamstring Injury, Groin Strain, Back Injury, Achilles Injury, Meniscus Tear, Fracture",2025-09-11,205.0,1.2,1,1,1,1,3.33,220,0,0.077,13072,0.238,0.597,0.165,9.36,194502,60.9,1,8.13,6645,1670,11554,41.61,48.96,46.86,3,Stable,0.2166666666666666,0.1033333333333333,96,0.32,346.3939393939394,714.4375,2.0,16.0,7.73,26.66666666666667,7.784615384615384,178.32526486342476,0,Experienced,0.0,0.046893,6.831203484870304,0.2641,7.803984,35.10153333333333,32.33757189397212,82.37862786513337,26-29,16,0.6,0.5,0.3,0.2,3.865,0.6,0.8215000000000001,1,3,Very High,1.0,Very High,Very Likely (now)
PL0251,Takumi Minamino,Japan,CAM,Monaco,29,1997-08-03,Both,2031-04-03,5,300,22862,65,31,914.5,427.0,46.795,228.0,450.0,6.51,10,30,5,30.0,76.2,88.9,583.0,783.0,1271.0,94.0,756.0,72.12,246.0,12,1214,101.2,178,8,"Concussion, Calf Injury, Knee Injury, ACL Injury, Hamstring Injury, Groin Strain, Back Injury, Achilles Injury, Meniscus Tear, Fracture",2025-09-11,205.0,1.2,1,1,1,1,3.33,220,0,0.077,13072,0.238,0.597,0.165,9.36,194502,60.9,1,8.13,6645,1670,11554,46.47,60.98,123.38,5,Rising,0.2166666666666666,0.1033333333333333,96,0.32,346.3939393939394,714.4375,2.0,16.0,7.73,26.66666666666667,7.784615384615384,199.1534500890014,0,Experienced,0.0,0.046893,6.831203484870304,0.2641,7.803984,35.10153333333333,32.33757189397212,73.94466680710623,26-29,33,0.3,0.5,0.3,0.2,3.865,0.6,0.7165000000000001,1,3,Very High,1.0,Very High,Very Likely (now)
PL0251,Takumi Minamino,Japan,CAM,Monaco,29,1997-08-03,Both,2031-04-03,5,313,30019,32,40,914.5,427.0,46.795,499.0,607.0,7.2,6,20,5,52.2,95.9,86.73,308.0,783.0,1271.0,94.0,756.0,72.12,246.0,14,985,70.4,136,11,"Ligament Damage, Muscle Injury, Concussion, Knee Injury, ACL Injury, Hamstring Injury, Groin Strain, Meniscus Tear, Fracture",2023-11-20,866.0,1.4,1,1,1,1,2.7,146,0,0.203,37402,0.262,0.528,0.21,14.56,268157,79.8,1,8.24,2353,2873,9260,41.61,48.96,46.86,3,Stable,0.1022364217252396,0.1277955271565495,72,0.2300319488817891,909.6666666666666,732.170731707317,3.0,12.26,7.5,53.35463258785943,4.693333333333333,178.32526486342476,0,Experienced,0.0,0.161994,31.12185086774617,0.3366,19.748256,42.59612651757189,72.9808395604052,99.96744078284884,26-29,30,0.3,0.5,0.3,0.2,3.75,0.6,0.7050000000000001,1,3,Very High,1.0,Very High,Very Likely (now)
PL0251,Takumi Minamino,Japan,CAM,Monaco,29,1997-08-03,Both,2031-04-03,5,313,30019,32,40,914.5,427.0,46.795,499.0,607.0,7.2,6,20,5,52.2,95.9,86.73,308.0,783.0,1271.0,94.0,756.0,72.12,246.0,14,985,70.4,136,11,"Ligament Damage, Muscle Injury, Concussion, Knee Injury, ACL Injury, Hamstring Injury, Groin Strain, Meniscus Tear, Fracture",2023-11-20,866.0,1.4,1,1,1,1,2.7,146,0,0.203,37402,0.262,0.528,0.21,14.56,268157,79.8,1,8.24,2353,2873,9260,46.47,60.98,123.38,5,Rising,0.1022364217252396,0.1277955271565495,72,0.2300319488817891,909.6666666666666,732.170731707317,3.0,12.26,7.5,53.35463258785943,4.693333333333333,199.1534500890014,0,Experienced,0.0,0.161994,31.12185086774617,0.3366,19.748256,42.59612651757189,72.9808395604052,89.73272912907497,26-29,55,0.1,0.5,0.3,0.2,3.75,0.6,0.635,1,2,High,1.0,Very High,Likely (6 months)
PL0251,Takumi Minamino,Japan,CAM,Monaco,29,1997-08-03,Both,2031-04-03,5,313,30019,32,40,914.5,427.0,46.795,499.0,607.0,7.2,6,20,5,52.2,95.9,86.73,308.0,783.0,1271.0,94.0,756.0,72.12,246.0,14,985,70.4,136,11,"Ligament Damage, Muscle Injury, Concussion, Knee Injury, ACL Injury, Hamstring Injury, Groin Strain, Meniscus Tear, Fracture",2023-11-20,866.0,1.4,1,1,1,1,2.7,146,0,0.077,13072,0.238,0.597,0.165,9.36,194502,60.9,1,8.13,6645,1670,11554,41.61,48.96,46.86,3,Stable,0.1022364217252396,0.1277955271565495,72,0.2300319488817891,909.6666666666666,732.170731707317,3.0,12.26,7.5,53.35463258785943,4.693333333333333,178.32526486342476,0,Experienced,0.0,0.046893,6.831203484870304,0.2641,7.803984,42.451126517571886,36.4723684860914,99.62714507761532,26-29,28,0.3,0.5,0.3,0.2,3.75,0.6,0.7050000000000001,1,3,Very High,1.0,Very High,Very Likely (now)
PL0251,Takumi Minamino,Japan,CAM,Monaco,29,1997-08-03,Both,2031-04-03,5,313,30019,32,40,914.5,427.0,46.795,499.0,607.0,7.2,6,20,5,52.2,95.9,86.73,308.0,783.0,1271.0,94.0,756.0,72.12,246.0,14,985,70.4,136,11,"Ligament Damage, Muscle Injury, Concussion, Knee Injury, ACL Injury, Hamstring Injury, Groin Strain, Meniscus Tear, Fracture",2023-11-20,866.0,1.4,1,1,1,1,2.7,146,0,0.077,13072,0.238,0.597,0.165,9.36,194502,60.9,1,8.13,6645,1670,11554,46.47,60.98,123.38,5,Rising,0.1022364217252396,0.1277955271565495,72,0.2300319488817891,909.6666666666666,732.170731707317,3.0,12.26,7.5,53.35463258785943,4.693333333333333,199.1534500890014,0,Experienced,0.0,0.046893,6.831203484870304,0.2641,7.803984,42.451126517571886,36.4723684860914,89.42727305155232,26-29,36,0.3,0.5,0.3,0.2,3.75,0.6,0.7050000000000001,1,3,Very High,1.0,Very High,Very Likely (now)
PL0251,Takumi Minamino,Japan,CAM,Monaco,29,1997-08-03,Both,2031-04-03,5,313,30019,32,40,914.5,427.0,46.795,499.0,607.0,7.2,6,20,5,52.2,95.9,86.73,308.0,783.0,1271.0,94.0,756.0,72.12,246.0,12,1214,101.2,178,8,"Concussion, Calf Injury, Knee Injury, ACL Injury, Hamstring Injury, Groin Strain, Back Injury, Achilles Injury, Meniscus Tear, Fracture",2025-09-11,205.0,1.2,1,1,1,1,3.33,220,0,0.203,37402,0.262,0.528,0.21,14.56,268157,79.8,1,8.24,2353,2873,9260,41.61,48.96,46.86,3,Stable,0.1022364217252396,0.1277955271565495,72,0.2300319488817891,909.6666666666666,732.170731707317,3.0,12.26,7.73,29.712460063897765,7.784615384615384,178.32526486342476,0,Experienced,0.0,0.161994,31.12185086774617,0.3366,19.748256,37.86769201277956,70.15662230800902,88.87043420037446,26-29,35,0.3,0.5,0.3,0.2,3.865,0.6,0.7165000000000001,1,3,Very High,1.0,Very High,Very Likely (now)
PL0251,Takumi Minamino,Japan,CAM,Monaco,29,1997-08-03,Both,2031-04-03,5,313,30019,32,40,914.5,427.0,46.795,499.0,607.0,7.2,6,20,5,52.2,95.9,86.73,308.0,783.0,1271.0,94.0,756.0,72.12,246.0,12,1214,101.2,178,8,"Concussion, Calf Injury, Knee Injury, ACL Injury, Hamstring Injury, Groin Strain, Back Injury, Achilles Injury, Meniscus Tear, Fracture",2025-09-11,205.0,1.2,1,1,1,1,3.33,220,0,0.203,37402,0.262,0.528,0.21,14.56,268157,79.8,1,8.24,2353,2873,9260,46.47,60.98,123.38,5,Rising,0.1022364217252396,0.1277955271565495,72,0.2300319488817891,909.6666666666666,732.170731707317,3.0,12.26,7.73,29.712460063897765,7.784615384615384,199.1534500890014,0,Experienced,0.0,0.161994,31.12185086774617,0.3366,19.748256,37.86769201277956,70.15662230800902,79.77183908316738,26-29,47,0.1,0.5,0.3,0.2,3.865,0.6,0.6465000000000001,1,2,High,1.0,Very High,Likely (6 months)
PL0251,Takumi Minamino,Japan,CAM,Monaco,29,1997-08-03,Both,2031-04-03,5,313,30019,32,40,914.5,427.0,46.795,499.0,607.0,7.2,6,20,5,52.2,95.9,86.73,308.0,783.0,1271.0,94.0,756.0,72.12,246.0,12,1214,101.2,178,8,"Concussion, Calf Injury, Knee Injury, ACL Injury, Hamstring Injury, Groin Strain, Back Injury, Achilles Injury, Meniscus Tear, Fracture",2025-09-11,205.0,1.2,1,1,1,1,3.33,220,0,0.077,13072,0.238,0.597,0.165,9.36,194502,60.9,1,8.13,6645,1670,11554,41.61,48.96,46.86,3,Stable,0.1022364217252396,0.1277955271565495,72,0.2300319488817891,909.6666666666666,732.170731707317,3.0,12.26,7.73,29.712460063897765,7.784615384615384,178.32526486342476,0,Experienced,0.0,0.046893,6.831203484870304,0.2641,7.803984,37.722692012779554,33.64815123369523,88.53013849514095,26-29,40,0.1,0.5,0.3,0.2,3.865,0.6,0.6465000000000001,1,2,High,1.0,Very High,Likely (6 months)
PL0251,Takumi Minamino,Japan,CAM,Monaco,29,1997-08-03,Both,2031-04-03,5,313,30019,32,40,914.5,427.0,46.795,499.0,607.0,7.2,6,20,5,52.2,95.9,86.73,308.0,783.0,1271.0,94.0,756.0,72.12,246.0,12,1214,101.2,178,8,"Concussion, Calf Injury, Knee Injury, ACL Injury, Hamstring Injury, Groin Strain, Back Injury, Achilles Injury, Meniscus Tear, Fracture",2025-09-11,205.0,1.2,1,1,1,1,3.33,220,0,0.077,13072,0.238,0.597,0.165,9.36,194502,60.9,1,8.13,6645,1670,11554,46.47,60.98,123.38,5,Rising,0.1022364217252396,0.1277955271565495,72,0.2300319488817891,909.6666666666666,732.170731707317,3.0,12.26,7.73,29.712460063897765,7.784615384615384,199.1534500890014,0,Experienced,0.0,0.046893,6.831203484870304,0.2641,7.803984,37.722692012779554,33.64815123369523,79.46638300564473,26-29,12,1.0,0.5,0.3,0.2,3.865,0.6,0.9615,1,3,Very High,1.0,Very High,Very Likely (now)
PL0252,Vanderson,Brazil,RB,Monaco,23,2003-11-02,Right,2028-04-03,2,201,28927,27,49,914.5,427.0,46.795,425.0,459.0,6.9,5,41,1,40.2,143.9,83.27,835.0,783.0,1868.0,94.0,756.0,72.12,246.0,7,629,89.9,153,22,"Muscle Injury, Shoulder Injury, Calf Injury, Knee Injury, Groin Strain",2024-07-14,629.0,0.7,1,0,0,0,1.72,145,0,0.098,4873,0.082,0.563,0.356,10.66,63240,67.1,1,6.34,8052,3608,7865,30.87,34.7,55.09,5,Rising,0.1343283582089552,0.2437810945273631,76,0.3781094527363184,1033.107142857143,578.54,4.9,9.02,3.12,27.860696517412933,11.2375,52.919018758316966,0,Emerging,12.40686750890833,0.065758,8.871078060248545,0.2146,2.743499,35.405339303482585,44.769286742114105,111.0930006384769,22-25,21,0.6,0.8,0.1,0.2,1.56,0.5,0.6110000000000001,1,2,High,1.0,Very High,Likely (6 months)
PL0252,Vanderson,Brazil,RB,Monaco,23,2003-11-02,Right,2028-04-03,2,201,28927,27,49,914.5,427.0,46.795,425.0,459.0,6.9,5,41,1,40.2,143.9,83.27,835.0,783.0,1868.0,94.0,756.0,72.12,246.0,7,629,89.9,153,22,"Muscle Injury, Shoulder Injury, Calf Injury, Knee Injury, Groin Strain",2024-07-14,629.0,0.7,1,0,0,0,1.72,145,0,0.098,4873,0.082,0.563,0.356,10.66,63240,67.1,1,6.34,8052,3608,7865,56.8,63.76,70.86,4,Rising,0.1343283582089552,0.2437810945273631,76,0.3781094527363184,1033.107142857143,578.54,4.9,9.02,3.12,27.860696517412933,11.2375,97.36962311216078,0,Emerging,12.253521126760566,0.065758,8.871078060248545,0.2146,2.743499,35.405339303482585,44.769286742114105,61.25491228976227,22-25,31,0.3,0.8,0.6,0.2,1.56,0.5,0.5810000000000001,1,2,High,0.997,Very High,Likely (6 months)
PL0252,Vanderson,Brazil,RB,Monaco,23,2003-11-02,Right,2028-04-03,2,201,28927,27,49,914.5,427.0,46.795,425.0,459.0,6.9,5,41,1,40.2,143.9,83.27,835.0,783.0,1868.0,94.0,756.0,72.12,246.0,7,629,89.9,153,22,"Muscle Injury, Shoulder Injury, Calf Injury, Knee Injury, Groin Strain",2024-07-14,629.0,0.7,1,0,0,0,1.72,145,0,0.207,34875,0.337,0.415,0.248,2.92,460437,1.1,1,3.93,9583,2986,2590,30.87,34.7,55.09,5,Rising,0.1343283582089552,0.2437810945273631,76,0.3781094527363184,1033.107142857143,578.54,4.9,9.02,3.12,27.860696517412933,11.2375,52.919018758316966,0,Emerging,12.40686750890833,0.002277,6.322172936143535,0.3402,14.473125,35.65653930348258,41.07152905595659,111.88120270938995,22-25,53,0.1,0.8,0.1,0.2,1.56,0.5,0.43600000000000005,0,1,Medium,0.0,Low,Possible (1 year)
PL0252,Vanderson,Brazil,RB,Monaco,23,2003-11-02,Right,2028-04-03,2,201,28927,27,49,914.5,427.0,46.795,425.0,459.0,6.9,5,41,1,40.2,143.9,83.27,835.0,783.0,1868.0,94.0,756.0,72.12,246.0,7,629,89.9,153,22,"Muscle Injury, Shoulder Injury, Calf Injury, Knee Injury, Groin Strain",2024-07-14,629.0,0.7,1,0,0,0,1.72,145,0,0.207,34875,0.337,0.415,0.248,2.92,460437,1.1,1,3.93,9583,2986,2590,56.8,63.76,70.86,4,Rising,0.1343283582089552,0.2437810945273631,76,0.3781094527363184,1033.107142857143,578.54,4.9,9.02,3.12,27.860696517412933,11.2375,97.36962311216078,0,Emerging,12.253521126760566,0.002277,6.322172936143535,0.3402,14.473125,35.65653930348258,41.07152905595659,61.68951436588682,22-25,57,0.1,0.8,0.6,0.2,1.56,0.5,0.5110000000000001,0,1,Medium,0.001,Low,Possible (1 year)
PL0252,Vanderson,Brazil,RB,Monaco,23,2003-11-02,Right,2028-04-03,2,201,28927,27,49,914.5,427.0,46.795,425.0,459.0,6.9,5,41,1,40.2,143.9,83.27,835.0,783.0,1868.0,94.0,756.0,72.12,246.0,2,174,87.0,161,13,"Muscle Injury, Ligament Damage",2023-07-08,1001.0,0.2,0,0,0,0,0.48,31,0,0.098,4873,0.082,0.563,0.356,10.66,63240,67.1,1,6.34,8052,3608,7865,30.87,34.7,55.09,5,Rising,0.1343283582089552,0.2437810945273631,76,0.3781094527363184,1033.107142857143,578.54,4.9,9.02,0.88,84.57711442786069,29.0,52.919018758316966,0,Emerging,12.40686750890833,0.065758,8.871078060248545,0.2146,2.743499,46.74862288557214,54.920928533158886,146.6853557752499,22-25,54,0.1,0.8,0.1,0.2,0.44,0.5,0.324,0,0,Low,0.0,Low,Unlikely
PL0252,Vanderson,Brazil,RB,Monaco,23,2003-11-02,Right,2028-04-03,2,201,28927,27,49,914.5,427.0,46.795,425.0,459.0,6.9,5,41,1,40.2,143.9,83.27,835.0,783.0,1868.0,94.0,756.0,72.12,246.0,2,174,87.0,161,13,"Muscle Injury, Ligament Damage",2023-07-08,1001.0,0.2,0,0,0,0,0.48,31,0,0.098,4873,0.082,0.563,0.356,10.66,63240,67.1,1,6.34,8052,3608,7865,56.8,63.76,70.86,4,Rising,0.1343283582089552,0.2437810945273631,76,0.3781094527363184,1033.107142857143,578.54,4.9,9.02,0.88,84.57711442786069,29.0,97.36962311216078,0,Emerging,12.253521126760566,0.065758,8.871078060248545,0.2146,2.743499,46.74862288557214,54.920928533158886,80.87997039026322,22-25,7,1.0,0.8,0.6,0.2,0.44,0.5,0.7140000000000001,1,3,Very High,1.0,Very High,Very Likely (now)
PL0252,Vanderson,Brazil,RB,Monaco,23,2003-11-02,Right,2028-04-03,2,201,28927,27,49,914.5,427.0,46.795,425.0,459.0,6.9,5,41,1,40.2,143.9,83.27,835.0,783.0,1868.0,94.0,756.0,72.12,246.0,2,174,87.0,161,13,"Muscle Injury, Ligament Damage",2023-07-08,1001.0,0.2,0,0,0,0,0.48,31,0,0.207,34875,0.337,0.415,0.248,2.92,460437,1.1,1,3.93,9583,2986,2590,30.87,34.7,55.09,5,Rising,0.1343283582089552,0.2437810945273631,76,0.3781094527363184,1033.107142857143,578.54,4.9,9.02,0.88,84.57711442786069,29.0,52.919018758316966,0,Emerging,12.40686750890833,0.002277,6.322172936143535,0.3402,14.473125,46.99982288557214,51.22317084700137,147.47355784616298,22-25,6,1.0,0.8,0.1,0.2,0.44,0.5,0.6390000000000001,1,2,High,1.0,Very High,Likely (6 months)
PL0252,Vanderson,Brazil,RB,Monaco,23,2003-11-02,Right,2028-04-03,2,201,28927,27,49,914.5,427.0,46.795,425.0,459.0,6.9,5,41,1,40.2,143.9,83.27,835.0,783.0,1868.0,94.0,756.0,72.12,246.0,2,174,87.0,161,13,"Muscle Injury, Ligament Damage",2023-07-08,1001.0,0.2,0,0,0,0,0.48,31,0,0.207,34875,0.337,0.415,0.248,2.92,460437,1.1,1,3.93,9583,2986,2590,56.8,63.76,70.86,4,Rising,0.1343283582089552,0.2437810945273631,76,0.3781094527363184,1033.107142857143,578.54,4.9,9.02,0.88,84.57711442786069,29.0,97.36962311216078,0,Emerging,12.253521126760566,0.002277,6.322172936143535,0.3402,14.473125,46.99982288557214,51.22317084700137,81.31457246638777,22-25,53,0.1,0.8,0.6,0.2,0.44,0.5,0.399,0,1,Medium,0.0,Low,Possible (1 year)
PL0252,Vanderson,Brazil,RB,Monaco,23,2003-11-02,Right,2028-04-03,2,221,36791,250,76,425.0,364.0,41.38,788.0,669.0,7.09,2,68,0,110.5,166.5,85.79,643.0,783.0,1271.0,94.0,756.0,72.12,246.0,7,629,89.9,153,22,"Muscle Injury, Shoulder Injury, Calf Injury, Knee Injury, Groin Strain",2024-07-14,629.0,0.7,1,0,0,0,1.72,145,0,0.098,4873,0.082,0.563,0.356,10.66,63240,67.1,1,6.34,8052,3608,7865,30.87,34.7,55.09,5,Rising,1.1312217194570136,0.3438914027149321,326,1.4751131221719458,146.5776892430279,477.8051948051948,3.2,6.42,3.12,34.38914027149322,11.2375,52.919018758316966,0,Emerging,12.40686750890833,0.065758,8.871078060248545,0.2146,2.743499,36.95102805429865,45.54213111752214,115.94298103011812,22-25,17,0.6,0.8,0.1,0.2,1.56,0.5,0.6110000000000001,1,2,High,0.999,Very High,Possible (1 year)
PL0252,Vanderson,Brazil,RB,Monaco,23,2003-11-02,Right,2028-04-03,2,221,36791,250,76,425.0,364.0,41.38,788.0,669.0,7.09,2,68,0,110.5,166.5,85.79,643.0,783.0,1271.0,94.0,756.0,72.12,246.0,7,629,89.9,153,22,"Muscle Injury, Shoulder Injury, Calf Injury, Knee Injury, Groin Strain",2024-07-14,629.0,0.7,1,0,0,0,1.72,145,0,0.098,4873,0.082,0.563,0.356,10.66,63240,67.1,1,6.34,8052,3608,7865,56.8,63.76,70.86,4,Rising,1.1312217194570136,0.3438914027149321,326,1.4751131221719458,146.5776892430279,477.8051948051948,3.2,6.42,3.12,34.38914027149322,11.2375,97.36962311216078,0,Emerging,12.253521126760566,0.065758,8.871078060248545,0.2146,2.743499,36.95102805429865,45.54213111752214,63.92911428079351,22-25,10,1.0,0.8,0.6,0.2,1.56,0.5,0.8260000000000001,1,3,Very High,1.0,Very High,Very Likely (now)
PL0252,Vanderson,Brazil,RB,Monaco,23,2003-11-02,Right,2028-04-03,2,221,36791,250,76,425.0,364.0,41.38,788.0,669.0,7.09,2,68,0,110.5,166.5,85.79,643.0,783.0,1271.0,94.0,756.0,72.12,246.0,7,629,89.9,153,22,"Muscle Injury, Shoulder Injury, Calf Injury, Knee Injury, Groin Strain",2024-07-14,629.0,0.7,1,0,0,0,1.72,145,0,0.207,34875,0.337,0.415,0.248,2.92,460437,1.1,1,3.93,9583,2986,2590,30.87,34.7,55.09,5,Rising,1.1312217194570136,0.3438914027149321,326,1.4751131221719458,146.5776892430279,477.8051948051948,3.2,6.42,3.12,34.38914027149322,11.2375,52.919018758316966,0,Emerging,12.40686750890833,0.002277,6.322172936143535,0.3402,14.473125,37.20222805429864,41.84437343136462,116.7311831010312,22-25,42,0.1,0.8,0.1,0.2,1.56,0.5,0.43600000000000005,0,1,Medium,0.0,Low,Possible (1 year)
PL0252,Vanderson,Brazil,RB,Monaco,23,2003-11-02,Right,2028-04-03,2,221,36791,250,76,425.0,364.0,41.38,788.0,669.0,7.09,2,68,0,110.5,166.5,85.79,643.0,783.0,1271.0,94.0,756.0,72.12,246.0,7,629,89.9,153,22,"Muscle Injury, Shoulder Injury, Calf Injury, Knee Injury, Groin Strain",2024-07-14,629.0,0.7,1,0,0,0,1.72,145,0,0.207,34875,0.337,0.415,0.248,2.92,460437,1.1,1,3.93,9583,2986,2590,56.8,63.76,70.86,4,Rising,1.1312217194570136,0.3438914027149321,326,1.4751131221719458,146.5776892430279,477.8051948051948,3.2,6.42,3.12,34.38914027149322,11.2375,97.36962311216078,0,Emerging,12.253521126760566,0.002277,6.322172936143535,0.3402,14.473125,37.20222805429864,41.84437343136462,64.36371635691808,22-25,37,0.1,0.8,0.6,0.2,1.56,0.5,0.5110000000000001,0,1,Medium,0.011,Low,Possible (1 year)
PL0252,Vanderson,Brazil,RB,Monaco,23,2003-11-02,Right,2028-04-03,2,221,36791,250,76,425.0,364.0,41.38,788.0,669.0,7.09,2,68,0,110.5,166.5,85.79,643.0,783.0,1271.0,94.0,756.0,72.12,246.0,2,174,87.0,161,13,"Muscle Injury, Ligament Damage",2023-07-08,1001.0,0.2,0,0,0,0,0.48,31,0,0.098,4873,0.082,0.563,0.356,10.66,63240,67.1,1,6.34,8052,3608,7865,30.87,34.7,55.09,5,Rising,1.1312217194570136,0.3438914027149321,326,1.4751131221719458,146.5776892430279,477.8051948051948,3.2,6.42,0.88,85.97285067873304,29.0,52.919018758316966,0,Emerging,12.40686750890833,0.065758,8.871078060248545,0.2146,2.743499,47.26777013574661,55.18050215824612,148.31430855270352,22-25,60,0.1,0.8,0.1,0.2,0.44,0.5,0.324,0,0,Low,0.0,Low,Unlikely
PL0252,Vanderson,Brazil,RB,Monaco,23,2003-11-02,Right,2028-04-03,2,221,36791,250,76,425.0,364.0,41.38,788.0,669.0,7.09,2,68,0,110.5,166.5,85.79,643.0,783.0,1271.0,94.0,756.0,72.12,246.0,2,174,87.0,161,13,"Muscle Injury, Ligament Damage",2023-07-08,1001.0,0.2,0,0,0,0,0.48,31,0,0.098,4873,0.082,0.563,0.356,10.66,63240,67.1,1,6.34,8052,3608,7865,56.8,63.76,70.86,4,Rising,1.1312217194570136,0.3438914027149321,326,1.4751131221719458,146.5776892430279,477.8051948051948,3.2,6.42,0.88,85.97285067873304,29.0,97.36962311216078,0,Emerging,12.253521126760566,0.065758,8.871078060248545,0.2146,2.743499,47.26777013574661,55.18050215824612,81.77814902378306,22-25,14,0.6,0.8,0.6,0.2,0.44,0.5,0.5740000000000001,1,2,High,0.997,Very High,Possible (1 year)
PL0252,Vanderson,Brazil,RB,Monaco,23,2003-11-02,Right,2028-04-03,2,221,36791,250,76,425.0,364.0,41.38,788.0,669.0,7.09,2,68,0,110.5,166.5,85.79,643.0,783.0,1271.0,94.0,756.0,72.12,246.0,2,174,87.0,161,13,"Muscle Injury, Ligament Damage",2023-07-08,1001.0,0.2,0,0,0,0,0.48,31,0,0.207,34875,0.337,0.415,0.248,2.92,460437,1.1,1,3.93,9583,2986,2590,30.87,34.7,55.09,5,Rising,1.1312217194570136,0.3438914027149321,326,1.4751131221719458,146.5776892430279,477.8051948051948,3.2,6.42,0.88,85.97285067873304,29.0,52.919018758316966,0,Emerging,12.40686750890833,0.002277,6.322172936143535,0.3402,14.473125,47.518970135746606,51.482744472088605,149.10251062361658,22-25,46,0.1,0.8,0.1,0.2,0.44,0.5,0.324,0,0,Low,0.0,Low,Unlikely
PL0252,Vanderson,Brazil,RB,Monaco,23,2003-11-02,Right,2028-04-03,2,221,36791,250,76,425.0,364.0,41.38,788.0,669.0,7.09,2,68,0,110.5,166.5,85.79,643.0,783.0,1271.0,94.0,756.0,72.12,246.0,2,174,87.0,161,13,"Muscle Injury, Ligament Damage",2023-07-08,1001.0,0.2,0,0,0,0,0.48,31,0,0.207,34875,0.337,0.415,0.248,2.92,460437,1.1,1,3.93,9583,2986,2590,56.8,63.76,70.86,4,Rising,1.1312217194570136,0.3438914027149321,326,1.4751131221719458,146.5776892430279,477.8051948051948,3.2,6.42,0.88,85.97285067873304,29.0,97.36962311216078,0,Emerging,12.253521126760566,0.002277,6.322172936143535,0.3402,14.473125,47.518970135746606,51.482744472088605,82.21275109990763,22-25,40,0.1,0.8,0.6,0.2,0.44,0.5,0.399,0,1,Medium,0.0,Low,Unlikely
PL0253,Maghnes Akliouche,France,RW,Monaco,22,2004-10-10,Right,2027-04-04,1,368,19510,111,122,673.0,609.0,50.47,489.0,584.0,7.47,4,78,1,92.0,53.0,85.79,643.0,783.0,1271.0,94.0,756.0,72.12,246.0,4,298,74.5,103,21,"Groin Strain, Knee Injury, Concussion, Meniscus Tear",2024-06-18,655.0,0.4,1,0,0,1,0.82,71,0,0.4,31074,0.324,0.399,0.277,12.46,234263,92.8,0,6.19,6347,1620,5652,72.66,88.59,93.98,2,Rising,0.3016304347826087,0.3315217391304347,233,0.6331521739130435,174.19642857142858,158.6178861788618,1.1999999999999993,11.36,1.62,80.70652173913044,14.9,62.278845205366224,0,Emerging,21.924029727497945,0.3712,51.55528803923251,0.4393000000000001,0.0,49.17190434782609,100.0,66.75523261991053,22-25,24,0.6,0.5,0.9,0.2,0.81,0.7,0.616,1,2,High,0.989,Very High,Likely (6 months)
PL0253,Maghnes Akliouche,France,RW,Monaco,22,2004-10-10,Right,2027-04-04,1,368,19510,111,122,673.0,609.0,50.47,489.0,584.0,7.47,4,78,1,92.0,53.0,85.79,643.0,783.0,1271.0,94.0,756.0,72.12,246.0,4,298,74.5,103,21,"Groin Strain, Knee Injury, Concussion, Meniscus Tear",2024-06-18,655.0,0.4,1,0,0,1,0.82,71,0,0.4,31074,0.324,0.399,0.277,12.46,234263,92.8,0,6.19,6347,1620,5652,13.92,17.68,5.36,1,Rising,0.3016304347826087,0.3315217391304347,233,0.6331521739130435,174.19642857142858,158.6178861788618,1.1999999999999993,11.36,1.62,80.70652173913044,14.9,11.931207339095758,0,Emerging,27.011494252873565,0.3712,51.55528803923251,0.4393000000000001,0.0,49.17190434782609,100.0,329.57040447604624,22-25,53,0.1,0.5,0.1,0.2,0.81,0.7,0.32100000000000006,0,0,Low,0.0,Low,Unlikely
PL0253,Maghnes Akliouche,France,RW,Monaco,22,2004-10-10,Right,2027-04-04,1,368,19510,111,122,673.0,609.0,50.47,489.0,584.0,7.47,4,78,1,92.0,53.0,85.79,643.0,783.0,1271.0,94.0,756.0,72.12,246.0,4,298,74.5,103,21,"Groin Strain, Knee Injury, Concussion, Meniscus Tear",2024-06-18,655.0,0.4,1,0,0,1,0.82,71,0,0.412,10591,0.344,0.348,0.308,11.73,78831,37.1,0,4.0,1751,1656,6390,72.66,88.59,93.98,2,Rising,0.3016304347826087,0.3315217391304347,233,0.6331521739130435,174.19642857142858,158.6178861788618,1.1999999999999993,11.36,1.62,80.70652173913044,14.9,62.278845205366224,0,Emerging,21.924029727497945,0.152852,44.78931544140166,0.4384,0.0,49.1701043478261,100.0,66.75278895985079,22-25,21,0.6,0.5,0.9,0.2,0.81,0.7,0.616,1,2,High,0.996,Very High,Likely (6 months)
PL0253,Maghnes Akliouche,France,RW,Monaco,22,2004-10-10,Right,2027-04-04,1,368,19510,111,122,673.0,609.0,50.47,489.0,584.0,7.47,4,78,1,92.0,53.0,85.79,643.0,783.0,1271.0,94.0,756.0,72.12,246.0,4,298,74.5,103,21,"Groin Strain, Knee Injury, Concussion, Meniscus Tear",2024-06-18,655.0,0.4,1,0,0,1,0.82,71,0,0.412,10591,0.344,0.348,0.308,11.73,78831,37.1,0,4.0,1751,1656,6390,13.92,17.68,5.36,1,Rising,0.3016304347826087,0.3315217391304347,233,0.6331521739130435,174.19642857142858,158.6178861788618,1.1999999999999993,11.36,1.62,80.70652173913044,14.9,11.931207339095758,0,Emerging,27.011494252873565,0.152852,44.78931544140166,0.4384,0.0,49.1701043478261,100.0,329.5583401328827,22-25,8,1.0,0.5,0.1,0.2,0.81,0.7,0.636,1,2,High,0.999,Very High,Likely (6 months)
PL0253,Maghnes Akliouche,France,RW,Monaco,22,2004-10-10,Right,2027-04-04,1,368,19510,111,122,673.0,609.0,50.47,489.0,584.0,7.47,4,78,1,92.0,53.0,85.79,643.0,783.0,1271.0,94.0,756.0,72.12,246.0,3,259,86.3,161,43,"Groin Strain, Fracture, ACL Injury",2025-07-06,272.0,0.3,0,0,1,1,0.71,43,0,0.4,31074,0.324,0.399,0.277,12.46,234263,92.8,0,6.19,6347,1620,5652,72.66,88.59,93.98,2,Rising,0.3016304347826087,0.3315217391304347,233,0.6331521739130435,174.19642857142858,158.6178861788618,1.1999999999999993,11.36,3.31,88.31521739130434,21.575,62.278845205366224,0,Emerging,21.924029727497945,0.3712,51.55528803923251,0.4393000000000001,0.0,50.69364347826088,100.0,68.82112880567591,22-25,25,0.3,0.5,0.9,0.2,1.655,0.7,0.5955,1,2,High,0.998,Very High,Likely (6 months)
PL0253,Maghnes Akliouche,France,RW,Monaco,22,2004-10-10,Right,2027-04-04,1,368,19510,111,122,673.0,609.0,50.47,489.0,584.0,7.47,4,78,1,92.0,53.0,85.79,643.0,783.0,1271.0,94.0,756.0,72.12,246.0,3,259,86.3,161,43,"Groin Strain, Fracture, ACL Injury",2025-07-06,272.0,0.3,0,0,1,1,0.71,43,0,0.4,31074,0.324,0.399,0.277,12.46,234263,92.8,0,6.19,6347,1620,5652,13.92,17.68,5.36,1,Rising,0.3016304347826087,0.3315217391304347,233,0.6331521739130435,174.19642857142858,158.6178861788618,1.1999999999999993,11.36,3.31,88.31521739130434,21.575,11.931207339095758,0,Emerging,27.011494252873565,0.3712,51.55528803923251,0.4393000000000001,0.0,50.69364347826088,100.0,339.76972840657425,22-25,29,0.3,0.5,0.1,0.2,1.655,0.7,0.4755000000000001,0,1,Medium,0.001,Low,Possible (1 year)
PL0253,Maghnes Akliouche,France,RW,Monaco,22,2004-10-10,Right,2027-04-04,1,368,19510,111,122,673.0,609.0,50.47,489.0,584.0,7.47,4,78,1,92.0,53.0,85.79,643.0,783.0,1271.0,94.0,756.0,72.12,246.0,3,259,86.3,161,43,"Groin Strain, Fracture, ACL Injury",2025-07-06,272.0,0.3,0,0,1,1,0.71,43,0,0.412,10591,0.344,0.348,0.308,11.73,78831,37.1,0,4.0,1751,1656,6390,72.66,88.59,93.98,2,Rising,0.3016304347826087,0.3315217391304347,233,0.6331521739130435,174.19642857142858,158.6178861788618,1.1999999999999993,11.36,3.31,88.31521739130434,21.575,62.278845205366224,0,Emerging,21.924029727497945,0.152852,44.78931544140166,0.4384,0.0,50.69184347826088,100.0,68.81868514561619,22-25,59,0.1,0.5,0.9,0.2,1.655,0.7,0.5255,0,1,Medium,0.001,Low,Possible (1 year)
PL0253,Maghnes Akliouche,France,RW,Monaco,22,2004-10-10,Right,2027-04-04,1,368,19510,111,122,673.0,609.0,50.47,489.0,584.0,7.47,4,78,1,92.0,53.0,85.79,643.0,783.0,1271.0,94.0,756.0,72.12,246.0,3,259,86.3,161,43,"Groin Strain, Fracture, ACL Injury",2025-07-06,272.0,0.3,0,0,1,1,0.71,43,0,0.412,10591,0.344,0.348,0.308,11.73,78831,37.1,0,4.0,1751,1656,6390,13.92,17.68,5.36,1,Rising,0.3016304347826087,0.3315217391304347,233,0.6331521739130435,174.19642857142858,158.6178861788618,1.1999999999999993,11.36,3.31,88.31521739130434,21.575,11.931207339095758,0,Emerging,27.011494252873565,0.152852,44.78931544140166,0.4384,0.0,50.69184347826088,100.0,339.7576640634107,22-25,38,0.1,0.5,0.1,0.2,1.655,0.7,0.4055,0,1,Medium,0.0,Low,Possible (1 year)
PL0253,Maghnes Akliouche,France,RW,Monaco,22,2004-10-10,Right,2027-04-04,1,274,34924,2,3,914.5,427.0,46.795,425.0,459.0,6.54,2,24,7,137.0,127.5,85.79,643.0,783.0,1271.0,94.0,1189.0,65.93,317.0,4,298,74.5,103,21,"Groin Strain, Knee Injury, Concussion, Meniscus Tear",2024-06-18,655.0,0.4,1,0,0,1,0.82,71,0,0.4,31074,0.324,0.399,0.277,12.46,234263,92.8,0,6.19,6347,1620,5652,72.66,88.59,93.98,2,Rising,0.0072992700729927,0.010948905109489,5,0.0182481751824817,11641.333333333334,8731.0,0.5999999999999996,7.48,1.62,74.08759124087591,14.9,62.278845205366224,0,Emerging,21.924029727497945,0.3712,51.55528803923251,0.4393000000000001,0.0,43.35211824817518,100.0,58.85435548218189,22-25,29,0.3,0.5,0.9,0.2,0.81,0.7,0.511,0,1,Medium,0.002,Low,Possible (1 year)
PL0253,Maghnes Akliouche,France,RW,Monaco,22,2004-10-10,Right,2027-04-04,1,274,34924,2,3,914.5,427.0,46.795,425.0,459.0,6.54,2,24,7,137.0,127.5,85.79,643.0,783.0,1271.0,94.0,1189.0,65.93,317.0,4,298,74.5,103,21,"Groin Strain, Knee Injury, Concussion, Meniscus Tear",2024-06-18,655.0,0.4,1,0,0,1,0.82,71,0,0.4,31074,0.324,0.399,0.277,12.46,234263,92.8,0,6.19,6347,1620,5652,13.92,17.68,5.36,1,Rising,0.0072992700729927,0.010948905109489,5,0.0182481751824817,11641.333333333334,8731.0,0.5999999999999996,7.48,1.62,74.08759124087591,14.9,11.931207339095758,0,Emerging,27.011494252873565,0.3712,51.55528803923251,0.4393000000000001,0.0,43.35211824817518,100.0,290.5637952290561,22-25,57,0.1,0.5,0.1,0.2,0.81,0.7,0.32100000000000006,0,0,Low,0.0,Low,Unlikely
PL0253,Maghnes Akliouche,France,RW,Monaco,22,2004-10-10,Right,2027-04-04,1,274,34924,2,3,914.5,427.0,46.795,425.0,459.0,6.54,2,24,7,137.0,127.5,85.79,643.0,783.0,1271.0,94.0,1189.0,65.93,317.0,4,298,74.5,103,21,"Groin Strain, Knee Injury, Concussion, Meniscus Tear",2024-06-18,655.0,0.4,1,0,0,1,0.82,71,0,0.412,10591,0.344,0.348,0.308,11.73,78831,37.1,0,4.0,1751,1656,6390,72.66,88.59,93.98,2,Rising,0.0072992700729927,0.010948905109489,5,0.0182481751824817,11641.333333333334,8731.0,0.5999999999999996,7.48,1.62,74.08759124087591,14.9,62.278845205366224,0,Emerging,21.924029727497945,0.152852,44.78931544140166,0.4384,0.0,43.35031824817519,100.0,58.85191182212216,22-25,16,0.6,0.5,0.9,0.2,0.81,0.7,0.616,1,2,High,0.996,Very High,Likely (6 months)
PL0253,Maghnes Akliouche,France,RW,Monaco,22,2004-10-10,Right,2027-04-04,1,274,34924,2,3,914.5,427.0,46.795,425.0,459.0,6.54,2,24,7,137.0,127.5,85.79,643.0,783.0,1271.0,94.0,1189.0,65.93,317.0,4,298,74.5,103,21,"Groin Strain, Knee Injury, Concussion, Meniscus Tear",2024-06-18,655.0,0.4,1,0,0,1,0.82,71,0,0.412,10591,0.344,0.348,0.308,11.73,78831,37.1,0,4.0,1751,1656,6390,13.92,17.68,5.36,1,Rising,0.0072992700729927,0.010948905109489,5,0.0182481751824817,11641.333333333334,8731.0,0.5999999999999996,7.48,1.62,74.08759124087591,14.9,11.931207339095758,0,Emerging,27.011494252873565,0.152852,44.78931544140166,0.4384,0.0,43.35031824817519,100.0,290.55173088589265,22-25,54,0.1,0.5,0.1,0.2,0.81,0.7,0.32100000000000006,0,0,Low,0.0,Low,Unlikely
PL0253,Maghnes Akliouche,France,RW,Monaco,22,2004-10-10,Right,2027-04-04,1,274,34924,2,3,914.5,427.0,46.795,425.0,459.0,6.54,2,24,7,137.0,127.5,85.79,643.0,783.0,1271.0,94.0,1189.0,65.93,317.0,3,259,86.3,161,43,"Groin Strain, Fracture, ACL Injury",2025-07-06,272.0,0.3,0,0,1,1,0.71,43,0,0.4,31074,0.324,0.399,0.277,12.46,234263,92.8,0,6.19,6347,1620,5652,72.66,88.59,93.98,2,Rising,0.0072992700729927,0.010948905109489,5,0.0182481751824817,11641.333333333334,8731.0,0.5999999999999996,7.48,3.31,84.30656934306569,21.575,62.278845205366224,0,Emerging,21.924029727497945,0.3712,51.55528803923251,0.4393000000000001,0.0,45.39591386861314,100.0,61.62898977547264,22-25,13,0.6,0.5,0.9,0.2,1.655,0.7,0.7005,1,3,Very High,1.0,Very High,Likely (6 months)
PL0253,Maghnes Akliouche,France,RW,Monaco,22,2004-10-10,Right,2027-04-04,1,274,34924,2,3,914.5,427.0,46.795,425.0,459.0,6.54,2,24,7,137.0,127.5,85.79,643.0,783.0,1271.0,94.0,1189.0,65.93,317.0,3,259,86.3,161,43,"Groin Strain, Fracture, ACL Injury",2025-07-06,272.0,0.3,0,0,1,1,0.71,43,0,0.4,31074,0.324,0.399,0.277,12.46,234263,92.8,0,6.19,6347,1620,5652,13.92,17.68,5.36,1,Rising,0.0072992700729927,0.010948905109489,5,0.0182481751824817,11641.333333333334,8731.0,0.5999999999999996,7.48,3.31,84.30656934306569,21.575,11.931207339095758,0,Emerging,27.011494252873565,0.3712,51.55528803923251,0.4393000000000001,0.0,45.39591386861314,100.0,304.26215729633475,22-25,41,0.1,0.5,0.1,0.2,1.655,0.7,0.4055,0,1,Medium,0.0,Low,Possible (1 year)
PL0253,Maghnes Akliouche,France,RW,Monaco,22,2004-10-10,Right,2027-04-04,1,274,34924,2,3,914.5,427.0,46.795,425.0,459.0,6.54,2,24,7,137.0,127.5,85.79,643.0,783.0,1271.0,94.0,1189.0,65.93,317.0,3,259,86.3,161,43,"Groin Strain, Fracture, ACL Injury",2025-07-06,272.0,0.3,0,0,1,1,0.71,43,0,0.412,10591,0.344,0.348,0.308,11.73,78831,37.1,0,4.0,1751,1656,6390,72.66,88.59,93.98,2,Rising,0.0072992700729927,0.010948905109489,5,0.0182481751824817,11641.333333333334,8731.0,0.5999999999999996,7.48,3.31,84.30656934306569,21.575,62.278845205366224,0,Emerging,21.924029727497945,0.152852,44.78931544140166,0.4384,0.0,45.39411386861315,100.0,61.62654611541291,22-25,43,0.1,0.5,0.9,0.2,1.655,0.7,0.5255,0,1,Medium,0.0,Low,Possible (1 year)
PL0253,Maghnes Akliouche,France,RW,Monaco,22,2004-10-10,Right,2027-04-04,1,274,34924,2,3,914.5,427.0,46.795,425.0,459.0,6.54,2,24,7,137.0,127.5,85.79,643.0,783.0,1271.0,94.0,1189.0,65.93,317.0,3,259,86.3,161,43,"Groin Strain, Fracture, ACL Injury",2025-07-06,272.0,0.3,0,0,1,1,0.71,43,0,0.412,10591,0.344,0.348,0.308,11.73,78831,37.1,0,4.0,1751,1656,6390,13.92,17.68,5.36,1,Rising,0.0072992700729927,0.010948905109489,5,0.0182481751824817,11641.333333333334,8731.0,0.5999999999999996,7.48,3.31,84.30656934306569,21.575,11.931207339095758,0,Emerging,27.011494252873565,0.152852,44.78931544140166,0.4384,0.0,45.39411386861315,100.0,304.25009295317125,22-25,45,0.1,0.5,0.1,0.2,1.655,0.7,0.4055,0,1,Medium,0.0,Low,Possible (1 year)
PL0248,Mark Johnson,Colombia,LW,Monaco,22,2004-10-26,Both,2031-04-03,5,235,29994,64,119,914.5,427.0,46.795,445.0,475.0,6.75,8,31,4,29.4,127.6,85.21,229.0,783.0,1271.0,94.0,756.0,72.12,246.0,14,1392,99.4,168,18,"Ligament Damage, Shoulder Injury, Muscle Injury, Concussion, Knee Injury, ACL Injury, Hamstring Injury, Back Injury",2023-04-16,1084.0,1.4,1,1,1,1,3.81,252,0,0.202,10041,0.304,0.47,0.226,2.39,166593,61.9,1,7.59,9767,4434,16370,36.6,40.64,55.69,3,Stable,0.2723404255319149,0.5063829787234042,183,0.7787234042553192,461.4461538461538,249.95,2.9000000000000004,12.7,8.61,0.0,6.626666666666667,156.8542344148365,0,Emerging,11.038251366120216,0.125038,4.448591554548366,0.3539,4.71927,30.2478,24.576787331822548,80.44627659574466,22-25,25,0.3,0.5,0.1,0.2,4.305,0.7,0.7405,1,3,Very High,1.0,Very High,Very Likely (now)
PL0248,Mark Johnson,Colombia,LW,Monaco,22,2004-10-26,Both,2031-04-03,5,235,29994,64,119,914.5,427.0,46.795,445.0,475.0,6.75,8,31,4,29.4,127.6,85.21,229.0,783.0,1271.0,94.0,756.0,72.12,246.0,14,1392,99.4,168,18,"Ligament Damage, Shoulder Injury, Muscle Injury, Concussion, Knee Injury, ACL Injury, Hamstring Injury, Back Injury",2023-04-16,1084.0,1.4,1,1,1,1,3.81,252,0,0.202,10041,0.304,0.47,0.226,2.39,166593,61.9,1,7.59,9767,4434,16370,64.83,78.99,168.68,6,Rising,0.2723404255319149,0.5063829787234042,183,0.7787234042553192,461.4461538461538,249.95,2.9000000000000004,12.7,8.61,0.0,6.626666666666667,277.8377053856243,0,Emerging,21.841739935215173,0.125038,4.448591554548366,0.3539,4.71927,30.2478,24.576787331822548,45.94835181528178,22-25,40,0.1,0.5,0.6,0.2,4.305,0.7,0.7454999999999999,1,3,Very High,1.0,Very High,Very Likely (now)
PL0248,Mark Johnson,Colombia,LW,Monaco,22,2004-10-26,Both,2031-04-03,5,235,29994,64,119,914.5,427.0,46.795,445.0,475.0,6.75,8,31,4,29.4,127.6,85.21,229.0,783.0,1271.0,94.0,756.0,72.12,246.0,14,1392,99.4,168,18,"Ligament Damage, Shoulder Injury, Muscle Injury, Concussion, Knee Injury, ACL Injury, Hamstring Injury, Back Injury",2023-04-16,1084.0,1.4,1,1,1,1,3.81,252,0,0.298,36838,0.294,0.354,0.352,13.5,591762,4.0,0,2.63,3905,2935,15162,36.6,40.64,55.69,3,Stable,0.2723404255319149,0.5063829787234042,183,0.7787234042553192,461.4461538461538,249.95,2.9000000000000004,12.7,8.61,0.0,6.626666666666667,156.8542344148365,0,Emerging,11.038251366120216,0.01192,42.299078566318926,0.3629,0.0,30.2658,81.36151784947839,80.4941489361702,22-25,53,0.1,0.5,0.1,0.2,4.305,0.7,0.6705,1,2,High,1.0,Very High,Likely (6 months)
PL0248,Mark Johnson,Colombia,LW,Monaco,22,2004-10-26,Both,2031-04-03,5,235,29994,64,119,914.5,427.0,46.795,445.0,475.0,6.75,8,31,4,29.4,127.6,85.21,229.0,783.0,1271.0,94.0,756.0,72.12,246.0,14,1392,99.4,168,18,"Ligament Damage, Shoulder Injury, Muscle Injury, Concussion, Knee Injury, ACL Injury, Hamstring Injury, Back Injury",2023-04-16,1084.0,1.4,1,1,1,1,3.81,252,0,0.298,36838,0.294,0.354,0.352,13.5,591762,4.0,0,2.63,3905,2935,15162,64.83,78.99,168.68,6,Rising,0.2723404255319149,0.5063829787234042,183,0.7787234042553192,461.4461538461538,249.95,2.9000000000000004,12.7,8.61,0.0,6.626666666666667,277.8377053856243,0,Emerging,21.841739935215173,0.01192,42.299078566318926,0.3629,0.0,30.2658,81.36151784947839,45.97569497189731,22-25,30,0.3,0.5,0.6,0.2,4.305,0.7,0.8155,1,3,Very High,1.0,Very High,Very Likely (now)
PL0248,Mark Johnson,Colombia,LW,Monaco,22,2004-10-26,Both,2031-04-03,5,235,29994,64,119,914.5,427.0,46.795,445.0,475.0,6.75,8,31,4,29.4,127.6,85.21,229.0,783.0,1271.0,94.0,756.0,72.12,246.0,0,0,0.0,0,0,,2023-06-26,614.0,0.0,0,0,0,0,0.0,0,0,0.202,10041,0.304,0.47,0.226,2.39,166593,61.9,1,7.59,9767,4434,16370,36.6,40.64,55.69,3,Stable,0.2723404255319149,0.5063829787234042,183,0.7787234042553192,461.4461538461538,249.95,2.9000000000000004,12.7,0.0,100.0,0.0,156.8542344148365,0,Emerging,11.038251366120216,0.125038,4.448591554548366,0.3539,4.71927,50.2478,51.79678733182254,133.63776595744682,22-25,40,0.1,0.5,0.1,0.2,0.0,0.7,0.24000000000000005,0,0,Low,0.0,Low,Unlikely
PL0248,Mark Johnson,Colombia,LW,Monaco,22,2004-10-26,Both,2031-04-03,5,235,29994,64,119,914.5,427.0,46.795,445.0,475.0,6.75,8,31,4,29.4,127.6,85.21,229.0,783.0,1271.0,94.0,756.0,72.12,246.0,0,0,0.0,0,0,,2023-06-26,614.0,0.0,0,0,0,0,0.0,0,0,0.202,10041,0.304,0.47,0.226,2.39,166593,61.9,1,7.59,9767,4434,16370,64.83,78.99,168.68,6,Rising,0.2723404255319149,0.5063829787234042,183,0.7787234042553192,461.4461538461538,249.95,2.9000000000000004,12.7,0.0,100.0,0.0,277.8377053856243,0,Emerging,21.841739935215173,0.125038,4.448591554548366,0.3539,4.71927,50.2478,51.79678733182254,76.32963694364273,22-25,30,0.3,0.5,0.6,0.2,0.0,0.7,0.38500000000000006,0,1,Medium,0.0,Low,Possible (1 year)
PL0248,Mark Johnson,Colombia,LW,Monaco,22,2004-10-26,Both,2031-04-03,5,235,29994,64,119,914.5,427.0,46.795,445.0,475.0,6.75,8,31,4,29.4,127.6,85.21,229.0,783.0,1271.0,94.0,756.0,72.12,246.0,0,0,0.0,0,0,,2023-06-26,614.0,0.0,0,0,0,0,0.0,0,0,0.298,36838,0.294,0.354,0.352,13.5,591762,4.0,0,2.63,3905,2935,15162,36.6,40.64,55.69,3,Stable,0.2723404255319149,0.5063829787234042,183,0.7787234042553192,461.4461538461538,249.95,2.9000000000000004,12.7,0.0,100.0,0.0,156.8542344148365,0,Emerging,11.038251366120216,0.01192,42.299078566318926,0.3629,0.0,50.2658,100.0,133.68563829787232,22-25,34,0.3,0.5,0.1,0.2,0.0,0.7,0.31000000000000005,0,0,Low,0.0,Low,Unlikely
PL0248,Mark Johnson,Colombia,LW,Monaco,22,2004-10-26,Both,2031-04-03,5,235,29994,64,119,914.5,427.0,46.795,445.0,475.0,6.75,8,31,4,29.4,127.6,85.21,229.0,783.0,1271.0,94.0,756.0,72.12,246.0,0,0,0.0,0,0,,2023-06-26,614.0,0.0,0,0,0,0,0.0,0,0,0.298,36838,0.294,0.354,0.352,13.5,591762,4.0,0,2.63,3905,2935,15162,64.83,78.99,168.68,6,Rising,0.2723404255319149,0.5063829787234042,183,0.7787234042553192,461.4461538461538,249.95,2.9000000000000004,12.7,0.0,100.0,0.0,277.8377053856243,0,Emerging,21.841739935215173,0.01192,42.299078566318926,0.3629,0.0,50.2658,100.0,76.35698010025824,22-25,23,0.6,0.5,0.6,0.2,0.0,0.7,0.49000000000000005,0,1,Medium,0.001,Low,Possible (1 year)
PL0248,Mark Johnson,Colombia,LW,Monaco,22,2004-10-26,Both,2031-04-03,5,347,31300,201,119,455.0,427.0,52.71,382.0,390.0,7.06,4,53,8,86.8,90.2,85.79,643.0,783.0,1271.0,94.0,756.0,72.12,246.0,14,1392,99.4,168,18,"Ligament Damage, Shoulder Injury, Muscle Injury, Concussion, Knee Injury, ACL Injury, Hamstring Injury, Back Injury",2023-04-16,1084.0,1.4,1,1,1,1,3.81,252,0,0.202,10041,0.304,0.47,0.226,2.39,166593,61.9,1,7.59,9767,4434,16370,36.6,40.64,55.69,3,Stable,0.579250720461095,0.3429394812680115,320,0.9221902017291066,154.95049504950495,260.8333333333333,-3.3000000000000007,10.94,8.61,27.37752161383285,6.626666666666667,156.8542344148365,0,Emerging,11.038251366120216,0.125038,4.448591554548366,0.3539,4.71927,36.61130432276656,27.75853949320583,97.37049022012384,22-25,51,0.1,0.5,0.1,0.2,4.305,0.7,0.6705,1,2,High,1.0,Very High,Very Likely (now)
PL0248,Mark Johnson,Colombia,LW,Monaco,22,2004-10-26,Both,2031-04-03,5,347,31300,201,119,455.0,427.0,52.71,382.0,390.0,7.06,4,53,8,86.8,90.2,85.79,643.0,783.0,1271.0,94.0,756.0,72.12,246.0,14,1392,99.4,168,18,"Ligament Damage, Shoulder Injury, Muscle Injury, Concussion, Knee Injury, ACL Injury, Hamstring Injury, Back Injury",2023-04-16,1084.0,1.4,1,1,1,1,3.81,252,0,0.202,10041,0.304,0.47,0.226,2.39,166593,61.9,1,7.59,9767,4434,16370,64.83,78.99,168.68,6,Rising,0.579250720461095,0.3429394812680115,320,0.9221902017291066,154.95049504950495,260.8333333333333,-3.3000000000000007,10.94,8.61,27.37752161383285,6.626666666666667,277.8377053856243,0,Emerging,21.841739935215173,0.125038,4.448591554548366,0.3539,4.71927,36.61130432276656,27.75853949320583,55.61492377755821,22-25,23,0.6,0.5,0.6,0.2,4.305,0.7,0.9205,1,3,Very High,1.0,Very High,Very Likely (now)
PL0248,Mark Johnson,Colombia,LW,Monaco,22,2004-10-26,Both,2031-04-03,5,347,31300,201,119,455.0,427.0,52.71,382.0,390.0,7.06,4,53,8,86.8,90.2,85.79,643.0,783.0,1271.0,94.0,756.0,72.12,246.0,14,1392,99.4,168,18,"Ligament Damage, Shoulder Injury, Muscle Injury, Concussion, Knee Injury, ACL Injury, Hamstring Injury, Back Injury",2023-04-16,1084.0,1.4,1,1,1,1,3.81,252,0,0.298,36838,0.294,0.354,0.352,13.5,591762,4.0,0,2.63,3905,2935,15162,36.6,40.64,55.69,3,Stable,0.579250720461095,0.3429394812680115,320,0.9221902017291066,154.95049504950495,260.8333333333333,-3.3000000000000007,10.94,8.61,27.37752161383285,6.626666666666667,156.8542344148365,0,Emerging,11.038251366120216,0.01192,42.299078566318926,0.3629,0.0,36.629304322766565,84.54327001086168,97.41836256054938,22-25,7,1.0,0.5,0.1,0.2,4.305,0.7,0.9854999999999999,1,3,Very High,1.0,Very High,Very Likely (now)
PL0248,Mark Johnson,Colombia,LW,Monaco,22,2004-10-26,Both,2031-04-03,5,347,31300,201,119,455.0,427.0,52.71,382.0,390.0,7.06,4,53,8,86.8,90.2,85.79,643.0,783.0,1271.0,94.0,756.0,72.12,246.0,14,1392,99.4,168,18,"Ligament Damage, Shoulder Injury, Muscle Injury, Concussion, Knee Injury, ACL Injury, Hamstring Injury, Back Injury",2023-04-16,1084.0,1.4,1,1,1,1,3.81,252,0,0.298,36838,0.294,0.354,0.352,13.5,591762,4.0,0,2.63,3905,2935,15162,64.83,78.99,168.68,6,Rising,0.579250720461095,0.3429394812680115,320,0.9221902017291066,154.95049504950495,260.8333333333333,-3.3000000000000007,10.94,8.61,27.37752161383285,6.626666666666667,277.8377053856243,0,Emerging,21.841739935215173,0.01192,42.299078566318926,0.3629,0.0,36.629304322766565,84.54327001086168,55.64226693417373,22-25,59,0.1,0.5,0.6,0.2,4.305,0.7,0.7454999999999999,1,3,Very High,1.0,Very High,Very Likely (now)
PL0248,Mark Johnson,Colombia,LW,Monaco,22,2004-10-26,Both,2031-04-03,5,347,31300,201,119,455.0,427.0,52.71,382.0,390.0,7.06,4,53,8,86.8,90.2,85.79,643.0,783.0,1271.0,94.0,756.0,72.12,246.0,0,0,0.0,0,0,,2023-06-26,614.0,0.0,0,0,0,0,0.0,0,0,0.202,10041,0.304,0.47,0.226,2.39,166593,61.9,1,7.59,9767,4434,16370,36.6,40.64,55.69,3,Stable,0.579250720461095,0.3429394812680115,320,0.9221902017291066,154.95049504950495,260.8333333333333,-3.3000000000000007,10.94,0.0,100.0,0.0,156.8542344148365,0,Emerging,11.038251366120216,0.125038,4.448591554548366,0.3539,4.71927,51.1358,52.24078733182255,135.99946808510637,22-25,40,0.1,0.5,0.1,0.2,0.0,0.7,0.24000000000000005,0,0,Low,0.0,Low,Unlikely
PL0248,Mark Johnson,Colombia,LW,Monaco,22,2004-10-26,Both,2031-04-03,5,347,31300,201,119,455.0,427.0,52.71,382.0,390.0,7.06,4,53,8,86.8,90.2,85.79,643.0,783.0,1271.0,94.0,756.0,72.12,246.0,0,0,0.0,0,0,,2023-06-26,614.0,0.0,0,0,0,0,0.0,0,0,0.202,10041,0.304,0.47,0.226,2.39,166593,61.9,1,7.59,9767,4434,16370,64.83,78.99,168.68,6,Rising,0.579250720461095,0.3429394812680115,320,0.9221902017291066,154.95049504950495,260.8333333333333,-3.3000000000000007,10.94,0.0,100.0,0.0,277.8377053856243,0,Emerging,21.841739935215173,0.125038,4.448591554548366,0.3539,4.71927,51.1358,52.24078733182255,77.67856600334194,22-25,21,0.6,0.5,0.6,0.2,0.0,0.7,0.49000000000000005,0,1,Medium,0.002,Low,Possible (1 year)
PL0248,Mark Johnson,Colombia,LW,Monaco,22,2004-10-26,Both,2031-04-03,5,347,31300,201,119,455.0,427.0,52.71,382.0,390.0,7.06,4,53,8,86.8,90.2,85.79,643.0,783.0,1271.0,94.0,756.0,72.12,246.0,0,0,0.0,0,0,,2023-06-26,614.0,0.0,0,0,0,0,0.0,0,0,0.298,36838,0.294,0.354,0.352,13.5,591762,4.0,0,2.63,3905,2935,15162,36.6,40.64,55.69,3,Stable,0.579250720461095,0.3429394812680115,320,0.9221902017291066,154.95049504950495,260.8333333333333,-3.3000000000000007,10.94,0.0,100.0,0.0,156.8542344148365,0,Emerging,11.038251366120216,0.01192,42.299078566318926,0.3629,0.0,51.1538,100.0,136.0473404255319,22-25,46,0.1,0.5,0.1,0.2,0.0,0.7,0.24000000000000005,0,0,Low,0.0,Low,Unlikely
PL0248,Mark Johnson,Colombia,LW,Monaco,22,2004-10-26,Both,2031-04-03,5,347,31300,201,119,455.0,427.0,52.71,382.0,390.0,7.06,4,53,8,86.8,90.2,85.79,643.0,783.0,1271.0,94.0,756.0,72.12,246.0,0,0,0.0,0,0,,2023-06-26,614.0,0.0,0,0,0,0,0.0,0,0,0.298,36838,0.294,0.354,0.352,13.5,591762,4.0,0,2.63,3905,2935,15162,64.83,78.99,168.68,6,Rising,0.579250720461095,0.3429394812680115,320,0.9221902017291066,154.95049504950495,260.8333333333333,-3.3000000000000007,10.94,0.0,100.0,0.0,277.8377053856243,0,Emerging,21.841739935215173,0.01192,42.299078566318926,0.3629,0.0,51.1538,100.0,77.70590915995747,22-25,41,0.1,0.5,0.6,0.2,0.0,0.7,0.315,0,0,Low,0.0,Low,Unlikely
PL0249,Donald Walker,France,LW,Aston Villa,29,1997-08-10,Left,2031-04-03,5,448,22703,82,116,914.5,427.0,46.795,216.0,342.0,7.96,10,49,2,44.8,50.7,88.62,255.0,783.0,1271.0,94.0,756.0,72.12,246.0,6,484,80.7,110,47,"Muscle Injury, Shoulder Injury, Concussion, Ankle Injury, Knee Injury, Meniscus Tear",2023-06-29,1010.0,0.6,1,0,0,1,1.33,108,0,0.546,9049,0.564,0.272,0.163,14.63,140368,89.6,0,5.49,2296,664,1501,72.49,96.99,184.39,5,Stable,0.1830357142857142,0.2589285714285714,198,0.4419642857142857,273.5301204819277,194.04273504273505,3.1,18.96,2.53,75.89285714285714,11.528571428571428,310.665668107418,0,Experienced,0.0,0.489216,72.77465184271072,0.5881000000000001,0.0,51.98677142857143,100.0,70.73992574305544,26-29,38,0.1,0.5,0.6,0.2,1.265,0.7,0.4415,0,1,Medium,0.007,Low,Possible (1 year)
PL0249,Donald Walker,France,LW,Aston Villa,29,1997-08-10,Left,2031-04-03,5,448,22703,82,116,914.5,427.0,46.795,216.0,342.0,7.96,10,49,2,44.8,50.7,88.62,255.0,783.0,1271.0,94.0,756.0,72.12,246.0,6,484,80.7,110,47,"Muscle Injury, Shoulder Injury, Concussion, Ankle Injury, Knee Injury, Meniscus Tear",2023-06-29,1010.0,0.6,1,0,0,1,1.33,108,0,0.546,9049,0.564,0.272,0.163,14.63,140368,89.6,0,5.49,2296,664,1501,61.83,73.11,49.07,1,Stable,0.1830357142857142,0.2589285714285714,198,0.4419642857142857,273.5301204819277,194.04273504273505,3.1,18.96,2.53,75.89285714285714,11.528571428571428,264.9808009253918,0,Experienced,0.0,0.489216,72.77465184271072,0.5881000000000001,0.0,51.98677142857143,100.0,82.7419567540529,26-29,9,1.0,0.5,0.6,0.2,1.265,0.7,0.7564999999999998,1,3,Very High,1.0,Very High,Very Likely (now)
PL0249,Donald Walker,France,LW,Aston Villa,29,1997-08-10,Left,2031-04-03,5,448,22703,82,116,914.5,427.0,46.795,216.0,342.0,7.96,10,49,2,44.8,50.7,88.62,255.0,783.0,1271.0,94.0,756.0,72.12,246.0,6,484,80.7,110,47,"Muscle Injury, Shoulder Injury, Concussion, Ankle Injury, Knee Injury, Meniscus Tear",2023-06-29,1010.0,0.6,1,0,0,1,1.33,108,0,0.599,11660,0.542,0.255,0.202,5.06,201826,72.5,0,7.14,9818,1582,2850,72.49,96.99,184.39,5,Stable,0.1830357142857142,0.2589285714285714,198,0.4419642857142857,273.5301204819277,194.04273504273505,3.1,18.96,2.53,75.89285714285714,11.528571428571428,310.665668107418,0,Experienced,0.0,0.4342749999999999,28.381737980052957,0.6226,0.0,52.05577142857143,83.54049268436513,70.83381606826974,26-29,38,0.1,0.5,0.6,0.2,1.265,0.7,0.4415,0,1,Medium,0.007,Low,Possible (1 year)
PL0249,Donald Walker,France,LW,Aston Villa,29,1997-08-10,Left,2031-04-03,5,448,22703,82,116,914.5,427.0,46.795,216.0,342.0,7.96,10,49,2,44.8,50.7,88.62,255.0,783.0,1271.0,94.0,756.0,72.12,246.0,6,484,80.7,110,47,"Muscle Injury, Shoulder Injury, Concussion, Ankle Injury, Knee Injury, Meniscus Tear",2023-06-29,1010.0,0.6,1,0,0,1,1.33,108,0,0.599,11660,0.542,0.255,0.202,5.06,201826,72.5,0,7.14,9818,1582,2850,61.83,73.11,49.07,1,Stable,0.1830357142857142,0.2589285714285714,198,0.4419642857142857,273.5301204819277,194.04273504273505,3.1,18.96,2.53,75.89285714285714,11.528571428571428,264.9808009253918,0,Experienced,0.0,0.4342749999999999,28.381737980052957,0.6226,0.0,52.05577142857143,83.54049268436513,82.85177690366294,26-29,19,0.6,0.5,0.6,0.2,1.265,0.7,0.6164999999999999,1,2,High,1.0,Very High,Likely (6 months)
PL0249,Donald Walker,France,LW,Aston Villa,29,1997-08-10,Left,2031-04-03,5,448,22703,82,116,914.5,427.0,46.795,216.0,342.0,7.96,10,49,2,44.8,50.7,88.62,255.0,783.0,1271.0,94.0,756.0,72.12,246.0,7,824,117.7,171,27,"Ligament Damage, Shoulder Injury, Hip Injury, Calf Injury, ACL Injury, Back Injury",2023-12-28,828.0,0.7,0,0,1,1,2.26,191,0,0.546,9049,0.564,0.272,0.163,14.63,140368,89.6,0,5.49,2296,664,1501,72.49,96.99,184.39,5,Stable,0.1830357142857142,0.2589285714285714,198,0.4419642857142857,273.5301204819277,194.04273504273505,3.1,18.96,5.66,57.36607142857143,14.7125,310.665668107418,0,Experienced,0.0,0.489216,72.77465184271072,0.5881000000000001,0.0,48.28141428571429,100.0,65.69793752308381,26-29,26,0.3,0.5,0.6,0.2,2.83,0.7,0.668,1,2,High,1.0,Very High,Likely (6 months)
PL0249,Donald Walker,France,LW,Aston Villa,29,1997-08-10,Left,2031-04-03,5,448,22703,82,116,914.5,427.0,46.795,216.0,342.0,7.96,10,49,2,44.8,50.7,88.62,255.0,783.0,1271.0,94.0,756.0,72.12,246.0,7,824,117.7,171,27,"Ligament Damage, Shoulder Injury, Hip Injury, Calf Injury, ACL Injury, Back Injury",2023-12-28,828.0,0.7,0,0,1,1,2.26,191,0,0.546,9049,0.564,0.272,0.163,14.63,140368,89.6,0,5.49,2296,664,1501,61.83,73.11,49.07,1,Stable,0.1830357142857142,0.2589285714285714,198,0.4419642857142857,273.5301204819277,194.04273504273505,3.1,18.96,5.66,57.36607142857143,14.7125,264.9808009253918,0,Experienced,0.0,0.489216,72.77465184271072,0.5881000000000001,0.0,48.28141428571429,100.0,76.84452377162866,26-29,53,0.1,0.5,0.6,0.2,2.83,0.7,0.598,1,2,High,1.0,Very High,Likely (6 months)
PL0249,Donald Walker,France,LW,Aston Villa,29,1997-08-10,Left,2031-04-03,5,448,22703,82,116,914.5,427.0,46.795,216.0,342.0,7.96,10,49,2,44.8,50.7,88.62,255.0,783.0,1271.0,94.0,756.0,72.12,246.0,7,824,117.7,171,27,"Ligament Damage, Shoulder Injury, Hip Injury, Calf Injury, ACL Injury, Back Injury",2023-12-28,828.0,0.7,0,0,1,1,2.26,191,0,0.599,11660,0.542,0.255,0.202,5.06,201826,72.5,0,7.14,9818,1582,2850,72.49,96.99,184.39,5,Stable,0.1830357142857142,0.2589285714285714,198,0.4419642857142857,273.5301204819277,194.04273504273505,3.1,18.96,5.66,57.36607142857143,14.7125,310.665668107418,0,Experienced,0.0,0.4342749999999999,28.381737980052957,0.6226,0.0,48.35041428571428,75.42781411293657,65.79182784829811,26-29,25,0.3,0.5,0.6,0.2,2.83,0.7,0.668,1,2,High,1.0,Very High,Likely (6 months)
PL0249,Donald Walker,France,LW,Aston Villa,29,1997-08-10,Left,2031-04-03,5,448,22703,82,116,914.5,427.0,46.795,216.0,342.0,7.96,10,49,2,44.8,50.7,88.62,255.0,783.0,1271.0,94.0,756.0,72.12,246.0,7,824,117.7,171,27,"Ligament Damage, Shoulder Injury, Hip Injury, Calf Injury, ACL Injury, Back Injury",2023-12-28,828.0,0.7,0,0,1,1,2.26,191,0,0.599,11660,0.542,0.255,0.202,5.06,201826,72.5,0,7.14,9818,1582,2850,61.83,73.11,49.07,1,Stable,0.1830357142857142,0.2589285714285714,198,0.4419642857142857,273.5301204819277,194.04273504273505,3.1,18.96,5.66,57.36607142857143,14.7125,264.9808009253918,0,Experienced,0.0,0.4342749999999999,28.381737980052957,0.6226,0.0,48.35041428571428,75.42781411293657,76.95434392123872,26-29,13,0.6,0.5,0.6,0.2,2.83,0.7,0.773,1,3,Very High,1.0,Very High,Very Likely (now)
PL0249,Donald Walker,France,LW,Aston Villa,29,1997-08-10,Left,2031-04-03,5,170,35307,183,121,1215.0,279.0,47.91,341.0,661.0,6.74,10,37,4,17.0,207.7,85.79,643.0,783.0,1271.0,94.0,756.0,72.12,246.0,6,484,80.7,110,47,"Muscle Injury, Shoulder Injury, Concussion, Ankle Injury, Knee Injury, Meniscus Tear",2023-06-29,1010.0,0.6,1,0,0,1,1.33,108,0,0.546,9049,0.564,0.272,0.163,14.63,140368,89.6,0,5.49,2296,664,1501,72.49,96.99,184.39,5,Stable,1.076470588235294,0.711764705882353,304,1.7882352941176471,191.8858695652174,289.4016393442623,2.3,13.4,2.53,36.47058823529412,11.528571428571428,310.665668107418,0,Experienced,0.0,0.489216,72.77465184271072,0.5881000000000001,0.0,38.11031764705883,100.0,51.857827795698505,26-29,12,1.0,0.5,0.6,0.2,1.265,0.7,0.7564999999999998,1,3,Very High,1.0,Very High,Very Likely (now)
PL0249,Donald Walker,France,LW,Aston Villa,29,1997-08-10,Left,2031-04-03,5,170,35307,183,121,1215.0,279.0,47.91,341.0,661.0,6.74,10,37,4,17.0,207.7,85.79,643.0,783.0,1271.0,94.0,756.0,72.12,246.0,6,484,80.7,110,47,"Muscle Injury, Shoulder Injury, Concussion, Ankle Injury, Knee Injury, Meniscus Tear",2023-06-29,1010.0,0.6,1,0,0,1,1.33,108,0,0.546,9049,0.564,0.272,0.163,14.63,140368,89.6,0,5.49,2296,664,1501,61.83,73.11,49.07,1,Stable,1.076470588235294,0.711764705882353,304,1.7882352941176471,191.8858695652174,289.4016393442623,2.3,13.4,2.53,36.47058823529412,11.528571428571428,264.9808009253918,0,Experienced,0.0,0.489216,72.77465184271072,0.5881000000000001,0.0,38.11031764705883,100.0,60.65624327082417,26-29,8,1.0,0.5,0.6,0.2,1.265,0.7,0.7564999999999998,1,3,Very High,1.0,Very High,Very Likely (now)
PL0249,Donald Walker,France,LW,Aston Villa,29,1997-08-10,Left,2031-04-03,5,170,35307,183,121,1215.0,279.0,47.91,341.0,661.0,6.74,10,37,4,17.0,207.7,85.79,643.0,783.0,1271.0,94.0,756.0,72.12,246.0,6,484,80.7,110,47,"Muscle Injury, Shoulder Injury, Concussion, Ankle Injury, Knee Injury, Meniscus Tear",2023-06-29,1010.0,0.6,1,0,0,1,1.33,108,0,0.599,11660,0.542,0.255,0.202,5.06,201826,72.5,0,7.14,9818,1582,2850,72.49,96.99,184.39,5,Stable,1.076470588235294,0.711764705882353,304,1.7882352941176471,191.8858695652174,289.4016393442623,2.3,13.4,2.53,36.47058823529412,11.528571428571428,310.665668107418,0,Experienced,0.0,0.4342749999999999,28.381737980052957,0.6226,0.0,38.17931764705882,76.60226579360884,51.951718120912815,26-29,22,0.6,0.5,0.6,0.2,1.265,0.7,0.6164999999999999,1,2,High,0.999,Very High,Likely (6 months)
PL0249,Donald Walker,France,LW,Aston Villa,29,1997-08-10,Left,2031-04-03,5,170,35307,183,121,1215.0,279.0,47.91,341.0,661.0,6.74,10,37,4,17.0,207.7,85.79,643.0,783.0,1271.0,94.0,756.0,72.12,246.0,6,484,80.7,110,47,"Muscle Injury, Shoulder Injury, Concussion, Ankle Injury, Knee Injury, Meniscus Tear",2023-06-29,1010.0,0.6,1,0,0,1,1.33,108,0,0.599,11660,0.542,0.255,0.202,5.06,201826,72.5,0,7.14,9818,1582,2850,61.83,73.11,49.07,1,Stable,1.076470588235294,0.711764705882353,304,1.7882352941176471,191.8858695652174,289.4016393442623,2.3,13.4,2.53,36.47058823529412,11.528571428571428,264.9808009253918,0,Experienced,0.0,0.4342749999999999,28.381737980052957,0.6226,0.0,38.17931764705882,76.60226579360884,60.76606342043422,26-29,38,0.1,0.5,0.6,0.2,1.265,0.7,0.4415,0,1,Medium,0.0,Low,Possible (1 year)
PL0249,Donald Walker,France,LW,Aston Villa,29,1997-08-10,Left,2031-04-03,5,170,35307,183,121,1215.0,279.0,47.91,341.0,661.0,6.74,10,37,4,17.0,207.7,85.79,643.0,783.0,1271.0,94.0,756.0,72.12,246.0,7,824,117.7,171,27,"Ligament Damage, Shoulder Injury, Hip Injury, Calf Injury, ACL Injury, Back Injury",2023-12-28,828.0,0.7,0,0,1,1,2.26,191,0,0.546,9049,0.564,0.272,0.163,14.63,140368,89.6,0,5.49,2296,664,1501,72.49,96.99,184.39,5,Stable,1.076470588235294,0.711764705882353,304,1.7882352941176471,191.8858695652174,289.4016393442623,2.3,13.4,5.66,0.0,14.7125,310.665668107418,0,Experienced,0.0,0.489216,72.77465184271072,0.5881000000000001,0.0,30.81620000000001,100.0,41.93250782419378,26-29,53,0.1,0.5,0.6,0.2,2.83,0.7,0.598,1,2,High,1.0,Very High,Likely (6 months)
PL0249,Donald Walker,France,LW,Aston Villa,29,1997-08-10,Left,2031-04-03,5,170,35307,183,121,1215.0,279.0,47.91,341.0,661.0,6.74,10,37,4,17.0,207.7,85.79,643.0,783.0,1271.0,94.0,756.0,72.12,246.0,7,824,117.7,171,27,"Ligament Damage, Shoulder Injury, Hip Injury, Calf Injury, ACL Injury, Back Injury",2023-12-28,828.0,0.7,0,0,1,1,2.26,191,0,0.546,9049,0.564,0.272,0.163,14.63,140368,89.6,0,5.49,2296,664,1501,61.83,73.11,49.07,1,Stable,1.076470588235294,0.711764705882353,304,1.7882352941176471,191.8858695652174,289.4016393442623,2.3,13.4,5.66,0.0,14.7125,264.9808009253918,0,Experienced,0.0,0.489216,72.77465184271072,0.5881000000000001,0.0,30.81620000000001,100.0,49.04695209294923,26-29,17,0.6,0.5,0.6,0.2,2.83,0.7,0.773,1,3,Very High,1.0,Very High,Very Likely (now)
PL0249,Donald Walker,France,LW,Aston Villa,29,1997-08-10,Left,2031-04-03,5,170,35307,183,121,1215.0,279.0,47.91,341.0,661.0,6.74,10,37,4,17.0,207.7,85.79,643.0,783.0,1271.0,94.0,756.0,72.12,246.0,7,824,117.7,171,27,"Ligament Damage, Shoulder Injury, Hip Injury, Calf Injury, ACL Injury, Back Injury",2023-12-28,828.0,0.7,0,0,1,1,2.26,191,0,0.599,11660,0.542,0.255,0.202,5.06,201826,72.5,0,7.14,9818,1582,2850,72.49,96.99,184.39,5,Stable,1.076470588235294,0.711764705882353,304,1.7882352941176471,191.8858695652174,289.4016393442623,2.3,13.4,5.66,0.0,14.7125,310.665668107418,0,Experienced,0.0,0.4342749999999999,28.381737980052957,0.6226,0.0,30.885200000000005,66.69520697007943,42.02639814940809,26-29,56,0.1,0.5,0.6,0.2,2.83,0.7,0.598,1,2,High,1.0,Very High,Likely (6 months)
PL0249,Donald Walker,France,LW,Aston Villa,29,1997-08-10,Left,2031-04-03,5,170,35307,183,121,1215.0,279.0,47.91,341.0,661.0,6.74,10,37,4,17.0,207.7,85.79,643.0,783.0,1271.0,94.0,756.0,72.12,246.0,7,824,117.7,171,27,"Ligament Damage, Shoulder Injury, Hip Injury, Calf Injury, ACL Injury, Back Injury",2023-12-28,828.0,0.7,0,0,1,1,2.26,191,0,0.599,11660,0.542,0.255,0.202,5.06,201826,72.5,0,7.14,9818,1582,2850,61.83,73.11,49.07,1,Stable,1.076470588235294,0.711764705882353,304,1.7882352941176471,191.8858695652174,289.4016393442623,2.3,13.4,5.66,0.0,14.7125,264.9808009253918,0,Experienced,0.0,0.4342749999999999,28.381737980052957,0.6226,0.0,30.885200000000005,66.69520697007943,49.15677224255929,26-29,27,0.3,0.5,0.6,0.2,2.83,0.7,0.668,1,2,High,1.0,Very High,Likely (6 months)
PL0250,Noah Rhodes,South Korea,RB,Athletic Bilbao,25,2001-01-20,Both,2027-04-04,1,347,30331,131,46,1343.0,200.0,48.17,405.0,326.0,6.94,5,20,2,69.4,87.4,85.79,643.0,783.0,1271.0,94.0,756.0,72.12,246.0,9,657,73.0,114,10,"Ligament Damage, Calf Injury, Ankle Injury, Hamstring Injury, Back Injury, Achilles Injury, Fracture",2023-09-28,919.0,0.9,0,1,0,1,1.8,112,0,0.215,18422,0.209,0.496,0.295,2.27,322171,69.9,1,8.94,6168,648,811,69.48,81.84,113.72,5,Rising,0.377521613832853,0.132564841498559,177,0.5100864553314121,229.78030303030303,645.3404255319149,6.0,11.94,3.6,67.72334293948127,7.3,59.55318145979694,1,Prime,0.0,0.150285,4.793312387300934,0.3389,9.137312,44.37046858789626,42.17520287489953,62.95469436421149,22-25,60,0.1,0.8,0.6,0.2,1.8,0.5,0.5350000000000001,0,1,Medium,0.007,Low,Possible (1 year)
PL0250,Noah Rhodes,South Korea,RB,Athletic Bilbao,25,2001-01-20,Both,2027-04-04,1,347,30331,131,46,1343.0,200.0,48.17,405.0,326.0,6.94,5,20,2,69.4,87.4,85.79,643.0,783.0,1271.0,94.0,756.0,72.12,246.0,9,657,73.0,114,10,"Ligament Damage, Calf Injury, Ankle Injury, Hamstring Injury, Back Injury, Achilles Injury, Fracture",2023-09-28,919.0,0.9,0,1,0,1,1.8,112,0,0.215,18422,0.209,0.496,0.295,2.27,322171,69.9,1,8.94,6168,648,811,37.29,47.43,37.13,3,Rising,0.377521613832853,0.132564841498559,177,0.5100864553314121,229.78030303030303,645.3404255319149,6.0,11.94,3.6,67.72334293948127,7.3,31.96226448813799,1,Prime,0.0,0.150285,4.793312387300934,0.3389,9.137312,44.37046858789626,42.17520287489953,115.88004332174526,22-25,27,0.3,0.8,0.1,0.2,1.8,0.5,0.5300000000000001,0,1,Medium,0.008,Low,Possible (1 year)
PL0250,Noah Rhodes,South Korea,RB,Athletic Bilbao,25,2001-01-20,Both,2027-04-04,1,347,30331,131,46,1343.0,200.0,48.17,405.0,326.0,6.94,5,20,2,69.4,87.4,85.79,643.0,783.0,1271.0,94.0,756.0,72.12,246.0,9,657,73.0,114,10,"Ligament Damage, Calf Injury, Ankle Injury, Hamstring Injury, Back Injury, Achilles Injury, Fracture",2023-09-28,919.0,0.9,0,1,0,1,1.8,112,0,0.295,4288,0.348,0.46,0.192,6.5,73866,98.3,1,9.97,154,4110,15911,69.48,81.84,113.72,5,Rising,0.377521613832853,0.132564841498559,177,0.5100864553314121,229.78030303030303,645.3404255319149,6.0,11.94,3.6,67.72334293948127,7.3,59.55318145979694,1,Prime,0.0,0.2899849999999999,16.037603536061116,0.4301,1.97248,44.55286858789626,59.13283959803981,63.21349118600491,22-25,51,0.1,0.8,0.6,0.2,1.8,0.5,0.5350000000000001,0,1,Medium,0.011,Low,Possible (1 year)
PL0250,Noah Rhodes,South Korea,RB,Athletic Bilbao,25,2001-01-20,Both,2027-04-04,1,347,30331,131,46,1343.0,200.0,48.17,405.0,326.0,6.94,5,20,2,69.4,87.4,85.79,643.0,783.0,1271.0,94.0,756.0,72.12,246.0,9,657,73.0,114,10,"Ligament Damage, Calf Injury, Ankle Injury, Hamstring Injury, Back Injury, Achilles Injury, Fracture",2023-09-28,919.0,0.9,0,1,0,1,1.8,112,0,0.295,4288,0.348,0.46,0.192,6.5,73866,98.3,1,9.97,154,4110,15911,37.29,47.43,37.13,3,Rising,0.377521613832853,0.132564841498559,177,0.5100864553314121,229.78030303030303,645.3404255319149,6.0,11.94,3.6,67.72334293948127,7.3,31.96226448813799,1,Prime,0.0,0.2899849999999999,16.037603536061116,0.4301,1.97248,44.55286858789626,59.13283959803981,116.35640790779908,22-25,35,0.3,0.8,0.1,0.2,1.8,0.5,0.5300000000000001,0,1,Medium,0.001,Low,Possible (1 year)
PL0250,Noah Rhodes,South Korea,RB,Athletic Bilbao,25,2001-01-20,Both,2027-04-04,1,347,30331,131,46,1343.0,200.0,48.17,405.0,326.0,6.94,5,20,2,69.4,87.4,85.79,643.0,783.0,1271.0,94.0,756.0,72.12,246.0,5,499,99.8,148,38,"Groin Strain, Muscle Injury, ACL Injury, Hip Injury",2023-06-26,1013.0,0.5,0,0,1,1,1.37,87,0,0.215,18422,0.209,0.496,0.295,2.27,322171,69.9,1,8.94,6168,648,811,69.48,81.84,113.72,5,Rising,0.377521613832853,0.132564841498559,177,0.5100864553314121,229.78030303030303,645.3404255319149,6.0,11.94,4.37,74.92795389048992,16.633333333333333,59.55318145979694,1,Prime,0.0,0.150285,4.793312387300934,0.3389,9.137312,45.81139077809799,41.35566397000039,64.99913561024118,22-25,43,0.1,0.8,0.6,0.2,2.185,0.5,0.5735000000000001,1,2,High,1.0,Very High,Likely (6 months)
PL0250,Noah Rhodes,South Korea,RB,Athletic Bilbao,25,2001-01-20,Both,2027-04-04,1,347,30331,131,46,1343.0,200.0,48.17,405.0,326.0,6.94,5,20,2,69.4,87.4,85.79,643.0,783.0,1271.0,94.0,756.0,72.12,246.0,5,499,99.8,148,38,"Groin Strain, Muscle Injury, ACL Injury, Hip Injury",2023-06-26,1013.0,0.5,0,0,1,1,1.37,87,0,0.215,18422,0.209,0.496,0.295,2.27,322171,69.9,1,8.94,6168,648,811,37.29,47.43,37.13,3,Rising,0.377521613832853,0.132564841498559,177,0.5100864553314121,229.78030303030303,645.3404255319149,6.0,11.94,4.37,74.92795389048992,16.633333333333333,31.96226448813799,1,Prime,0.0,0.150285,4.793312387300934,0.3389,9.137312,45.81139077809799,41.35566397000039,119.64322480568812,22-25,43,0.1,0.8,0.1,0.2,2.185,0.5,0.49850000000000005,0,1,Medium,0.001,Low,Possible (1 year)
PL0250,Noah Rhodes,South Korea,RB,Athletic Bilbao,25,2001-01-20,Both,2027-04-04,1,347,30331,131,46,1343.0,200.0,48.17,405.0,326.0,6.94,5,20,2,69.4,87.4,85.79,643.0,783.0,1271.0,94.0,756.0,72.12,246.0,5,499,99.8,148,38,"Groin Strain, Muscle Injury, ACL Injury, Hip Injury",2023-06-26,1013.0,0.5,0,0,1,1,1.37,87,0,0.295,4288,0.348,0.46,0.192,6.5,73866,98.3,1,9.97,154,4110,15911,69.48,81.84,113.72,5,Rising,0.377521613832853,0.132564841498559,177,0.5100864553314121,229.78030303030303,645.3404255319149,6.0,11.94,4.37,74.92795389048992,16.633333333333333,59.55318145979694,1,Prime,0.0,0.2899849999999999,16.037603536061116,0.4301,1.97248,45.99379077809799,58.31330069314067,65.25793243203461,22-25,50,0.1,0.8,0.6,0.2,2.185,0.5,0.5735000000000001,1,2,High,0.999,Very High,Likely (6 months)
PL0250,Noah Rhodes,South Korea,RB,Athletic Bilbao,25,2001-01-20,Both,2027-04-04,1,347,30331,131,46,1343.0,200.0,48.17,405.0,326.0,6.94,5,20,2,69.4,87.4,85.79,643.0,783.0,1271.0,94.0,756.0,72.12,246.0,5,499,99.8,148,38,"Groin Strain, Muscle Injury, ACL Injury, Hip Injury",2023-06-26,1013.0,0.5,0,0,1,1,1.37,87,0,0.295,4288,0.348,0.46,0.192,6.5,73866,98.3,1,9.97,154,4110,15911,37.29,47.43,37.13,3,Rising,0.377521613832853,0.132564841498559,177,0.5100864553314121,229.78030303030303,645.3404255319149,6.0,11.94,4.37,74.92795389048992,16.633333333333333,31.96226448813799,1,Prime,0.0,0.2899849999999999,16.037603536061116,0.4301,1.97248,45.99379077809799,58.31330069314067,120.11958939174194,22-25,56,0.1,0.8,0.1,0.2,2.185,0.5,0.49850000000000005,0,1,Medium,0.0,Low,Possible (1 year)
PL0250,Noah Rhodes,South Korea,RB,Athletic Bilbao,25,2001-01-20,Both,2027-04-04,1,372,16542,23,29,914.5,427.0,46.795,425.0,459.0,6.8,7,71,0,53.1,44.5,81.99,768.0,735.0,808.0,94.0,756.0,72.12,246.0,9,657,73.0,114,10,"Ligament Damage, Calf Injury, Ankle Injury, Hamstring Injury, Back Injury, Achilles Injury, Fracture",2023-09-28,919.0,0.9,0,1,0,1,1.8,112,0,0.215,18422,0.209,0.496,0.295,2.27,322171,69.9,1,8.94,6168,648,811,69.48,81.84,113.72,5,Rising,0.0618279569892473,0.0779569892473118,52,0.1397849462365591,689.25,551.4,2.9000000000000004,14.44,3.6,69.89247311827957,7.3,59.55318145979694,1,Prime,0.0,0.150285,4.793312387300934,0.3389,9.137312,44.74429462365592,42.36211589277936,63.48509452845617,22-25,59,0.1,0.8,0.6,0.2,1.8,0.5,0.5350000000000001,0,1,Medium,0.021,Low,Possible (1 year)
PL0250,Noah Rhodes,South Korea,RB,Athletic Bilbao,25,2001-01-20,Both,2027-04-04,1,372,16542,23,29,914.5,427.0,46.795,425.0,459.0,6.8,7,71,0,53.1,44.5,81.99,768.0,735.0,808.0,94.0,756.0,72.12,246.0,9,657,73.0,114,10,"Ligament Damage, Calf Injury, Ankle Injury, Hamstring Injury, Back Injury, Achilles Injury, Fracture",2023-09-28,919.0,0.9,0,1,0,1,1.8,112,0,0.215,18422,0.209,0.496,0.295,2.27,322171,69.9,1,8.94,6168,648,811,37.29,47.43,37.13,3,Rising,0.0618279569892473,0.0779569892473118,52,0.1397849462365591,689.25,551.4,2.9000000000000004,14.44,3.6,69.89247311827957,7.3,31.96226448813799,1,Prime,0.0,0.150285,4.793312387300934,0.3389,9.137312,44.74429462365592,42.36211589277936,116.8563453216399,22-25,13,0.6,0.8,0.1,0.2,1.8,0.5,0.6350000000000001,1,2,High,1.0,Very High,Likely (6 months)
PL0250,Noah Rhodes,South Korea,RB,Athletic Bilbao,25,2001-01-20,Both,2027-04-04,1,372,16542,23,29,914.5,427.0,46.795,425.0,459.0,6.8,7,71,0,53.1,44.5,81.99,768.0,735.0,808.0,94.0,756.0,72.12,246.0,9,657,73.0,114,10,"Ligament Damage, Calf Injury, Ankle Injury, Hamstring Injury, Back Injury, Achilles Injury, Fracture",2023-09-28,919.0,0.9,0,1,0,1,1.8,112,0,0.295,4288,0.348,0.46,0.192,6.5,73866,98.3,1,9.97,154,4110,15911,69.48,81.84,113.72,5,Rising,0.0618279569892473,0.0779569892473118,52,0.1397849462365591,689.25,551.4,2.9000000000000004,14.44,3.6,69.89247311827957,7.3,59.55318145979694,1,Prime,0.0,0.2899849999999999,16.037603536061116,0.4301,1.97248,44.92669462365592,59.319752615919626,63.74389135024959,22-25,32,0.3,0.8,0.6,0.2,1.8,0.5,0.6050000000000001,1,2,High,0.997,Very High,Likely (6 months)
PL0250,Noah Rhodes,South Korea,RB,Athletic Bilbao,25,2001-01-20,Both,2027-04-04,1,372,16542,23,29,914.5,427.0,46.795,425.0,459.0,6.8,7,71,0,53.1,44.5,81.99,768.0,735.0,808.0,94.0,756.0,72.12,246.0,9,657,73.0,114,10,"Ligament Damage, Calf Injury, Ankle Injury, Hamstring Injury, Back Injury, Achilles Injury, Fracture",2023-09-28,919.0,0.9,0,1,0,1,1.8,112,0,0.295,4288,0.348,0.46,0.192,6.5,73866,98.3,1,9.97,154,4110,15911,37.29,47.43,37.13,3,Rising,0.0618279569892473,0.0779569892473118,52,0.1397849462365591,689.25,551.4,2.9000000000000004,14.44,3.6,69.89247311827957,7.3,31.96226448813799,1,Prime,0.0,0.2899849999999999,16.037603536061116,0.4301,1.97248,44.92669462365592,59.319752615919626,117.33270990769373,22-25,32,0.3,0.8,0.1,0.2,1.8,0.5,0.5300000000000001,0,1,Medium,0.009,Low,Possible (1 year)
PL0250,Noah Rhodes,South Korea,RB,Athletic Bilbao,25,2001-01-20,Both,2027-04-04,1,372,16542,23,29,914.5,427.0,46.795,425.0,459.0,6.8,7,71,0,53.1,44.5,81.99,768.0,735.0,808.0,94.0,756.0,72.12,246.0,5,499,99.8,148,38,"Groin Strain, Muscle Injury, ACL Injury, Hip Injury",2023-06-26,1013.0,0.5,0,0,1,1,1.37,87,0,0.215,18422,0.209,0.496,0.295,2.27,322171,69.9,1,8.94,6168,648,811,69.48,81.84,113.72,5,Rising,0.0618279569892473,0.0779569892473118,52,0.1397849462365591,689.25,551.4,2.9000000000000004,14.44,4.37,76.61290322580645,16.633333333333333,59.55318145979694,1,Prime,0.0,0.150285,4.793312387300934,0.3389,9.137312,46.088380645161294,41.494158903532046,65.392140529457,22-25,39,0.1,0.8,0.6,0.2,2.185,0.5,0.5735000000000001,1,2,High,0.999,Very High,Likely (6 months)
PL0250,Noah Rhodes,South Korea,RB,Athletic Bilbao,25,2001-01-20,Both,2027-04-04,1,372,16542,23,29,914.5,427.0,46.795,425.0,459.0,6.8,7,71,0,53.1,44.5,81.99,768.0,735.0,808.0,94.0,756.0,72.12,246.0,5,499,99.8,148,38,"Groin Strain, Muscle Injury, ACL Injury, Hip Injury",2023-06-26,1013.0,0.5,0,0,1,1,1.37,87,0,0.215,18422,0.209,0.496,0.295,2.27,322171,69.9,1,8.94,6168,648,811,37.29,47.43,37.13,3,Rising,0.0618279569892473,0.0779569892473118,52,0.1397849462365591,689.25,551.4,2.9000000000000004,14.44,4.37,76.61290322580645,16.633333333333333,31.96226448813799,1,Prime,0.0,0.150285,4.793312387300934,0.3389,9.137312,46.088380645161294,41.494158903532046,120.366624824135,22-25,26,0.3,0.8,0.1,0.2,2.185,0.5,0.5685000000000001,1,2,High,0.998,Very High,Likely (6 months)
PL0250,Noah Rhodes,South Korea,RB,Athletic Bilbao,25,2001-01-20,Both,2027-04-04,1,372,16542,23,29,914.5,427.0,46.795,425.0,459.0,6.8,7,71,0,53.1,44.5,81.99,768.0,735.0,808.0,94.0,756.0,72.12,246.0,5,499,99.8,148,38,"Groin Strain, Muscle Injury, ACL Injury, Hip Injury",2023-06-26,1013.0,0.5,0,0,1,1,1.37,87,0,0.295,4288,0.348,0.46,0.192,6.5,73866,98.3,1,9.97,154,4110,15911,69.48,81.84,113.72,5,Rising,0.0618279569892473,0.0779569892473118,52,0.1397849462365591,689.25,551.4,2.9000000000000004,14.44,4.37,76.61290322580645,16.633333333333333,59.55318145979694,1,Prime,0.0,0.2899849999999999,16.037603536061116,0.4301,1.97248,46.270780645161295,58.45179562667232,65.65093735125042,22-25,35,0.3,0.8,0.6,0.2,2.185,0.5,0.6435000000000001,1,2,High,1.0,Very High,Likely (6 months)
PL0250,Noah Rhodes,South Korea,RB,Athletic Bilbao,25,2001-01-20,Both,2027-04-04,1,372,16542,23,29,914.5,427.0,46.795,425.0,459.0,6.8,7,71,0,53.1,44.5,81.99,768.0,735.0,808.0,94.0,756.0,72.12,246.0,5,499,99.8,148,38,"Groin Strain, Muscle Injury, ACL Injury, Hip Injury",2023-06-26,1013.0,0.5,0,0,1,1,1.37,87,0,0.295,4288,0.348,0.46,0.192,6.5,73866,98.3,1,9.97,154,4110,15911,37.29,47.43,37.13,3,Rising,0.0618279569892473,0.0779569892473118,52,0.1397849462365591,689.25,551.4,2.9000000000000004,14.44,4.37,76.61290322580645,16.633333333333333,31.96226448813799,1,Prime,0.0,0.2899849999999999,16.037603536061116,0.4301,1.97248,46.270780645161295,58.45179562667232,120.8429894101888,22-25,38,0.1,0.8,0.1,0.2,2.185,0.5,0.49850000000000005,0,1,Medium,0.006,Low,Possible (1 year)
PL0251,Steven Miller,Ivory Coast,CDM,Inter Milan,24,2002-02-06,Both,2028-04-03,2,300,22862,65,31,914.5,427.0,46.795,228.0,450.0,6.51,10,30,5,30.0,76.2,88.9,583.0,783.0,1271.0,94.0,756.0,72.12,246.0,14,985,70.4,136,11,"Ligament Damage, Muscle Injury, Concussion, Knee Injury, ACL Injury, Hamstring Injury, Groin Strain, Meniscus Tear, Fracture",2023-11-20,866.0,1.4,1,1,1,1,2.7,146,0,0.203,37402,0.262,0.528,0.21,14.56,268157,79.8,1,8.24,2353,2873,9260,41.61,48.96,46.86,3,Stable,0.2166666666666666,0.1033333333333333,96,0.32,346.3939393939394,714.4375,2.0,16.0,7.5,51.33333333333333,4.693333333333333,71.33010594536991,0,Prime,17.664023071377077,0.161994,31.12185086774617,0.3366,19.748256,40.17986666666666,71.77270963495259,94.29680043808182,22-25,33,0.3,0.8,0.3,0.2,3.75,0.4,0.7450000000000001,1,3,Very High,1.0,Very High,Very Likely (now)
PL0251,Steven Miller,Ivory Coast,CDM,Inter Milan,24,2002-02-06,Both,2028-04-03,2,300,22862,65,31,914.5,427.0,46.795,228.0,450.0,6.51,10,30,5,30.0,76.2,88.9,583.0,783.0,1271.0,94.0,756.0,72.12,246.0,14,985,70.4,136,11,"Ligament Damage, Muscle Injury, Concussion, Knee Injury, ACL Injury, Hamstring Injury, Groin Strain, Meniscus Tear, Fracture",2023-11-20,866.0,1.4,1,1,1,1,2.7,146,0,0.203,37402,0.262,0.528,0.21,14.56,268157,79.8,1,8.24,2353,2873,9260,46.47,60.98,123.38,5,Rising,0.2166666666666666,0.1033333333333333,96,0.32,346.3939393939394,714.4375,2.0,16.0,7.5,51.33333333333333,4.693333333333333,79.66138003560056,0,Prime,31.22444587906176,0.161994,31.12185086774617,0.3366,19.748256,40.17986666666666,71.77270963495259,84.64265149919247,22-25,52,0.1,0.8,0.3,0.2,3.75,0.4,0.675,1,2,High,1.0,Very High,Likely (6 months)
PL0251,Steven Miller,Ivory Coast,CDM,Inter Milan,24,2002-02-06,Both,2028-04-03,2,300,22862,65,31,914.5,427.0,46.795,228.0,450.0,6.51,10,30,5,30.0,76.2,88.9,583.0,783.0,1271.0,94.0,756.0,72.12,246.0,14,985,70.4,136,11,"Ligament Damage, Muscle Injury, Concussion, Knee Injury, ACL Injury, Hamstring Injury, Groin Strain, Meniscus Tear, Fracture",2023-11-20,866.0,1.4,1,1,1,1,2.7,146,0,0.077,13072,0.238,0.597,0.165,9.36,194502,60.9,1,8.13,6645,1670,11554,41.61,48.96,46.86,3,Stable,0.2166666666666666,0.1033333333333333,96,0.32,346.3939393939394,714.4375,2.0,16.0,7.5,51.33333333333333,4.693333333333333,71.33010594536991,0,Prime,17.664023071377077,0.046893,6.831203484870304,0.2641,7.803984,40.03486666666666,35.26423856063879,93.9565047328483,22-25,38,0.1,0.8,0.3,0.2,3.75,0.4,0.675,1,2,High,1.0,Very High,Likely (6 months)
PL0251,Steven Miller,Ivory Coast,CDM,Inter Milan,24,2002-02-06,Both,2028-04-03,2,300,22862,65,31,914.5,427.0,46.795,228.0,450.0,6.51,10,30,5,30.0,76.2,88.9,583.0,783.0,1271.0,94.0,756.0,72.12,246.0,14,985,70.4,136,11,"Ligament Damage, Muscle Injury, Concussion, Knee Injury, ACL Injury, Hamstring Injury, Groin Strain, Meniscus Tear, Fracture",2023-11-20,866.0,1.4,1,1,1,1,2.7,146,0,0.077,13072,0.238,0.597,0.165,9.36,194502,60.9,1,8.13,6645,1670,11554,46.47,60.98,123.38,5,Rising,0.2166666666666666,0.1033333333333333,96,0.32,346.3939393939394,714.4375,2.0,16.0,7.5,51.33333333333333,4.693333333333333,79.66138003560056,0,Prime,31.22444587906176,0.046893,6.831203484870304,0.2641,7.803984,40.03486666666666,35.26423856063879,84.3371954216698,22-25,10,1.0,0.8,0.3,0.2,3.75,0.4,0.9900000000000001,1,3,Very High,1.0,Very High,Very Likely (now)
PL0251,Steven Miller,Ivory Coast,CDM,Inter Milan,24,2002-02-06,Both,2028-04-03,2,300,22862,65,31,914.5,427.0,46.795,228.0,450.0,6.51,10,30,5,30.0,76.2,88.9,583.0,783.0,1271.0,94.0,756.0,72.12,246.0,12,1214,101.2,178,8,"Concussion, Calf Injury, Knee Injury, ACL Injury, Hamstring Injury, Groin Strain, Back Injury, Achilles Injury, Meniscus Tear, Fracture",2025-09-11,205.0,1.2,1,1,1,1,3.33,220,0,0.203,37402,0.262,0.528,0.21,14.56,268157,79.8,1,8.24,2353,2873,9260,41.61,48.96,46.86,3,Stable,0.2166666666666666,0.1033333333333333,96,0.32,346.3939393939394,714.4375,2.0,16.0,7.73,26.66666666666667,7.784615384615384,71.33010594536991,0,Prime,17.664023071377077,0.161994,31.12185086774617,0.3366,19.748256,35.24653333333333,68.84604296828591,82.71892357036688,22-25,53,0.1,0.8,0.3,0.2,3.865,0.4,0.6865000000000001,1,2,High,1.0,Very High,Likely (6 months)
PL0251,Steven Miller,Ivory Coast,CDM,Inter Milan,24,2002-02-06,Both,2028-04-03,2,300,22862,65,31,914.5,427.0,46.795,228.0,450.0,6.51,10,30,5,30.0,76.2,88.9,583.0,783.0,1271.0,94.0,756.0,72.12,246.0,12,1214,101.2,178,8,"Concussion, Calf Injury, Knee Injury, ACL Injury, Hamstring Injury, Groin Strain, Back Injury, Achilles Injury, Meniscus Tear, Fracture",2025-09-11,205.0,1.2,1,1,1,1,3.33,220,0,0.203,37402,0.262,0.528,0.21,14.56,268157,79.8,1,8.24,2353,2873,9260,46.47,60.98,123.38,5,Rising,0.2166666666666666,0.1033333333333333,96,0.32,346.3939393939394,714.4375,2.0,16.0,7.73,26.66666666666667,7.784615384615384,79.66138003560056,0,Prime,31.22444587906176,0.161994,31.12185086774617,0.3366,19.748256,35.24653333333333,68.84604296828591,74.2501228846289,22-25,24,0.6,0.8,0.3,0.2,3.865,0.4,0.8615000000000002,1,3,Very High,1.0,Very High,Very Likely (now)
PL0251,Steven Miller,Ivory Coast,CDM,Inter Milan,24,2002-02-06,Both,2028-04-03,2,300,22862,65,31,914.5,427.0,46.795,228.0,450.0,6.51,10,30,5,30.0,76.2,88.9,583.0,783.0,1271.0,94.0,756.0,72.12,246.0,12,1214,101.2,178,8,"Concussion, Calf Injury, Knee Injury, ACL Injury, Hamstring Injury, Groin Strain, Back Injury, Achilles Injury, Meniscus Tear, Fracture",2025-09-11,205.0,1.2,1,1,1,1,3.33,220,0,0.077,13072,0.238,0.597,0.165,9.36,194502,60.9,1,8.13,6645,1670,11554,41.61,48.96,46.86,3,Stable,0.2166666666666666,0.1033333333333333,96,0.32,346.3939393939394,714.4375,2.0,16.0,7.73,26.66666666666667,7.784615384615384,71.33010594536991,0,Prime,17.664023071377077,0.046893,6.831203484870304,0.2641,7.803984,35.10153333333333,32.33757189397212,82.37862786513337,22-25,9,1.0,0.8,0.3,0.2,3.865,0.4,1.0,1,3,Very High,1.0,Very High,Very Likely (now)
PL0251,Steven Miller,Ivory Coast,CDM,Inter Milan,24,2002-02-06,Both,2028-04-03,2,300,22862,65,31,914.5,427.0,46.795,228.0,450.0,6.51,10,30,5,30.0,76.2,88.9,583.0,783.0,1271.0,94.0,756.0,72.12,246.0,12,1214,101.2,178,8,"Concussion, Calf Injury, Knee Injury, ACL Injury, Hamstring Injury, Groin Strain, Back Injury, Achilles Injury, Meniscus Tear, Fracture",2025-09-11,205.0,1.2,1,1,1,1,3.33,220,0,0.077,13072,0.238,0.597,0.165,9.36,194502,60.9,1,8.13,6645,1670,11554,46.47,60.98,123.38,5,Rising,0.2166666666666666,0.1033333333333333,96,0.32,346.3939393939394,714.4375,2.0,16.0,7.73,26.66666666666667,7.784615384615384,79.66138003560056,0,Prime,31.22444587906176,0.046893,6.831203484870304,0.2641,7.803984,35.10153333333333,32.33757189397212,73.94466680710623,22-25,40,0.1,0.8,0.3,0.2,3.865,0.4,0.6865000000000001,1,2,High,1.0,Very High,Likely (6 months)
PL0251,Steven Miller,Ivory Coast,CDM,Inter Milan,24,2002-02-06,Both,2028-04-03,2,313,30019,32,40,914.5,427.0,46.795,499.0,607.0,7.2,6,20,5,52.2,95.9,86.73,308.0,783.0,1271.0,94.0,756.0,72.12,246.0,14,985,70.4,136,11,"Ligament Damage, Muscle Injury, Concussion, Knee Injury, ACL Injury, Hamstring Injury, Groin Strain, Meniscus Tear, Fracture",2023-11-20,866.0,1.4,1,1,1,1,2.7,146,0,0.203,37402,0.262,0.528,0.21,14.56,268157,79.8,1,8.24,2353,2873,9260,41.61,48.96,46.86,3,Stable,0.1022364217252396,0.1277955271565495,72,0.2300319488817891,909.6666666666666,732.170731707317,3.0,12.26,7.5,53.35463258785943,4.693333333333333,71.33010594536991,0,Prime,17.664023071377077,0.161994,31.12185086774617,0.3366,19.748256,42.59612651757189,72.9808395604052,99.96744078284884,22-25,54,0.1,0.8,0.3,0.2,3.75,0.4,0.675,1,2,High,1.0,Very High,Likely (6 months)
PL0251,Steven Miller,Ivory Coast,CDM,Inter Milan,24,2002-02-06,Both,2028-04-03,2,313,30019,32,40,914.5,427.0,46.795,499.0,607.0,7.2,6,20,5,52.2,95.9,86.73,308.0,783.0,1271.0,94.0,756.0,72.12,246.0,14,985,70.4,136,11,"Ligament Damage, Muscle Injury, Concussion, Knee Injury, ACL Injury, Hamstring Injury, Groin Strain, Meniscus Tear, Fracture",2023-11-20,866.0,1.4,1,1,1,1,2.7,146,0,0.203,37402,0.262,0.528,0.21,14.56,268157,79.8,1,8.24,2353,2873,9260,46.47,60.98,123.38,5,Rising,0.1022364217252396,0.1277955271565495,72,0.2300319488817891,909.6666666666666,732.170731707317,3.0,12.26,7.5,53.35463258785943,4.693333333333333,79.66138003560056,0,Prime,31.22444587906176,0.161994,31.12185086774617,0.3366,19.748256,42.59612651757189,72.9808395604052,89.73272912907497,22-25,22,0.6,0.8,0.3,0.2,3.75,0.4,0.8500000000000001,1,3,Very High,1.0,Very High,Very Likely (now)
PL0251,Steven Miller,Ivory Coast,CDM,Inter Milan,24,2002-02-06,Both,2028-04-03,2,313,30019,32,40,914.5,427.0,46.795,499.0,607.0,7.2,6,20,5,52.2,95.9,86.73,308.0,783.0,1271.0,94.0,756.0,72.12,246.0,14,985,70.4,136,11,"Ligament Damage, Muscle Injury, Concussion, Knee Injury, ACL Injury, Hamstring Injury, Groin Strain, Meniscus Tear, Fracture",2023-11-20,866.0,1.4,1,1,1,1,2.7,146,0,0.077,13072,0.238,0.597,0.165,9.36,194502,60.9,1,8.13,6645,1670,11554,41.61,48.96,46.86,3,Stable,0.1022364217252396,0.1277955271565495,72,0.2300319488817891,909.6666666666666,732.170731707317,3.0,12.26,7.5,53.35463258785943,4.693333333333333,71.33010594536991,0,Prime,17.664023071377077,0.046893,6.831203484870304,0.2641,7.803984,42.451126517571886,36.4723684860914,99.62714507761532,22-25,49,0.1,0.8,0.3,0.2,3.75,0.4,0.675,1,2,High,1.0,Very High,Likely (6 months)
PL0251,Steven Miller,Ivory Coast,CDM,Inter Milan,24,2002-02-06,Both,2028-04-03,2,313,30019,32,40,914.5,427.0,46.795,499.0,607.0,7.2,6,20,5,52.2,95.9,86.73,308.0,783.0,1271.0,94.0,756.0,72.12,246.0,14,985,70.4,136,11,"Ligament Damage, Muscle Injury, Concussion, Knee Injury, ACL Injury, Hamstring Injury, Groin Strain, Meniscus Tear, Fracture",2023-11-20,866.0,1.4,1,1,1,1,2.7,146,0,0.077,13072,0.238,0.597,0.165,9.36,194502,60.9,1,8.13,6645,1670,11554,46.47,60.98,123.38,5,Rising,0.1022364217252396,0.1277955271565495,72,0.2300319488817891,909.6666666666666,732.170731707317,3.0,12.26,7.5,53.35463258785943,4.693333333333333,79.66138003560056,0,Prime,31.22444587906176,0.046893,6.831203484870304,0.2641,7.803984,42.451126517571886,36.4723684860914,89.42727305155232,22-25,33,0.3,0.8,0.3,0.2,3.75,0.4,0.7450000000000001,1,3,Very High,1.0,Very High,Very Likely (now)
PL0251,Steven Miller,Ivory Coast,CDM,Inter Milan,24,2002-02-06,Both,2028-04-03,2,313,30019,32,40,914.5,427.0,46.795,499.0,607.0,7.2,6,20,5,52.2,95.9,86.73,308.0,783.0,1271.0,94.0,756.0,72.12,246.0,12,1214,101.2,178,8,"Concussion, Calf Injury, Knee Injury, ACL Injury, Hamstring Injury, Groin Strain, Back Injury, Achilles Injury, Meniscus Tear, Fracture",2025-09-11,205.0,1.2,1,1,1,1,3.33,220,0,0.203,37402,0.262,0.528,0.21,14.56,268157,79.8,1,8.24,2353,2873,9260,41.61,48.96,46.86,3,Stable,0.1022364217252396,0.1277955271565495,72,0.2300319488817891,909.6666666666666,732.170731707317,3.0,12.26,7.73,29.712460063897765,7.784615384615384,71.33010594536991,0,Prime,17.664023071377077,0.161994,31.12185086774617,0.3366,19.748256,37.86769201277956,70.15662230800902,88.87043420037446,22-25,35,0.3,0.8,0.3,0.2,3.865,0.4,0.7565000000000002,1,3,Very High,1.0,Very High,Very Likely (now)
PL0251,Steven Miller,Ivory Coast,CDM,Inter Milan,24,2002-02-06,Both,2028-04-03,2,313,30019,32,40,914.5,427.0,46.795,499.0,607.0,7.2,6,20,5,52.2,95.9,86.73,308.0,783.0,1271.0,94.0,756.0,72.12,246.0,12,1214,101.2,178,8,"Concussion, Calf Injury, Knee Injury, ACL Injury, Hamstring Injury, Groin Strain, Back Injury, Achilles Injury, Meniscus Tear, Fracture",2025-09-11,205.0,1.2,1,1,1,1,3.33,220,0,0.203,37402,0.262,0.528,0.21,14.56,268157,79.8,1,8.24,2353,2873,9260,46.47,60.98,123.38,5,Rising,0.1022364217252396,0.1277955271565495,72,0.2300319488817891,909.6666666666666,732.170731707317,3.0,12.26,7.73,29.712460063897765,7.784615384615384,79.66138003560056,0,Prime,31.22444587906176,0.161994,31.12185086774617,0.3366,19.748256,37.86769201277956,70.15662230800902,79.77183908316738,22-25,34,0.3,0.8,0.3,0.2,3.865,0.4,0.7565000000000002,1,3,Very High,1.0,Very High,Very Likely (now)
PL0251,Steven Miller,Ivory Coast,CDM,Inter Milan,24,2002-02-06,Both,2028-04-03,2,313,30019,32,40,914.5,427.0,46.795,499.0,607.0,7.2,6,20,5,52.2,95.9,86.73,308.0,783.0,1271.0,94.0,756.0,72.12,246.0,12,1214,101.2,178,8,"Concussion, Calf Injury, Knee Injury, ACL Injury, Hamstring Injury, Groin Strain, Back Injury, Achilles Injury, Meniscus Tear, Fracture",2025-09-11,205.0,1.2,1,1,1,1,3.33,220,0,0.077,13072,0.238,0.597,0.165,9.36,194502,60.9,1,8.13,6645,1670,11554,41.61,48.96,46.86,3,Stable,0.1022364217252396,0.1277955271565495,72,0.2300319488817891,909.6666666666666,732.170731707317,3.0,12.26,7.73,29.712460063897765,7.784615384615384,71.33010594536991,0,Prime,17.664023071377077,0.046893,6.831203484870304,0.2641,7.803984,37.722692012779554,33.64815123369523,88.53013849514095,22-25,51,0.1,0.8,0.3,0.2,3.865,0.4,0.6865000000000001,1,2,High,1.0,Very High,Likely (6 months)
PL0251,Steven Miller,Ivory Coast,CDM,Inter Milan,24,2002-02-06,Both,2028-04-03,2,313,30019,32,40,914.5,427.0,46.795,499.0,607.0,7.2,6,20,5,52.2,95.9,86.73,308.0,783.0,1271.0,94.0,756.0,72.12,246.0,12,1214,101.2,178,8,"Concussion, Calf Injury, Knee Injury, ACL Injury, Hamstring Injury, Groin Strain, Back Injury, Achilles Injury, Meniscus Tear, Fracture",2025-09-11,205.0,1.2,1,1,1,1,3.33,220,0,0.077,13072,0.238,0.597,0.165,9.36,194502,60.9,1,8.13,6645,1670,11554,46.47,60.98,123.38,5,Rising,0.1022364217252396,0.1277955271565495,72,0.2300319488817891,909.6666666666666,732.170731707317,3.0,12.26,7.73,29.712460063897765,7.784615384615384,79.66138003560056,0,Prime,31.22444587906176,0.046893,6.831203484870304,0.2641,7.803984,37.722692012779554,33.64815123369523,79.46638300564473,22-25,58,0.1,0.8,0.3,0.2,3.865,0.4,0.6865000000000001,1,2,High,1.0,Very High,Likely (6 months)
PL0252,Javier Johnson,Iran,LW,Marseille,20,2006-01-14,Right,2030-04-03,4,201,28927,27,49,914.5,427.0,46.795,425.0,459.0,6.9,5,41,1,40.2,143.9,83.27,835.0,783.0,1868.0,94.0,756.0,72.12,246.0,7,629,89.9,153,22,"Muscle Injury, Shoulder Injury, Calf Injury, Knee Injury, Groin Strain",2024-07-14,629.0,0.7,1,0,0,0,1.72,145,0,0.098,4873,0.082,0.563,0.356,10.66,63240,67.1,1,6.34,8052,3608,7865,30.87,34.7,55.09,5,Rising,0.1343283582089552,0.2437810945273631,76,0.3781094527363184,1033.107142857143,578.54,4.9,9.02,3.12,27.860696517412933,11.2375,105.83803751663392,0,Emerging,12.40686750890833,0.065758,8.871078060248545,0.2146,2.743499,35.405339303482585,44.769286742114105,111.0930006384769,18-21,11,1.0,0.3,0.1,0.2,1.56,0.7,0.6709999999999999,1,2,High,1.0,Very High,Likely (6 months)
PL0252,Javier Johnson,Iran,LW,Marseille,20,2006-01-14,Right,2030-04-03,4,201,28927,27,49,914.5,427.0,46.795,425.0,459.0,6.9,5,41,1,40.2,143.9,83.27,835.0,783.0,1868.0,94.0,756.0,72.12,246.0,7,629,89.9,153,22,"Muscle Injury, Shoulder Injury, Calf Injury, Knee Injury, Groin Strain",2024-07-14,629.0,0.7,1,0,0,0,1.72,145,0,0.098,4873,0.082,0.563,0.356,10.66,63240,67.1,1,6.34,8052,3608,7865,56.8,63.76,70.86,4,Rising,0.1343283582089552,0.2437810945273631,76,0.3781094527363184,1033.107142857143,578.54,4.9,9.02,3.12,27.860696517412933,11.2375,194.7392462243216,0,Emerging,12.253521126760566,0.065758,8.871078060248545,0.2146,2.743499,35.405339303482585,44.769286742114105,61.25491228976227,18-21,40,0.1,0.3,0.6,0.2,1.56,0.7,0.43100000000000005,0,1,Medium,0.0,Low,Possible (1 year)
PL0252,Javier Johnson,Iran,LW,Marseille,20,2006-01-14,Right,2030-04-03,4,201,28927,27,49,914.5,427.0,46.795,425.0,459.0,6.9,5,41,1,40.2,143.9,83.27,835.0,783.0,1868.0,94.0,756.0,72.12,246.0,7,629,89.9,153,22,"Muscle Injury, Shoulder Injury, Calf Injury, Knee Injury, Groin Strain",2024-07-14,629.0,0.7,1,0,0,0,1.72,145,0,0.207,34875,0.337,0.415,0.248,2.92,460437,1.1,1,3.93,9583,2986,2590,30.87,34.7,55.09,5,Rising,0.1343283582089552,0.2437810945273631,76,0.3781094527363184,1033.107142857143,578.54,4.9,9.02,3.12,27.860696517412933,11.2375,105.83803751663392,0,Emerging,12.40686750890833,0.002277,6.322172936143535,0.3402,14.473125,35.65653930348258,41.07152905595659,111.88120270938995,18-21,46,0.1,0.3,0.1,0.2,1.56,0.7,0.35600000000000004,0,1,Medium,0.0,Low,Possible (1 year)
PL0252,Javier Johnson,Iran,LW,Marseille,20,2006-01-14,Right,2030-04-03,4,201,28927,27,49,914.5,427.0,46.795,425.0,459.0,6.9,5,41,1,40.2,143.9,83.27,835.0,783.0,1868.0,94.0,756.0,72.12,246.0,7,629,89.9,153,22,"Muscle Injury, Shoulder Injury, Calf Injury, Knee Injury, Groin Strain",2024-07-14,629.0,0.7,1,0,0,0,1.72,145,0,0.207,34875,0.337,0.415,0.248,2.92,460437,1.1,1,3.93,9583,2986,2590,56.8,63.76,70.86,4,Rising,0.1343283582089552,0.2437810945273631,76,0.3781094527363184,1033.107142857143,578.54,4.9,9.02,3.12,27.860696517412933,11.2375,194.7392462243216,0,Emerging,12.253521126760566,0.002277,6.322172936143535,0.3402,14.473125,35.65653930348258,41.07152905595659,61.68951436588682,18-21,42,0.1,0.3,0.6,0.2,1.56,0.7,0.43100000000000005,0,1,Medium,0.0,Low,Possible (1 year)
PL0252,Javier Johnson,Iran,LW,Marseille,20,2006-01-14,Right,2030-04-03,4,201,28927,27,49,914.5,427.0,46.795,425.0,459.0,6.9,5,41,1,40.2,143.9,83.27,835.0,783.0,1868.0,94.0,756.0,72.12,246.0,2,174,87.0,161,13,"Muscle Injury, Ligament Damage",2023-07-08,1001.0,0.2,0,0,0,0,0.48,31,0,0.098,4873,0.082,0.563,0.356,10.66,63240,67.1,1,6.34,8052,3608,7865,30.87,34.7,55.09,5,Rising,0.1343283582089552,0.2437810945273631,76,0.3781094527363184,1033.107142857143,578.54,4.9,9.02,0.88,84.57711442786069,29.0,105.83803751663392,0,Emerging,12.40686750890833,0.065758,8.871078060248545,0.2146,2.743499,46.74862288557214,54.920928533158886,146.6853557752499,18-21,29,0.3,0.3,0.1,0.2,0.44,0.7,0.314,0,0,Low,0.0,Low,Unlikely
PL0252,Javier Johnson,Iran,LW,Marseille,20,2006-01-14,Right,2030-04-03,4,201,28927,27,49,914.5,427.0,46.795,425.0,459.0,6.9,5,41,1,40.2,143.9,83.27,835.0,783.0,1868.0,94.0,756.0,72.12,246.0,2,174,87.0,161,13,"Muscle Injury, Ligament Damage",2023-07-08,1001.0,0.2,0,0,0,0,0.48,31,0,0.098,4873,0.082,0.563,0.356,10.66,63240,67.1,1,6.34,8052,3608,7865,56.8,63.76,70.86,4,Rising,0.1343283582089552,0.2437810945273631,76,0.3781094527363184,1033.107142857143,578.54,4.9,9.02,0.88,84.57711442786069,29.0,194.7392462243216,0,Emerging,12.253521126760566,0.065758,8.871078060248545,0.2146,2.743499,46.74862288557214,54.920928533158886,80.87997039026322,18-21,34,0.3,0.3,0.6,0.2,0.44,0.7,0.389,0,1,Medium,0.0,Low,Possible (1 year)
PL0252,Javier Johnson,Iran,LW,Marseille,20,2006-01-14,Right,2030-04-03,4,201,28927,27,49,914.5,427.0,46.795,425.0,459.0,6.9,5,41,1,40.2,143.9,83.27,835.0,783.0,1868.0,94.0,756.0,72.12,246.0,2,174,87.0,161,13,"Muscle Injury, Ligament Damage",2023-07-08,1001.0,0.2,0,0,0,0,0.48,31,0,0.207,34875,0.337,0.415,0.248,2.92,460437,1.1,1,3.93,9583,2986,2590,30.87,34.7,55.09,5,Rising,0.1343283582089552,0.2437810945273631,76,0.3781094527363184,1033.107142857143,578.54,4.9,9.02,0.88,84.57711442786069,29.0,105.83803751663392,0,Emerging,12.40686750890833,0.002277,6.322172936143535,0.3402,14.473125,46.99982288557214,51.22317084700137,147.47355784616298,18-21,54,0.1,0.3,0.1,0.2,0.44,0.7,0.244,0,0,Low,0.0,Low,Unlikely
PL0252,Javier Johnson,Iran,LW,Marseille,20,2006-01-14,Right,2030-04-03,4,201,28927,27,49,914.5,427.0,46.795,425.0,459.0,6.9,5,41,1,40.2,143.9,83.27,835.0,783.0,1868.0,94.0,756.0,72.12,246.0,2,174,87.0,161,13,"Muscle Injury, Ligament Damage",2023-07-08,1001.0,0.2,0,0,0,0,0.48,31,0,0.207,34875,0.337,0.415,0.248,2.92,460437,1.1,1,3.93,9583,2986,2590,56.8,63.76,70.86,4,Rising,0.1343283582089552,0.2437810945273631,76,0.3781094527363184,1033.107142857143,578.54,4.9,9.02,0.88,84.57711442786069,29.0,194.7392462243216,0,Emerging,12.253521126760566,0.002277,6.322172936143535,0.3402,14.473125,46.99982288557214,51.22317084700137,81.31457246638777,18-21,51,0.1,0.3,0.6,0.2,0.44,0.7,0.319,0,0,Low,0.0,Low,Unlikely
PL0252,Javier Johnson,Iran,LW,Marseille,20,2006-01-14,Right,2030-04-03,4,221,36791,250,76,425.0,364.0,41.38,788.0,669.0,7.09,2,68,0,110.5,166.5,85.79,643.0,783.0,1271.0,94.0,756.0,72.12,246.0,7,629,89.9,153,22,"Muscle Injury, Shoulder Injury, Calf Injury, Knee Injury, Groin Strain",2024-07-14,629.0,0.7,1,0,0,0,1.72,145,0,0.098,4873,0.082,0.563,0.356,10.66,63240,67.1,1,6.34,8052,3608,7865,30.87,34.7,55.09,5,Rising,1.1312217194570136,0.3438914027149321,326,1.4751131221719458,146.5776892430279,477.8051948051948,3.2,6.42,3.12,34.38914027149322,11.2375,105.83803751663392,0,Emerging,12.40686750890833,0.065758,8.871078060248545,0.2146,2.743499,36.95102805429865,45.54213111752214,115.94298103011812,18-21,58,0.1,0.3,0.1,0.2,1.56,0.7,0.35600000000000004,0,1,Medium,0.0,Low,Possible (1 year)
PL0252,Javier Johnson,Iran,LW,Marseille,20,2006-01-14,Right,2030-04-03,4,221,36791,250,76,425.0,364.0,41.38,788.0,669.0,7.09,2,68,0,110.5,166.5,85.79,643.0,783.0,1271.0,94.0,756.0,72.12,246.0,7,629,89.9,153,22,"Muscle Injury, Shoulder Injury, Calf Injury, Knee Injury, Groin Strain",2024-07-14,629.0,0.7,1,0,0,0,1.72,145,0,0.098,4873,0.082,0.563,0.356,10.66,63240,67.1,1,6.34,8052,3608,7865,56.8,63.76,70.86,4,Rising,1.1312217194570136,0.3438914027149321,326,1.4751131221719458,146.5776892430279,477.8051948051948,3.2,6.42,3.12,34.38914027149322,11.2375,194.7392462243216,0,Emerging,12.253521126760566,0.065758,8.871078060248545,0.2146,2.743499,36.95102805429865,45.54213111752214,63.92911428079351,18-21,36,0.3,0.3,0.6,0.2,1.56,0.7,0.501,0,1,Medium,0.0,Low,Possible (1 year)
PL0252,Javier Johnson,Iran,LW,Marseille,20,2006-01-14,Right,2030-04-03,4,221,36791,250,76,425.0,364.0,41.38,788.0,669.0,7.09,2,68,0,110.5,166.5,85.79,643.0,783.0,1271.0,94.0,756.0,72.12,246.0,7,629,89.9,153,22,"Muscle Injury, Shoulder Injury, Calf Injury, Knee Injury, Groin Strain",2024-07-14,629.0,0.7,1,0,0,0,1.72,145,0,0.207,34875,0.337,0.415,0.248,2.92,460437,1.1,1,3.93,9583,2986,2590,30.87,34.7,55.09,5,Rising,1.1312217194570136,0.3438914027149321,326,1.4751131221719458,146.5776892430279,477.8051948051948,3.2,6.42,3.12,34.38914027149322,11.2375,105.83803751663392,0,Emerging,12.40686750890833,0.002277,6.322172936143535,0.3402,14.473125,37.20222805429864,41.84437343136462,116.7311831010312,18-21,40,0.1,0.3,0.1,0.2,1.56,0.7,0.35600000000000004,0,1,Medium,0.0,Low,Possible (1 year)
PL0252,Javier Johnson,Iran,LW,Marseille,20,2006-01-14,Right,2030-04-03,4,221,36791,250,76,425.0,364.0,41.38,788.0,669.0,7.09,2,68,0,110.5,166.5,85.79,643.0,783.0,1271.0,94.0,756.0,72.12,246.0,7,629,89.9,153,22,"Muscle Injury, Shoulder Injury, Calf Injury, Knee Injury, Groin Strain",2024-07-14,629.0,0.7,1,0,0,0,1.72,145,0,0.207,34875,0.337,0.415,0.248,2.92,460437,1.1,1,3.93,9583,2986,2590,56.8,63.76,70.86,4,Rising,1.1312217194570136,0.3438914027149321,326,1.4751131221719458,146.5776892430279,477.8051948051948,3.2,6.42,3.12,34.38914027149322,11.2375,194.7392462243216,0,Emerging,12.253521126760566,0.002277,6.322172936143535,0.3402,14.473125,37.20222805429864,41.84437343136462,64.36371635691808,18-21,38,0.1,0.3,0.6,0.2,1.56,0.7,0.43100000000000005,0,1,Medium,0.0,Low,Possible (1 year)
PL0252,Javier Johnson,Iran,LW,Marseille,20,2006-01-14,Right,2030-04-03,4,221,36791,250,76,425.0,364.0,41.38,788.0,669.0,7.09,2,68,0,110.5,166.5,85.79,643.0,783.0,1271.0,94.0,756.0,72.12,246.0,2,174,87.0,161,13,"Muscle Injury, Ligament Damage",2023-07-08,1001.0,0.2,0,0,0,0,0.48,31,0,0.098,4873,0.082,0.563,0.356,10.66,63240,67.1,1,6.34,8052,3608,7865,30.87,34.7,55.09,5,Rising,1.1312217194570136,0.3438914027149321,326,1.4751131221719458,146.5776892430279,477.8051948051948,3.2,6.42,0.88,85.97285067873304,29.0,105.83803751663392,0,Emerging,12.40686750890833,0.065758,8.871078060248545,0.2146,2.743499,47.26777013574661,55.18050215824612,148.31430855270352,18-21,57,0.1,0.3,0.1,0.2,0.44,0.7,0.244,0,0,Low,0.0,Low,Unlikely
PL0252,Javier Johnson,Iran,LW,Marseille,20,2006-01-14,Right,2030-04-03,4,221,36791,250,76,425.0,364.0,41.38,788.0,669.0,7.09,2,68,0,110.5,166.5,85.79,643.0,783.0,1271.0,94.0,756.0,72.12,246.0,2,174,87.0,161,13,"Muscle Injury, Ligament Damage",2023-07-08,1001.0,0.2,0,0,0,0,0.48,31,0,0.098,4873,0.082,0.563,0.356,10.66,63240,67.1,1,6.34,8052,3608,7865,56.8,63.76,70.86,4,Rising,1.1312217194570136,0.3438914027149321,326,1.4751131221719458,146.5776892430279,477.8051948051948,3.2,6.42,0.88,85.97285067873304,29.0,194.7392462243216,0,Emerging,12.253521126760566,0.065758,8.871078060248545,0.2146,2.743499,47.26777013574661,55.18050215824612,81.77814902378306,18-21,26,0.3,0.3,0.6,0.2,0.44,0.7,0.389,0,1,Medium,0.0,Low,Possible (1 year)
PL0252,Javier Johnson,Iran,LW,Marseille,20,2006-01-14,Right,2030-04-03,4,221,36791,250,76,425.0,364.0,41.38,788.0,669.0,7.09,2,68,0,110.5,166.5,85.79,643.0,783.0,1271.0,94.0,756.0,72.12,246.0,2,174,87.0,161,13,"Muscle Injury, Ligament Damage",2023-07-08,1001.0,0.2,0,0,0,0,0.48,31,0,0.207,34875,0.337,0.415,0.248,2.92,460437,1.1,1,3.93,9583,2986,2590,30.87,34.7,55.09,5,Rising,1.1312217194570136,0.3438914027149321,326,1.4751131221719458,146.5776892430279,477.8051948051948,3.2,6.42,0.88,85.97285067873304,29.0,105.83803751663392,0,Emerging,12.40686750890833,0.002277,6.322172936143535,0.3402,14.473125,47.518970135746606,51.482744472088605,149.10251062361658,18-21,37,0.1,0.3,0.1,0.2,0.44,0.7,0.244,0,0,Low,0.0,Low,Unlikely
PL0252,Javier Johnson,Iran,LW,Marseille,20,2006-01-14,Right,2030-04-03,4,221,36791,250,76,425.0,364.0,41.38,788.0,669.0,7.09,2,68,0,110.5,166.5,85.79,643.0,783.0,1271.0,94.0,756.0,72.12,246.0,2,174,87.0,161,13,"Muscle Injury, Ligament Damage",2023-07-08,1001.0,0.2,0,0,0,0,0.48,31,0,0.207,34875,0.337,0.415,0.248,2.92,460437,1.1,1,3.93,9583,2986,2590,56.8,63.76,70.86,4,Rising,1.1312217194570136,0.3438914027149321,326,1.4751131221719458,146.5776892430279,477.8051948051948,3.2,6.42,0.88,85.97285067873304,29.0,194.7392462243216,0,Emerging,12.253521126760566,0.002277,6.322172936143535,0.3402,14.473125,47.518970135746606,51.482744472088605,82.21275109990763,18-21,28,0.3,0.3,0.6,0.2,0.44,0.7,0.389,0,1,Medium,0.0,Low,Possible (1 year)
PL0253,Daniel Wagner,Switzerland,GK,Borussia Dortmund,20,2006-01-08,Left,2029-04-03,3,368,19510,111,122,673.0,609.0,50.47,489.0,584.0,7.47,4,78,1,92.0,53.0,85.79,643.0,783.0,1271.0,94.0,756.0,72.12,246.0,4,298,74.5,103,21,"Groin Strain, Knee Injury, Concussion, Meniscus Tear",2024-06-18,655.0,0.4,1,0,0,1,0.82,71,0,0.4,31074,0.324,0.399,0.277,12.46,234263,92.8,0,6.19,6347,1620,5652,72.66,88.59,93.98,2,Rising,0.3016304347826087,0.3315217391304347,233,0.6331521739130435,174.19642857142858,158.6178861788618,1.1999999999999993,11.36,1.62,80.70652173913044,14.9,186.83653561609867,0,Emerging,21.924029727497945,0.3712,51.55528803923251,0.4393000000000001,0.0,49.17190434782609,100.0,66.75523261991053,18-21,38,0.1,0.3,0.9,0.2,0.81,0.3,0.361,0,1,Medium,0.0,Low,Possible (1 year)
PL0253,Daniel Wagner,Switzerland,GK,Borussia Dortmund,20,2006-01-08,Left,2029-04-03,3,368,19510,111,122,673.0,609.0,50.47,489.0,584.0,7.47,4,78,1,92.0,53.0,85.79,643.0,783.0,1271.0,94.0,756.0,72.12,246.0,4,298,74.5,103,21,"Groin Strain, Knee Injury, Concussion, Meniscus Tear",2024-06-18,655.0,0.4,1,0,0,1,0.82,71,0,0.4,31074,0.324,0.399,0.277,12.46,234263,92.8,0,6.19,6347,1620,5652,13.92,17.68,5.36,1,Rising,0.3016304347826087,0.3315217391304347,233,0.6331521739130435,174.19642857142858,158.6178861788618,1.1999999999999993,11.36,1.62,80.70652173913044,14.9,35.79362201728728,0,Emerging,27.011494252873565,0.3712,51.55528803923251,0.4393000000000001,0.0,49.17190434782609,100.0,329.57040447604624,18-21,8,1.0,0.3,0.1,0.2,0.81,0.3,0.556,1,2,High,0.999,Very High,Likely (6 months)
PL0253,Daniel Wagner,Switzerland,GK,Borussia Dortmund,20,2006-01-08,Left,2029-04-03,3,368,19510,111,122,673.0,609.0,50.47,489.0,584.0,7.47,4,78,1,92.0,53.0,85.79,643.0,783.0,1271.0,94.0,756.0,72.12,246.0,4,298,74.5,103,21,"Groin Strain, Knee Injury, Concussion, Meniscus Tear",2024-06-18,655.0,0.4,1,0,0,1,0.82,71,0,0.412,10591,0.344,0.348,0.308,11.73,78831,37.1,0,4.0,1751,1656,6390,72.66,88.59,93.98,2,Rising,0.3016304347826087,0.3315217391304347,233,0.6331521739130435,174.19642857142858,158.6178861788618,1.1999999999999993,11.36,1.62,80.70652173913044,14.9,186.83653561609867,0,Emerging,21.924029727497945,0.152852,44.78931544140166,0.4384,0.0,49.1701043478261,100.0,66.75278895985079,18-21,23,0.6,0.3,0.9,0.2,0.81,0.3,0.536,0,1,Medium,0.006,Low,Possible (1 year)
PL0253,Daniel Wagner,Switzerland,GK,Borussia Dortmund,20,2006-01-08,Left,2029-04-03,3,368,19510,111,122,673.0,609.0,50.47,489.0,584.0,7.47,4,78,1,92.0,53.0,85.79,643.0,783.0,1271.0,94.0,756.0,72.12,246.0,4,298,74.5,103,21,"Groin Strain, Knee Injury, Concussion, Meniscus Tear",2024-06-18,655.0,0.4,1,0,0,1,0.82,71,0,0.412,10591,0.344,0.348,0.308,11.73,78831,37.1,0,4.0,1751,1656,6390,13.92,17.68,5.36,1,Rising,0.3016304347826087,0.3315217391304347,233,0.6331521739130435,174.19642857142858,158.6178861788618,1.1999999999999993,11.36,1.62,80.70652173913044,14.9,35.79362201728728,0,Emerging,27.011494252873565,0.152852,44.78931544140166,0.4384,0.0,49.1701043478261,100.0,329.5583401328827,18-21,30,0.3,0.3,0.1,0.2,0.81,0.3,0.31100000000000005,0,0,Low,0.0,Low,Unlikely
PL0253,Daniel Wagner,Switzerland,GK,Borussia Dortmund,20,2006-01-08,Left,2029-04-03,3,368,19510,111,122,673.0,609.0,50.47,489.0,584.0,7.47,4,78,1,92.0,53.0,85.79,643.0,783.0,1271.0,94.0,756.0,72.12,246.0,3,259,86.3,161,43,"Groin Strain, Fracture, ACL Injury",2025-07-06,272.0,0.3,0,0,1,1,0.71,43,0,0.4,31074,0.324,0.399,0.277,12.46,234263,92.8,0,6.19,6347,1620,5652,72.66,88.59,93.98,2,Rising,0.3016304347826087,0.3315217391304347,233,0.6331521739130435,174.19642857142858,158.6178861788618,1.1999999999999993,11.36,3.31,88.31521739130434,21.575,186.83653561609867,0,Emerging,21.924029727497945,0.3712,51.55528803923251,0.4393000000000001,0.0,50.69364347826088,100.0,68.82112880567591,18-21,47,0.1,0.3,0.9,0.2,1.655,0.3,0.4455,0,1,Medium,0.0,Low,Possible (1 year)
PL0253,Daniel Wagner,Switzerland,GK,Borussia Dortmund,20,2006-01-08,Left,2029-04-03,3,368,19510,111,122,673.0,609.0,50.47,489.0,584.0,7.47,4,78,1,92.0,53.0,85.79,643.0,783.0,1271.0,94.0,756.0,72.12,246.0,3,259,86.3,161,43,"Groin Strain, Fracture, ACL Injury",2025-07-06,272.0,0.3,0,0,1,1,0.71,43,0,0.4,31074,0.324,0.399,0.277,12.46,234263,92.8,0,6.19,6347,1620,5652,13.92,17.68,5.36,1,Rising,0.3016304347826087,0.3315217391304347,233,0.6331521739130435,174.19642857142858,158.6178861788618,1.1999999999999993,11.36,3.31,88.31521739130434,21.575,35.79362201728728,0,Emerging,27.011494252873565,0.3712,51.55528803923251,0.4393000000000001,0.0,50.69364347826088,100.0,339.76972840657425,18-21,36,0.3,0.3,0.1,0.2,1.655,0.3,0.3955000000000001,0,1,Medium,0.0,Low,Possible (1 year)
PL0253,Daniel Wagner,Switzerland,GK,Borussia Dortmund,20,2006-01-08,Left,2029-04-03,3,368,19510,111,122,673.0,609.0,50.47,489.0,584.0,7.47,4,78,1,92.0,53.0,85.79,643.0,783.0,1271.0,94.0,756.0,72.12,246.0,3,259,86.3,161,43,"Groin Strain, Fracture, ACL Injury",2025-07-06,272.0,0.3,0,0,1,1,0.71,43,0,0.412,10591,0.344,0.348,0.308,11.73,78831,37.1,0,4.0,1751,1656,6390,72.66,88.59,93.98,2,Rising,0.3016304347826087,0.3315217391304347,233,0.6331521739130435,174.19642857142858,158.6178861788618,1.1999999999999993,11.36,3.31,88.31521739130434,21.575,186.83653561609867,0,Emerging,21.924029727497945,0.152852,44.78931544140166,0.4384,0.0,50.69184347826088,100.0,68.81868514561619,18-21,59,0.1,0.3,0.9,0.2,1.655,0.3,0.4455,0,1,Medium,0.0,Low,Possible (1 year)
PL0253,Daniel Wagner,Switzerland,GK,Borussia Dortmund,20,2006-01-08,Left,2029-04-03,3,368,19510,111,122,673.0,609.0,50.47,489.0,584.0,7.47,4,78,1,92.0,53.0,85.79,643.0,783.0,1271.0,94.0,756.0,72.12,246.0,3,259,86.3,161,43,"Groin Strain, Fracture, ACL Injury",2025-07-06,272.0,0.3,0,0,1,1,0.71,43,0,0.412,10591,0.344,0.348,0.308,11.73,78831,37.1,0,4.0,1751,1656,6390,13.92,17.68,5.36,1,Rising,0.3016304347826087,0.3315217391304347,233,0.6331521739130435,174.19642857142858,158.6178861788618,1.1999999999999993,11.36,3.31,88.31521739130434,21.575,35.79362201728728,0,Emerging,27.011494252873565,0.152852,44.78931544140166,0.4384,0.0,50.69184347826088,100.0,339.7576640634107,18-21,8,1.0,0.3,0.1,0.2,1.655,0.3,0.6405000000000001,1,2,High,1.0,Very High,Likely (6 months)
PL0253,Daniel Wagner,Switzerland,GK,Borussia Dortmund,20,2006-01-08,Left,2029-04-03,3,274,34924,2,3,914.5,427.0,46.795,425.0,459.0,6.54,2,24,7,137.0,127.5,85.79,643.0,783.0,1271.0,94.0,1189.0,65.93,317.0,4,298,74.5,103,21,"Groin Strain, Knee Injury, Concussion, Meniscus Tear",2024-06-18,655.0,0.4,1,0,0,1,0.82,71,0,0.4,31074,0.324,0.399,0.277,12.46,234263,92.8,0,6.19,6347,1620,5652,72.66,88.59,93.98,2,Rising,0.0072992700729927,0.010948905109489,5,0.0182481751824817,11641.333333333334,8731.0,0.5999999999999996,7.48,1.62,74.08759124087591,14.9,186.83653561609867,0,Emerging,21.924029727497945,0.3712,51.55528803923251,0.4393000000000001,0.0,43.35211824817518,100.0,58.85435548218189,18-21,45,0.1,0.3,0.9,0.2,0.81,0.3,0.361,0,1,Medium,0.0,Low,Possible (1 year)
PL0253,Daniel Wagner,Switzerland,GK,Borussia Dortmund,20,2006-01-08,Left,2029-04-03,3,274,34924,2,3,914.5,427.0,46.795,425.0,459.0,6.54,2,24,7,137.0,127.5,85.79,643.0,783.0,1271.0,94.0,1189.0,65.93,317.0,4,298,74.5,103,21,"Groin Strain, Knee Injury, Concussion, Meniscus Tear",2024-06-18,655.0,0.4,1,0,0,1,0.82,71,0,0.4,31074,0.324,0.399,0.277,12.46,234263,92.8,0,6.19,6347,1620,5652,13.92,17.68,5.36,1,Rising,0.0072992700729927,0.010948905109489,5,0.0182481751824817,11641.333333333334,8731.0,0.5999999999999996,7.48,1.62,74.08759124087591,14.9,35.79362201728728,0,Emerging,27.011494252873565,0.3712,51.55528803923251,0.4393000000000001,0.0,43.35211824817518,100.0,290.5637952290561,18-21,51,0.1,0.3,0.1,0.2,0.81,0.3,0.24100000000000002,0,0,Low,0.0,Low,Unlikely
PL0253,Daniel Wagner,Switzerland,GK,Borussia Dortmund,20,2006-01-08,Left,2029-04-03,3,274,34924,2,3,914.5,427.0,46.795,425.0,459.0,6.54,2,24,7,137.0,127.5,85.79,643.0,783.0,1271.0,94.0,1189.0,65.93,317.0,4,298,74.5,103,21,"Groin Strain, Knee Injury, Concussion, Meniscus Tear",2024-06-18,655.0,0.4,1,0,0,1,0.82,71,0,0.412,10591,0.344,0.348,0.308,11.73,78831,37.1,0,4.0,1751,1656,6390,72.66,88.59,93.98,2,Rising,0.0072992700729927,0.010948905109489,5,0.0182481751824817,11641.333333333334,8731.0,0.5999999999999996,7.48,1.62,74.08759124087591,14.9,186.83653561609867,0,Emerging,21.924029727497945,0.152852,44.78931544140166,0.4384,0.0,43.35031824817519,100.0,58.85191182212216,18-21,29,0.3,0.3,0.9,0.2,0.81,0.3,0.43100000000000005,0,1,Medium,0.0,Low,Possible (1 year)
PL0253,Daniel Wagner,Switzerland,GK,Borussia Dortmund,20,2006-01-08,Left,2029-04-03,3,274,34924,2,3,914.5,427.0,46.795,425.0,459.0,6.54,2,24,7,137.0,127.5,85.79,643.0,783.0,1271.0,94.0,1189.0,65.93,317.0,4,298,74.5,103,21,"Groin Strain, Knee Injury, Concussion, Meniscus Tear",2024-06-18,655.0,0.4,1,0,0,1,0.82,71,0,0.412,10591,0.344,0.348,0.308,11.73,78831,37.1,0,4.0,1751,1656,6390,13.92,17.68,5.36,1,Rising,0.0072992700729927,0.010948905109489,5,0.0182481751824817,11641.333333333334,8731.0,0.5999999999999996,7.48,1.62,74.08759124087591,14.9,35.79362201728728,0,Emerging,27.011494252873565,0.152852,44.78931544140166,0.4384,0.0,43.35031824817519,100.0,290.55173088589265,18-21,55,0.1,0.3,0.1,0.2,0.81,0.3,0.24100000000000002,0,0,Low,0.0,Low,Unlikely
PL0253,Daniel Wagner,Switzerland,GK,Borussia Dortmund,20,2006-01-08,Left,2029-04-03,3,274,34924,2,3,914.5,427.0,46.795,425.0,459.0,6.54,2,24,7,137.0,127.5,85.79,643.0,783.0,1271.0,94.0,1189.0,65.93,317.0,3,259,86.3,161,43,"Groin Strain, Fracture, ACL Injury",2025-07-06,272.0,0.3,0,0,1,1,0.71,43,0,0.4,31074,0.324,0.399,0.277,12.46,234263,92.8,0,6.19,6347,1620,5652,72.66,88.59,93.98,2,Rising,0.0072992700729927,0.010948905109489,5,0.0182481751824817,11641.333333333334,8731.0,0.5999999999999996,7.48,3.31,84.30656934306569,21.575,186.83653561609867,0,Emerging,21.924029727497945,0.3712,51.55528803923251,0.4393000000000001,0.0,45.39591386861314,100.0,61.62898977547264,18-21,37,0.1,0.3,0.9,0.2,1.655,0.3,0.4455,0,1,Medium,0.0,Low,Possible (1 year)
PL0253,Daniel Wagner,Switzerland,GK,Borussia Dortmund,20,2006-01-08,Left,2029-04-03,3,274,34924,2,3,914.5,427.0,46.795,425.0,459.0,6.54,2,24,7,137.0,127.5,85.79,643.0,783.0,1271.0,94.0,1189.0,65.93,317.0,3,259,86.3,161,43,"Groin Strain, Fracture, ACL Injury",2025-07-06,272.0,0.3,0,0,1,1,0.71,43,0,0.4,31074,0.324,0.399,0.277,12.46,234263,92.8,0,6.19,6347,1620,5652,13.92,17.68,5.36,1,Rising,0.0072992700729927,0.010948905109489,5,0.0182481751824817,11641.333333333334,8731.0,0.5999999999999996,7.48,3.31,84.30656934306569,21.575,35.79362201728728,0,Emerging,27.011494252873565,0.3712,51.55528803923251,0.4393000000000001,0.0,45.39591386861314,100.0,304.26215729633475,18-21,52,0.1,0.3,0.1,0.2,1.655,0.3,0.3255,0,0,Low,0.0,Low,Unlikely
PL0253,Daniel Wagner,Switzerland,GK,Borussia Dortmund,20,2006-01-08,Left,2029-04-03,3,274,34924,2,3,914.5,427.0,46.795,425.0,459.0,6.54,2,24,7,137.0,127.5,85.79,643.0,783.0,1271.0,94.0,1189.0,65.93,317.0,3,259,86.3,161,43,"Groin Strain, Fracture, ACL Injury",2025-07-06,272.0,0.3,0,0,1,1,0.71,43,0,0.412,10591,0.344,0.348,0.308,11.73,78831,37.1,0,4.0,1751,1656,6390,72.66,88.59,93.98,2,Rising,0.0072992700729927,0.010948905109489,5,0.0182481751824817,11641.333333333334,8731.0,0.5999999999999996,7.48,3.31,84.30656934306569,21.575,186.83653561609867,0,Emerging,21.924029727497945,0.152852,44.78931544140166,0.4384,0.0,45.39411386861315,100.0,61.62654611541291,18-21,27,0.3,0.3,0.9,0.2,1.655,0.3,0.5155000000000001,0,1,Medium,0.001,Low,Possible (1 year)
PL0253,Daniel Wagner,Switzerland,GK,Borussia Dortmund,20,2006-01-08,Left,2029-04-03,3,274,34924,2,3,914.5,427.0,46.795,425.0,459.0,6.54,2,24,7,137.0,127.5,85.79,643.0,783.0,1271.0,94.0,1189.0,65.93,317.0,3,259,86.3,161,43,"Groin Strain, Fracture, ACL Injury",2025-07-06,272.0,0.3,0,0,1,1,0.71,43,0,0.412,10591,0.344,0.348,0.308,11.73,78831,37.1,0,4.0,1751,1656,6390,13.92,17.68,5.36,1,Rising,0.0072992700729927,0.010948905109489,5,0.0182481751824817,11641.333333333334,8731.0,0.5999999999999996,7.48,3.31,84.30656934306569,21.575,35.79362201728728,0,Emerging,27.011494252873565,0.152852,44.78931544140166,0.4384,0.0,45.39411386861315,100.0,304.25009295317125,18-21,28,0.3,0.3,0.1,0.2,1.655,0.3,0.3955000000000001,0,1,Medium,0.0,Low,Possible (1 year)
PL0254,Alexander Gonzalez,Scotland,RB,Juventus,19,2007-11-08,Right,2029-04-03,3,407,25716,32,50,914.5,427.0,46.795,425.0,459.0,6.45,1,32,6,407.0,63.2,91.6,1086.0,1164.0,1595.0,94.0,756.0,72.12,246.0,6,416,69.3,150,17,"Muscle Injury, Ligament Damage, Ankle Injury, Groin Strain, Achilles Injury, Meniscus Tear",2023-09-05,942.0,0.6,0,0,0,1,1.14,83,0,0.196,10479,0.15,0.446,0.403,9.56,85116,68.9,1,1.99,1730,262,19751,19.73,23.45,52.46,6,Rising,0.0786240786240786,0.1228501228501228,82,0.2014742014742014,779.2727272727273,504.2352941176471,0.8000000000000007,9.14,2.34,79.6068796068796,9.9,50.73334500007744,0,Emerging,18.8545362392296,0.135044,17.345815963307924,0.2541,4.673634,44.05757592137592,63.36751190564985,212.5305157808776,18-21,7,1.0,0.3,0.1,0.2,1.17,0.5,0.6120000000000001,1,2,High,0.999,Very High,Likely (6 months)
PL0255,Matthew Gardner,Hungary,GK,Napoli,27,1999-07-04,Right,2031-04-03,5,286,26065,2,0,914.5,427.0,46.795,425.0,459.0,6.46,9,68,6,31.8,91.1,85.79,643.0,783.0,1271.0,59.0,407.0,70.73,232.0,11,1099,99.9,174,47,"Muscle Injury, Concussion, Ankle Injury, ACL Injury, Hamstring Injury, Groin Strain, Back Injury, Achilles Injury",2026-02-19,44.0,1.1,0,1,1,1,3.01,230,0,0.079,4681,0.19,0.607,0.203,12.49,53519,40.2,1,4.2,260,2795,1197,18.44,21.1,52.2,6,Stable,0.0069930069930069,0.0,2,0.0069930069930069,8688.333333333334,26065.0,-2.8000000000000007,14.72,7.21,19.580419580419587,8.325000000000001,79.0271060822291,1,Prime,0.0,0.031758,8.33916047023826,0.2092,2.8413669999999995,33.11848391608392,34.64798266339935,170.36257158479378,26-29,32,0.3,0.8,0.1,0.2,3.605,0.3,0.6905000000000001,1,2,High,1.0,Very High,Likely (6 months)
PL0256,Daniel Lawrence,France,RW,Newcastle,24,2002-02-02,Right,2028-04-03,2,194,30529,102,30,648.0,701.0,44.21,251.0,528.0,6.85,6,53,4,32.3,157.4,85.79,643.0,783.0,1271.0,94.0,756.0,72.12,246.0,3,101,33.7,71,7,"Groin Strain, Ligament Damage, Shoulder Injury",2024-12-24,466.0,0.3,0,0,0,0,0.28,16,0,0.113,27424,0.256,0.579,0.165,3.83,244408,42.0,1,7.32,8330,3868,1495,85.62,119.5,105.63,4,Rising,0.5257731958762887,0.1546391752577319,132,0.6804123711340206,296.3980582524272,984.8064516129032,0.6999999999999993,9.88,0.88,91.75257731958764,8.425,146.77442131801422,0,Prime,39.57019387993459,0.04746,4.422772019307225,0.2794,15.878495999999998,48.28531546391753,49.0168157609196,55.74384144991633,22-25,47,0.1,0.8,0.9,0.2,0.44,0.7,0.4640000000000001,0,1,Medium,0.0,Low,Possible (1 year)
PL0257,Robert Smith,Poland,GK,Athletic Bilbao,25,2001-08-04,Left,2030-04-03,4,346,14271,2,2,914.5,427.0,46.795,425.0,459.0,6.78,7,48,0,49.4,41.2,85.79,643.0,783.0,1271.0,62.0,700.0,71.07,108.0,10,998,99.8,175,25,"Muscle Injury, Shoulder Injury, Concussion, Hip Injury, Ankle Injury, Hamstring Injury, Back Injury, Achilles Injury, Meniscus Tear, Fracture",2024-06-16,657.0,1.0,0,1,0,1,2.73,152,0,0.392,5195,0.44,0.33,0.23,10.23,68443,14.0,0,1.72,1134,4361,18884,21.7,28.06,50.73,4,Rising,0.0057803468208092,0.0057803468208092,4,0.0115606936416184,4757.0,4757.0,5.2,13.92,4.73,56.06936416184971,9.072727272727272,74.39862047654539,1,Prime,0.0,0.05488,34.30950285804031,0.44,0.0,41.99787283236994,83.00319070324542,185.0126556492068,22-25,7,1.0,0.8,0.1,0.2,2.365,0.3,0.8115000000000001,1,3,Very High,1.0,Very High,Very Likely (now)
PL0258,Robert Wolfe,Switzerland,RB,Sevilla,18,2008-09-18,Left,2030-04-03,4,207,25206,4,39,914.5,427.0,46.795,425.0,459.0,6.42,1,28,7,207.0,121.8,79.18,1211.0,554.0,858.0,94.0,756.0,72.12,246.0,5,335,67.0,106,21,"Muscle Injury, Fracture, Ligament Damage, Hip Injury",2025-11-13,142.0,0.5,0,0,0,1,0.92,59,0,0.205,9083,0.205,0.464,0.331,10.87,147479,87.7,1,9.59,2066,628,5483,14.29,18.05,5.39,1,Rising,0.0193236714975845,0.1884057971014492,43,0.2077294685990338,5041.2,630.15,0.1999999999999993,5.14,1.92,71.4975845410628,11.166666666666666,48.99337726312597,0,Emerging,26.312106368089587,0.179785,20.309783338852423,0.3466,4.214512000000001,41.70071690821256,67.47503346238491,272.73196146640004,18-21,31,0.3,0.3,0.1,0.2,0.96,0.5,0.34600000000000003,0,0,Low,0.0,Low,Unlikely
PL0259,Gerald Moore,Georgia,CM,RB Leipzig,30,1996-07-24,Right,2029-04-03,3,400,25201,54,78,914.5,427.0,46.795,572.0,449.0,7.35,10,15,1,40.0,63.0,91.75,736.0,783.0,1271.0,94.0,756.0,72.12,246.0,22,1739,79.0,179,7,"Ligament Damage, Muscle Injury, Hip Injury, Calf Injury, ACL Injury, Hamstring Injury, Groin Strain, Back Injury, Meniscus Tear, Fracture",2024-02-19,775.0,2.2,0,1,1,1,4.76,256,0,0.314,17944,0.304,0.457,0.239,8.47,309554,7.0,1,3.75,3472,2004,3645,26.05,33.41,80.35,5,Stable,0.135,0.195,132,0.33,458.2,319.0,7.5,18.0,10.0,36.0,3.4347826086956523,66.98447223781132,0,Experienced,0.0,0.02198,26.05076376946984,0.3629,8.200408,40.9258,59.53904565420476,151.29685767097968,30-33,22,0.6,0.5,0.1,0.2,5.0,0.5,0.895,1,3,Very High,1.0,Very High,Very Likely (now)
PL0260,Tyler Rogers,Egypt,RB,Crystal Palace,26,2000-04-22,Right,2031-04-03,5,317,25715,4,14,914.5,427.0,46.795,425.0,459.0,6.4,8,48,6,39.6,81.1,91.72,607.0,691.0,1549.0,94.0,756.0,72.12,246.0,7,727,103.9,166,41,"Concussion, Calf Injury, Knee Injury, ACL Injury, Hamstring Injury, Achilles Injury",2023-08-10,968.0,0.7,1,1,1,1,1.99,141,0,0.259,9301,0.214,0.407,0.38,12.61,148630,33.4,1,9.74,4350,265,1076,31.43,40.75,45.41,4,Stable,0.0126182965299684,0.0441640378548895,18,0.056782334384858,5143.0,1714.3333333333333,-0.8000000000000007,14.34,5.39,55.5205047318612,12.9875,134.69750239503583,1,Prime,0.0,0.086506,29.844566682307587,0.3838,3.785507,40.33970094637225,74.15670049664749,124.39007384018576,26-29,45,0.1,0.8,0.1,0.2,2.695,0.5,0.5495000000000001,0,1,Medium,0.001,Low,Possible (1 year)
PL0261,Brandon Davis,Morocco,ST,Newcastle,20,2006-01-25,Both,2028-04-03,2,375,16033,77,146,926.0,281.0,51.74,643.0,269.0,7.83,2,43,4,187.5,42.8,85.79,643.0,783.0,1271.0,94.0,756.0,72.12,246.0,0,0,0.0,0,0,,2023-06-26,614.0,0.0,0,0,0,0,0.0,0,0,0.351,23762,0.406,0.361,0.233,7.43,313827,37.2,0,1.83,713,414,4426,91.46,112.36,128.57,3,Rising,0.2053333333333333,0.3893333333333333,223,0.5946666666666667,205.55128205128204,109.06802721088437,1.6999999999999993,9.5,0.0,100.0,0.0,156.78566425771524,0,Emerging,22.85151979007217,0.130572,26.277202841417303,0.4083,0.0,54.0366,86.43410426212596,58.44321868916289,18-21,38,0.1,0.3,0.9,0.2,0.0,0.7,0.32,0,0,Low,0.0,Low,Unlikely
PL0262,Ryan Munoz,Brazil,LW,Villarreal,20,2006-05-06,Left,2031-04-03,5,433,32967,248,126,899.0,250.0,42.48,684.0,370.0,7.77,2,65,4,216.5,76.1,85.79,643.0,783.0,1271.0,94.0,756.0,72.12,246.0,2,209,104.5,133,76,"Concussion, Hamstring Injury",2023-10-28,889.0,0.2,0,1,0,0,0.57,44,0,0.27,12093,0.33,0.369,0.301,3.13,68725,51.8,0,9.75,1126,3528,18227,66.02,73.04,59.27,2,Rising,0.5727482678983834,0.2909930715935335,374,0.8637413394919169,132.3975903614458,259.5826771653543,-0.5,10.66,0.97,89.83833718244804,34.833333333333336,282.9376108215165,0,Emerging,10.633141472281144,0.13986,7.944332752478102,0.4307000000000001,0.0,52.04106743648961,55.99703284696196,77.6500558586834,18-21,14,0.6,0.3,0.6,0.2,0.485,0.7,0.4985,0,1,Medium,0.001,Low,Possible (1 year)
PL0263,Robert Blair,South Korea,CAM,Inter Miami,20,2006-06-14,Left,2029-04-03,3,275,25271,74,105,914.5,427.0,46.795,459.0,246.0,7.52,2,44,0,137.5,91.9,85.18,385.0,783.0,1271.0,94.0,756.0,72.12,246.0,5,538,107.6,136,49,"Muscle Injury, Shoulder Injury, Hip Injury, Ankle Injury, Hamstring Injury",2023-11-06,880.0,0.5,0,1,0,0,1.47,129,0,0.368,18950,0.384,0.343,0.272,2.84,256167,57.4,0,8.76,276,1767,4406,53.91,73.38,102.87,3,Rising,0.2690909090909091,0.3818181818181818,179,0.6509090909090909,336.94666666666666,238.4056603773585,5.6,7.5,2.47,53.090909090909086,17.933333333333334,138.6231438902268,0,Emerging,36.11574846967168,0.211232,10.294026472084862,0.4814,0.0,43.16098181818182,52.081530617218206,78.6031357096737,18-21,48,0.1,0.3,0.3,0.2,1.235,0.6,0.3435,0,0,Low,0.0,Low,Unlikely
PL0264,Joshua Dudley,Mali,CM,AC Milan,21,2005-07-23,Left,2030-04-03,4,388,22987,12,120,914.5,427.0,46.795,486.0,624.0,7.19,3,50,1,129.3,59.2,81.69,473.0,783.0,1271.0,94.0,756.0,72.12,246.0,2,27,13.5,17,10,"Groin Strain, ACL Injury",2023-12-27,829.0,0.2,0,0,1,1,0.07,4,0,0.483,7687,0.4,0.333,0.267,4.77,62064,30.5,0,1.94,6839,3009,2373,59.59,82.2,40.56,1,Rising,0.0309278350515463,0.3092783505154639,132,0.3402061855670103,1768.2307692307693,189.97520661157023,4.0,10.76,2.47,98.96907216494846,4.5,204.30478314273455,0,Emerging,37.94260782010405,0.1473149999999999,20.614041082862336,0.4660000000000001,0.0,51.6378144329897,71.79996884078835,85.22497843371794,18-21,59,0.1,0.5,0.6,0.2,1.235,0.5,0.4185,0,1,Medium,0.0,Low,Possible (1 year)
PL0265,James Arnold,Argentina,CB,Barcelona,23,2003-08-03,Right,2029-04-03,3,263,20867,3,50,914.5,427.0,46.795,425.0,459.0,7.25,5,68,6,52.6,79.3,86.56,1064.0,526.0,630.0,94.0,756.0,72.12,246.0,14,1575,112.5,176,25,"Shoulder Injury, Concussion, Hip Injury, Knee Injury, ACL Injury, Groin Strain, Back Injury, Meniscus Tear, Fracture",2024-09-13,568.0,1.4,1,0,1,1,4.32,378,0,0.461,20954,0.491,0.27,0.239,2.16,196641,19.9,0,3.11,6102,2785,15116,33.0,42.07,102.25,5,Rising,0.0114068441064638,0.1901140684410646,53,0.2015209125475285,5216.75,409.15686274509807,-2.8000000000000007,10.26,9.12,0.0,7.5,84.8555694375345,0,Emerging,27.484848484848484,0.091739,9.90794399830325,0.5088,0.0,32.0696,32.656715997454874,94.32235294117648,22-25,53,0.1,0.8,0.1,0.2,4.56,0.4,0.726,1,3,Very High,1.0,Very High,Very Likely (now)
PL0266,Ronald Montgomery,Burkina Faso,LB,Liverpool,22,2004-09-27,Left,2027-04-04,1,318,31242,26,35,914.5,427.0,46.795,425.0,459.0,7.37,4,29,7,79.5,98.2,82.47,425.0,651.0,1197.0,94.0,756.0,72.12,246.0,1,72,72.0,72,72,Shoulder Injury,2023-06-03,1036.0,0.1,0,0,0,0,0.2,16,0,0.371,4211,0.354,0.461,0.185,3.91,64067,67.9,1,6.37,5954,3517,15412,52.67,66.47,41.51,4,Rising,0.0817610062893081,0.110062893081761,61,0.1918238993710692,1157.111111111111,867.8333333333334,0.0999999999999996,10.36,0.4,94.96855345911948,36.0,45.144877194696384,0,Emerging,26.20087336244541,0.251909,12.106345538870787,0.4261,1.941271,51.3979106918239,63.05847365421813,95.76655616140096,22-25,44,0.1,0.5,0.3,0.2,0.2,0.5,0.27,0,0,Low,0.0,Low,Unlikely
PL0267,Scott Ray,Slovenia,LW,Juventus,21,2005-01-07,Left,2031-04-03,5,425,22202,166,114,748.0,599.0,40.11,233.0,230.0,7.54,3,54,1,141.7,52.2,85.79,643.0,783.0,1271.0,94.0,756.0,72.12,246.0,0,0,0.0,0,0,,2023-06-26,614.0,0.0,0,0,0,0,0.0,0,0,0.237,10460,0.325,0.393,0.282,8.8,172214,89.1,0,6.03,9636,4590,16479,69.31,80.69,91.36,3,Rising,0.3905882352941176,0.268235294117647,280,0.6588235294117647,132.94610778443115,193.0608695652174,3.6,11.5,0.0,100.0,0.0,297.0373493795715,0,Emerging,16.418987159140087,0.211167,19.303081709792945,0.374,0.0,53.208,75.55862256468941,75.67629071255867,18-21,34,0.3,0.5,0.6,0.2,0.0,0.7,0.38500000000000006,0,1,Medium,0.0,Low,Possible (1 year)
PL0268,Michael Williams,Italy,GK,Real Sociedad,24,2002-08-25,Both,2027-04-04,1,203,30853,1,2,914.5,427.0,46.795,425.0,459.0,6.24,6,31,5,33.8,152.0,85.79,643.0,783.0,1271.0,77.0,1168.0,70.36,339.0,11,1097,99.7,176,10,"Ligament Damage, Shoulder Injury, Calf Injury, Hip Injury, Ankle Injury, Knee Injury, ACL Injury, Groin Strain",2025-07-11,267.0,1.1,1,0,1,1,3.01,168,0,0.146,19065,0.201,0.498,0.301,7.69,201440,6.4,1,5.5,7713,676,4420,15.42,17.09,34.37,4,Rising,0.0049261083743842,0.0098522167487684,3,0.0147783251231527,15426.5,10284.333333333334,1.9000000000000004,10.06,7.21,17.241379310344826,8.308333333333334,13.21689778511901,0,Prime,10.830090791180284,0.009344,11.065345867489112,0.2741,9.49437,30.96847586206897,37.66225673226815,188.60216724767943,22-25,47,0.1,0.8,0.1,0.2,3.605,0.3,0.6205,1,2,High,1.0,Very High,Likely (6 months)
PL0269,Darren Roberts,Ivory Coast,RB,Barcelona,20,2006-05-15,Right,2030-04-03,4,439,27640,28,53,914.5,427.0,46.795,425.0,459.0,6.94,2,40,6,219.5,63.0,85.79,447.0,1069.0,1081.0,94.0,756.0,72.12,246.0,2,303,151.5,156,147,"ACL Injury, Hip Injury",2023-04-08,1092.0,0.2,0,0,1,1,0.83,47,0,0.351,24060,0.352,0.411,0.237,9.99,352439,80.0,1,1.38,8401,3953,7567,32.83,39.44,70.4,4,Rising,0.0637813211845102,0.1207289293849658,81,0.1845102505694761,953.103448275862,511.8518518518519,0.0,10.78,3.23,89.29384965831434,50.5,112.55791291451544,0,Emerging,20.134023758757237,0.2808,35.374689805595295,0.3776,9.88866,48.52996993166288,90.86701967422438,143.45246802146875,18-21,60,0.1,0.3,0.1,0.2,1.615,0.5,0.34149999999999997,0,0,Low,0.0,Low,Unlikely
PL0270,Bobby Hall,Colombia,ST,Everton,21,2005-04-23,Both,2028-04-03,2,445,19615,126,102,652.0,299.0,42.91,416.0,263.0,7.43,3,32,2,148.3,44.1,85.79,643.0,783.0,1271.0,94.0,756.0,72.12,246.0,1,91,91.0,91,91,Shoulder Injury,2024-08-22,590.0,0.1,0,0,0,0,0.25,21,0,0.173,17689,0.172,0.465,0.364,8.52,335045,80.8,1,1.76,7575,1879,9393,70.67,92.82,66.49,4,Rising,0.2831460674157303,0.2292134831460674,228,0.5123595505617977,154.4488188976378,190.4368932038835,4.8,11.9,0.45,95.28089887640448,45.5,121.14632509395076,0,Emerging,31.342861185793108,0.139784,14.416441326073262,0.2453999999999999,8.225385000000001,51.6469797752809,66.54815187675035,72.06220144451082,18-21,31,0.3,0.5,0.6,0.2,0.225,0.7,0.4075000000000001,0,1,Medium,0.0,Low,Possible (1 year)
PL0271,Brian Ramirez,Poland,LW,Al Nassr,22,2004-07-03,Both,2028-04-03,2,375,33324,134,70,845.0,628.0,53.01,485.0,477.0,7.79,4,23,5,93.8,88.9,85.79,643.0,783.0,1271.0,94.0,756.0,72.12,246.0,5,180,36.0,71,8,"Ligament Damage, Concussion, Ankle Injury, ACL Injury, Fracture",2025-05-05,334.0,0.5,0,0,1,1,0.49,29,0,0.293,57919,0.211,0.498,0.291,9.52,639489,31.2,1,7.1,4162,926,11597,95.83,128.99,216.48,6,Rising,0.3573333333333333,0.1866666666666666,204,0.544,246.84444444444443,469.3521126760563,2.7,11.5,3.49,92.26666666666668,6.0,164.27695392321073,0,Emerging,34.60294271105083,0.0914159999999999,30.590403531958955,0.3519,28.843662,52.617133333333335,85.21417196460509,54.33970188302524,22-25,40,0.1,0.5,0.9,0.2,1.745,0.7,0.5345,0,1,Medium,0.007,Low,Possible (1 year)
PL0272,Mark Diaz,Colombia,CAM,Liverpool,22,2004-03-16,Both,2029-04-03,3,437,33751,78,70,914.5,427.0,46.795,589.0,430.0,6.93,4,67,2,109.2,77.2,85.25,675.0,783.0,1271.0,94.0,756.0,72.12,246.0,3,384,128.0,158,84,"Ankle Injury, Fracture, Calf Injury",2025-05-09,330.0,0.3,0,0,0,1,1.05,75,0,0.383,56135,0.334,0.337,0.328,9.39,926703,53.9,0,3.93,6511,1198,1280,68.29,83.07,86.96,2,Rising,0.1784897025171624,0.160183066361556,148,0.3386727688787185,427.2278481012658,475.36619718309856,1.3000000000000007,12.74,1.65,82.837528604119,32.0,175.59960111785549,0,Emerging,21.64299311758674,0.2064369999999999,39.32822136562879,0.4253,0.0,47.68610572082381,99.5353849088551,68.82105025375061,22-25,55,0.1,0.5,0.6,0.2,0.825,0.6,0.3875,0,1,Medium,0.0,Low,Possible (1 year)
PL0273,Jacob Clark,Nigeria,RB,Monaco,26,2000-08-08,Left,2030-04-03,4,240,26608,20,5,914.5,427.0,46.795,425.0,459.0,7.15,8,22,6,30.0,110.9,88.68,1490.0,1149.0,1184.0,94.0,756.0,72.12,246.0,8,873,109.1,141,23,"Concussion, Hip Injury, Ankle Injury, Groin Strain, Back Injury, Fracture",2023-07-20,989.0,0.8,0,0,0,1,2.39,131,0,0.232,6727,0.283,0.499,0.218,9.59,78846,67.4,1,3.85,609,3413,7667,36.85,50.57,134.31,6,Stable,0.0833333333333333,0.0208333333333333,25,0.1041666666666666,1267.047619047619,4434.666666666667,1.8000000000000007,12.8,3.99,45.41666666666667,12.122222222222222,126.34051449588468,1,Prime,0.0,0.156368,19.61016618969325,0.3164,3.356773,40.87613333333334,61.873315951206536,107.99506825187144,26-29,30,0.3,0.8,0.1,0.2,1.995,0.5,0.5495000000000001,0,1,Medium,0.002,Low,Possible (1 year)
PL0274,Derek Zuniga,Russia,RW,Aston Villa,20,2006-10-17,Right,2028-04-03,2,467,36700,137,149,1256.0,620.0,38.78,229.0,379.0,6.65,2,74,1,233.5,78.6,85.79,643.0,783.0,1271.0,94.0,756.0,72.12,246.0,5,532,106.4,175,24,"Ligament Damage, Knee Injury, ACL Injury, Hamstring Injury, Back Injury",2025-02-19,409.0,0.5,1,1,1,1,1.46,120,0,0.169,45461,0.12,0.562,0.318,11.61,884353,7.5,1,4.2,7614,4628,9345,46.09,57.83,67.6,4,Rising,0.2933618843683083,0.3190578158458244,286,0.6124197002141327,265.94202898550725,244.66666666666663,1.5999999999999996,11.34,4.46,74.30406852248395,17.733333333333334,79.0099635429488,0,Emerging,25.47190279887176,0.012675,21.042693379743003,0.2332,25.549082,44.1952137044968,64.7416469218629,93.85265174027776,18-21,29,0.3,0.3,0.3,0.2,2.23,0.7,0.5229999999999999,0,1,Medium,0.003,Low,Possible (1 year)
PL0275,Matthew Lynch,Denmark,RB,Monaco,23,2003-09-09,Left,2027-04-04,1,442,37491,28,6,914.5,427.0,46.795,425.0,459.0,7.11,5,21,5,88.4,84.8,80.33,1065.0,924.0,1011.0,94.0,756.0,72.12,246.0,13,1472,113.2,171,13,"Muscle Injury, Ligament Damage, Shoulder Injury, Concussion, Calf Injury, Back Injury, Meniscus Tear, Fracture",2025-03-06,394.0,1.3,0,0,0,1,4.03,348,0,0.152,16397,0.178,0.521,0.3,11.35,267868,67.4,1,3.4,690,3737,17113,20.36,24.26,21.76,2,Rising,0.0633484162895927,0.0135746606334841,34,0.0769230769230769,1292.7931034482758,5355.857142857143,2.9000000000000004,13.84,6.630000000000001,21.26696832579185,8.085714285714285,17.451104987355578,0,Emerging,19.155206286836947,0.102448,16.74291876307534,0.244,8.542836999999999,35.949393665158375,49.82907497719219,168.3024047994306,22-25,18,0.6,0.8,0.1,0.2,3.3150000000000004,0.5,0.7865000000000002,1,3,Very High,1.0,Very High,Very Likely (now)
PL0276,Christopher Daniel,Argentina,RB,Bayer Leverkusen,23,2003-11-16,Both,2028-04-03,2,161,37845,26,40,914.5,427.0,46.795,425.0,459.0,6.51,5,57,3,32.2,235.1,89.9,1447.0,1184.0,895.0,94.0,756.0,72.12,246.0,5,396,79.2,165,7,"Ligament Damage, Knee Injury, Hamstring Injury, Achilles Injury, Meniscus Tear",2025-12-04,121.0,0.5,1,1,0,1,1.08,92,0,0.211,10592,0.241,0.54,0.219,13.37,138444,80.2,1,9.34,2799,1159,3668,30.83,41.12,47.03,4,Rising,0.1614906832298136,0.2484472049689441,66,0.4099378881987577,1401.6666666666667,923.0487804878048,1.3000000000000007,8.22,2.08,42.85714285714286,13.2,52.85044860119572,0,Emerging,33.37658125202724,0.169222,26.145531995654636,0.3421,5.71968,36.93962857142856,73.52811227919624,116.05287015843092,22-25,12,1.0,0.8,0.1,0.2,1.04,0.5,0.6990000000000001,1,2,High,0.999,Very High,Likely (6 months)
PL0277,Christopher Gray,Georgia,LW,Borussia Dortmund,18,2008-06-18,Left,2031-04-03,5,259,30772,212,142,809.0,530.0,37.65,266.0,181.0,6.77,1,69,7,259.0,118.8,85.79,643.0,783.0,1271.0,94.0,756.0,72.12,246.0,2,141,70.5,113,28,Ligament Damage,2025-07-07,271.0,0.2,0,0,0,0,0.39,20,0,0.297,8743,0.299,0.372,0.328,10.66,165098,2.2,0,7.8,5184,4100,2429,39.57,43.53,147.26,5,Rising,0.8185328185328186,0.5482625482625483,354,1.3667953667953667,144.4694835680751,215.1888111888112,-3.9,6.18,0.79,92.27799227799228,23.5,169.58256983046667,0,Emerging,10.007581501137228,0.006534,28.73518703498588,0.4121,0.0,47.595798455598455,85.32067978027804,117.31771864825846,18-21,41,0.1,0.3,0.1,0.2,0.395,0.7,0.2395,0,0,Low,0.0,Low,Unlikely
PL0278,William Bowman,Mexico,CAM,Porto,24,2002-12-08,Right,2031-04-03,5,305,38602,87,76,914.5,427.0,46.795,557.0,447.0,7.25,6,24,5,50.8,126.6,82.3,672.0,783.0,1271.0,94.0,756.0,72.12,246.0,3,301,100.3,114,89,"Muscle Injury, ACL Injury, Hip Injury",2023-09-27,920.0,0.3,0,0,1,1,0.82,75,0,0.507,18619,0.436,0.35,0.215,6.77,230442,69.3,0,9.03,4679,826,953,97.12,135.21,116.38,3,Rising,0.2852459016393442,0.2491803278688524,163,0.5344262295081967,438.6590909090909,501.3246753246753,2.6,12.1,3.42,75.40983606557377,25.075,416.2208537259268,0,Prime,39.21952224052718,0.351351,33.74722947915701,0.5539000000000001,0.0,47.60976721311475,87.58572782529288,48.52198044548996,22-25,50,0.1,0.8,0.9,0.2,1.71,0.6,0.5810000000000002,1,2,High,0.922,Very High,Likely (6 months)
PL0279,Justin Cohen,Mexico,CDM,Monaco,20,2006-06-24,Right,2030-04-03,4,261,24223,69,112,914.5,427.0,46.795,153.0,271.0,7.8,2,70,6,130.5,92.8,89.73,616.0,783.0,1271.0,94.0,756.0,72.12,246.0,6,729,121.5,177,78,"Muscle Injury, Meniscus Tear, Hip Injury",2023-06-29,1010.0,0.6,0,0,0,1,2.0,149,0,0.631,5879,0.523,0.197,0.28,7.44,113262,14.9,0,4.9,4889,2512,16504,42.45,57.24,72.93,4,Rising,0.264367816091954,0.4291187739463601,181,0.6934865900383141,346.04285714285714,214.36283185840708,-3.0,7.22,3.2,42.91187739463601,17.357142857142858,145.5401584898319,0,Emerging,34.840989399293285,0.0940189999999999,40.74624547965637,0.6189,0.0,42.46417547892721,95.95145595894816,97.7311288352755,18-21,25,0.3,0.3,0.3,0.2,1.6,0.4,0.43000000000000005,0,1,Medium,0.001,Low,Possible (1 year)
PL0280,Ryan Parsons,Scotland,CB,Aston Villa,19,2007-11-05,Both,2030-04-03,4,186,39158,28,21,914.5,427.0,46.795,425.0,459.0,7.14,1,78,0,186.0,210.5,88.87,1500.0,423.0,1965.0,94.0,756.0,72.12,246.0,1,51,51.0,51,51,Calf Injury,2023-08-15,963.0,0.1,0,0,0,0,0.14,10,0,0.109,5037,0.159,0.458,0.383,12.47,99203,50.2,1,5.2,325,1941,8136,27.61,34.73,57.57,4,Rising,0.1505376344086021,0.1129032258064516,49,0.2634408602150537,1350.2758620689656,1779.909090909091,2.2,4.720000000000001,0.34,94.6236559139785,25.5,94.6611019058718,0,Emerging,25.787758058674388,0.054718,11.587115592769251,0.2517,2.306946,48.9321311827957,61.16673898055173,171.03156652497626,18-21,6,1.0,0.3,0.1,0.2,0.17,0.4,0.502,0,1,Medium,0.002,Low,Possible (1 year)
PL0281,Daryl Johnson,Senegal,RW,Bayern Munich,29,1997-06-28,Both,2027-04-04,1,394,31055,241,117,522.0,499.0,51.23,240.0,522.0,7.12,10,75,7,39.4,78.8,85.79,643.0,783.0,1271.0,94.0,756.0,72.12,246.0,6,403,67.2,141,8,"Muscle Injury, Ligament Damage, Meniscus Tear, Back Injury",2023-04-13,1087.0,0.6,0,0,0,1,1.1,65,0,0.143,45137,0.239,0.528,0.234,4.91,736670,46.4,1,2.21,6263,3516,17570,86.31,101.04,184.8,5,Stable,0.6116751269035533,0.2969543147208122,358,0.9086294416243654,128.32644628099175,263.1779661016949,-4.5,17.88,2.3,83.502538071066,9.6,73.9786282641778,0,Experienced,0.0,0.066352,7.525064051803931,0.2454,23.832336,49.247307614213206,51.3112498848125,56.405116955919375,26-29,13,0.6,0.5,0.9,0.2,1.15,0.7,0.65,1,2,High,1.0,Very High,Likely (6 months)
PL0282,Ethan Adams,Georgia,CM,Al Hilal,30,1996-01-24,Left,2028-04-03,2,399,42002,25,33,914.5,427.0,46.795,583.0,349.0,7.63,10,24,2,39.9,105.3,83.41,793.0,783.0,1271.0,94.0,756.0,72.12,246.0,14,980,70.0,113,21,"Shoulder Injury, Hip Injury, Calf Injury, Ankle Injury, Knee Injury, Hamstring Injury, Groin Strain, Back Injury, Achilles Injury, Meniscus Tear, Fracture",2025-02-16,412.0,1.4,1,1,0,1,2.68,207,0,0.434,30391,0.435,0.321,0.243,12.55,461631,75.5,0,6.75,1034,2186,7657,52.1,62.67,85.54,3,Stable,0.06265664160401,0.0827067669172932,58,0.1453634085213032,1615.4615384615386,1235.3529411764705,5.6,17.98,5.48,48.1203007518797,4.666666666666667,89.31262965041509,0,Experienced,0.0,0.32767,56.22048170253461,0.5074000000000001,0.0,44.75486015037594,100.0,84.28410574458745,30-33,51,0.1,0.5,0.3,0.2,2.74,0.5,0.524,0,1,Medium,0.002,Low,Likely (6 months)
PL0283,Daniel Hahn,Tunisia,RW,Marseille,26,2000-05-11,Left,2031-04-03,5,357,28829,198,68,690.0,448.0,50.91,415.0,420.0,6.57,8,19,7,44.6,80.8,85.79,643.0,783.0,1271.0,94.0,756.0,72.12,246.0,8,706,88.2,143,11,"Ligament Damage, Knee Injury, ACL Injury, Hamstring Injury, Groin Strain, Fracture",2024-08-02,610.0,0.8,1,1,1,1,1.93,134,0,0.148,15145,0.192,0.515,0.293,11.63,287792,57.3,1,3.35,9498,1367,9493,68.89,89.01,149.26,4,Stable,0.5546218487394958,0.1904761904761904,266,0.7450980392156863,144.86934673366835,417.81159420289856,1.0999999999999996,15.14,5.53,62.46498599439776,9.8,295.2373827551389,1,Prime,0.0,0.0848039999999999,16.56778141920848,0.2473,7.799675000000001,42.29559719887955,54.93947072825249,60.51738045339755,26-29,21,0.6,0.8,0.6,0.2,2.765,0.7,0.8264999999999999,1,3,Very High,1.0,Very High,Very Likely (now)
PL0284,Shawn Edwards,Switzerland,CB,Villarreal,21,2005-06-28,Right,2031-04-03,5,401,38158,17,53,914.5,427.0,46.795,425.0,459.0,6.73,3,67,4,133.7,95.2,87.65,932.0,650.0,1104.0,94.0,756.0,72.12,246.0,2,199,99.5,138,61,"Ligament Damage, Concussion",2025-12-01,124.0,0.2,0,0,0,0,0.55,33,0,0.169,6948,0.143,0.555,0.303,10.84,40908,51.2,1,7.91,4825,2057,4653,27.95,34.0,61.38,4,Rising,0.0423940149625935,0.1321695760598503,70,0.1745635910224439,2119.8888888888887,706.6296296296297,-0.6999999999999993,11.02,0.95,91.7705735660848,33.166666666666664,119.78349322116613,0,Emerging,21.64579606440072,0.086528,16.206164921230116,0.2786,3.85614,48.03531471321697,66.42690473845366,165.92509400074945,18-21,19,0.6,0.5,0.1,0.2,0.475,0.4,0.4325,0,1,Medium,0.0,Low,Possible (1 year)
PL0285,Matthew Foster,Mexico,LB,Everton,19,2007-08-28,Both,2031-04-03,5,440,22520,4,53,914.5,427.0,46.795,425.0,459.0,6.59,1,57,5,440.0,51.2,82.04,686.0,451.0,1568.0,94.0,756.0,72.12,246.0,0,0,0.0,0,0,,2023-06-26,614.0,0.0,0,0,0,0,0.0,0,0,0.046,10575,0.104,0.534,0.362,6.83,133790,12.5,1,5.17,9843,710,15752,20.61,27.25,6.15,1,Rising,0.009090909090909,0.1204545454545454,57,0.1295454545454545,4504.0,417.037037037037,-0.6999999999999993,9.8,0.0,100.0,0.0,88.32693364179727,0,Emerging,32.21737020863659,0.00575,2.911299506157897,0.1945,5.64705,48.70900000000001,48.72144925923685,225.40027764923653,18-21,17,0.6,0.3,0.1,0.2,0.0,0.5,0.35500000000000004,0,1,Medium,0.0,Low,Possible (1 year)
PL0286,Thomas Ellis,Senegal,GK,Marseille,24,2002-11-22,Right,2029-04-03,3,332,23042,1,5,914.5,427.0,46.795,425.0,459.0,7.13,6,47,2,55.3,69.4,85.79,643.0,783.0,1271.0,60.0,981.0,75.78,343.0,14,1373,98.1,178,14,"Ligament Damage, Shoulder Injury, Concussion, Hip Injury, Knee Injury, Hamstring Injury, Achilles Injury, Meniscus Tear, Fracture",2023-07-12,997.0,1.4,1,1,0,1,3.76,230,0,0.105,3490,0.254,0.516,0.229,4.57,61574,35.4,1,4.43,7784,2474,1128,19.71,21.79,48.13,5,Rising,0.003012048192771,0.0150602409638554,6,0.0180722891566265,11521.0,3840.3333333333335,3.3,12.64,6.56,30.722891566265066,6.54,50.68191738223651,0,Prime,10.553018772196843,0.0371699999999999,3.914589191884352,0.2593,1.8008400000000002,37.711178313253015,31.60747294445304,182.09163840296,22-25,56,0.1,0.8,0.1,0.2,3.28,0.3,0.5880000000000001,1,2,High,1.0,Very High,Likely (6 months)
PL0287,Derek Wright,France,CM,Chelsea,22,2004-11-23,Right,2027-04-04,1,245,21001,87,57,914.5,427.0,46.795,281.0,593.0,7.78,4,48,2,61.2,85.7,88.28,228.0,783.0,1271.0,94.0,756.0,72.12,246.0,4,363,90.8,149,46,"Groin Strain, Muscle Injury, Knee Injury, Ligament Damage",2024-09-28,553.0,0.4,1,0,0,0,0.99,84,0,0.634,41113,0.582,0.214,0.204,3.79,261936,64.9,0,2.39,2122,648,11228,80.91,104.64,42.09,1,Rising,0.3551020408163265,0.2326530612244897,144,0.5877551020408164,238.64772727272728,362.0862068965517,3.2,8.9,1.79,65.71428571428572,18.16,69.3501426584941,0,Emerging,29.32888394512422,0.411466,25.528234477574227,0.6093,0.0,47.26145714285715,78.34308028778992,57.69925179203656,22-25,28,0.3,0.5,0.9,0.2,0.895,0.5,0.49950000000000006,0,1,Medium,0.002,Low,Possible (1 year)
PL0288,Justin Baker,Georgia,RW,Arsenal,19,2007-01-11,Right,2027-04-04,1,469,15695,96,71,1441.0,729.0,43.12,833.0,324.0,8.15,1,29,8,469.0,33.5,85.79,643.0,783.0,1271.0,94.0,756.0,72.12,246.0,0,0,0.0,0,0,,2023-06-26,614.0,0.0,0,0,0,0,0.0,0,0,0.441,26479,0.427,0.418,0.155,2.35,187011,37.9,1,5.4,4160,3343,19305,83.2,109.69,171.89,6,Rising,0.2046908315565032,0.1513859275053305,167,0.3560767590618336,161.8041237113402,217.98611111111111,-0.9000000000000004,10.38,0.0,100.0,0.0,71.3129634060896,0,Emerging,31.838942307692303,0.1671389999999999,10.554338681166296,0.4749,11.068222,55.625800000000005,63.64440802174945,66.06389548693588,18-21,20,0.6,0.3,0.9,0.2,0.0,0.7,0.49500000000000005,0,1,Medium,0.001,Low,Possible (1 year)
PL0289,Kevin Hurst,Argentina,LB,Lyon,23,2003-03-08,Left,2031-04-03,5,310,30648,25,29,914.5,427.0,46.795,425.0,459.0,6.93,5,71,6,62.0,98.9,90.19,1393.0,963.0,846.0,94.0,756.0,72.12,246.0,6,489,81.5,125,17,"Calf Injury, ACL Injury, Hamstring Injury, Back Injury, Meniscus Tear, Fracture",2024-06-14,659.0,0.6,0,1,1,1,1.34,100,0,0.114,7114,0.254,0.469,0.276,14.71,68574,16.4,1,8.78,7271,2051,12177,34.18,41.89,105.48,6,Rising,0.0806451612903225,0.0935483870967742,54,0.1741935483870967,1178.7692307692307,1021.6,-3.1,11.2,4.54,67.74193548387098,11.642857142857142,146.48299815024893,0,Emerging,22.557050906963138,0.018696,14.874391578518038,0.3158,3.336466,44.13998709677419,55.30158091616416,125.468979808909,22-25,33,0.3,0.8,0.1,0.2,2.27,0.5,0.5770000000000001,1,2,High,0.998,Very High,Likely (6 months)
PL0290,James Robinson,Tunisia,GK,LA Galaxy,18,2008-03-03,Right,2031-04-03,5,153,35413,0,2,914.5,427.0,46.795,425.0,459.0,6.56,1,25,3,153.0,231.5,85.79,643.0,783.0,1271.0,68.0,716.0,68.51,176.0,3,404,134.7,180,71,"Muscle Injury, Hip Injury, Hamstring Injury",2026-01-02,92.0,0.3,0,1,0,0,1.11,65,0,0.267,7412,0.214,0.483,0.303,3.56,129619,10.9,1,7.17,9453,2598,9051,12.31,14.39,36.78,5,Rising,0.0,0.0130718954248366,2,0.0130718954248366,35413.0,11804.333333333334,4.5,4.0600000000000005,1.71,57.51633986928105,33.675,52.75616463515402,0,Emerging,16.896831844029244,0.029103,8.470074684981105,0.3460999999999999,3.579996,39.24746797385621,48.90884601439977,294.8720358666883,18-21,39,0.1,0.3,0.1,0.2,0.855,0.3,0.24550000000000002,0,0,Low,0.0,Low,Unlikely
PL0291,Zachary Hicks,Mexico,GK,Manchester City,28,1998-10-05,Left,2028-04-03,2,241,29844,1,4,914.5,427.0,46.795,425.0,459.0,7.37,10,35,5,24.1,123.8,85.79,643.0,783.0,1271.0,121.0,412.0,79.28,368.0,12,913,76.1,173,7,"Muscle Injury, Shoulder Injury, Hip Injury, Calf Injury, Ankle Injury, Hamstring Injury, Back Injury, Achilles Injury, Meniscus Tear",2023-08-19,959.0,1.2,0,1,0,1,2.5,154,0,0.436,19537,0.322,0.323,0.354,12.75,189875,43.9,0,7.97,5289,4435,5253,37.12,51.66,15.73,1,Stable,0.0041493775933609,0.0165975103734439,5,0.0207468879668049,14922.0,5968.8,1.5,14.82,4.9,36.09958506224067,5.8538461538461535,63.63310580851071,1,Prime,0.0,0.191404,54.92356799157744,0.4861,0.0,40.63611701244814,100.0,106.60051682174225,26-29,7,1.0,0.8,0.1,0.2,2.45,0.3,0.8200000000000001,1,3,Very High,1.0,Very High,Very Likely (now)
PL0292,Brandon Williams,Turkey,RB,Juventus,21,2005-11-01,Left,2030-04-03,4,166,26557,8,26,914.5,427.0,46.795,425.0,459.0,7.0,3,78,1,55.3,160.0,85.75,1439.0,368.0,1055.0,94.0,756.0,72.12,246.0,4,159,39.8,65,17,"Concussion, Shoulder Injury, ACL Injury, Fracture",2023-09-06,941.0,0.4,0,0,1,1,0.44,37,0,0.211,3152,0.272,0.404,0.324,3.38,56019,58.1,1,8.67,5194,307,6195,29.22,38.84,10.9,1,Rising,0.0481927710843373,0.1566265060240964,34,0.2048192771084337,2950.777777777778,983.5925925925926,1.1999999999999993,6.32,3.24,77.71084337349397,7.959999999999999,100.18099955413165,0,Emerging,32.92265571526353,0.122591,5.745456286994346,0.3719,1.273408,45.5499686746988,44.91316876784092,150.7278910479775,18-21,37,0.1,0.5,0.1,0.2,1.62,0.5,0.38200000000000006,0,1,Medium,0.0,Low,Possible (1 year)
PL0293,Brian Burton,Argentina,LW,AC Milan,24,2002-08-12,Right,2031-04-03,5,198,29935,175,91,907.0,450.0,40.12,387.0,400.0,6.81,6,68,2,33.0,151.2,85.79,643.0,783.0,1271.0,94.0,756.0,72.12,246.0,6,747,124.5,163,99,"Concussion, Calf Injury, Hip Injury, Knee Injury, Back Injury",2023-11-15,871.0,0.6,1,0,0,0,2.05,140,0,0.322,9556,0.337,0.428,0.236,12.73,121051,69.4,1,9.54,5560,1454,16845,73.04,89.3,40.35,1,Rising,0.8838383838383839,0.4595959595959596,266,1.3434343434343434,170.08522727272728,325.3804347826087,1.1999999999999993,9.96,3.25,29.292929292929287,17.785714285714285,313.0227672584606,0,Prime,22.26177437020809,0.223468,37.56800438459104,0.4397,4.089968,35.96998585858585,87.83699950617948,48.581828550224,22-25,28,0.3,0.8,0.9,0.2,1.625,0.7,0.6525,1,2,High,1.0,Very High,Likely (6 months)
PL0294,Ricky Henderson,Poland,CB,Inter Milan,21,2005-05-07,Left,2030-04-03,4,170,33460,19,40,914.5,427.0,46.795,425.0,459.0,7.49,3,26,8,56.7,196.8,88.27,968.0,393.0,889.0,94.0,756.0,72.12,246.0,8,677,84.6,162,7,"Ligament Damage, Concussion, ACL Injury, Back Injury, Achilles Injury, Meniscus Tear",2024-09-15,566.0,0.8,0,0,1,1,1.85,109,0,0.38,3171,0.427,0.358,0.215,13.35,49914,50.8,0,6.27,7490,1785,12019,37.27,43.16,68.57,5,Rising,0.1117647058823529,0.2352941176470588,59,0.3470588235294117,1673.0,816.0975609756098,-0.5999999999999996,6.4,5.45,35.882352941176464,9.4,127.78048779543074,0,Emerging,15.803595385028157,0.19304,40.89912249731479,0.4712,0.0,39.3588705882353,90.12811904008984,102.84523278869948,18-21,27,0.3,0.5,0.1,0.2,2.725,0.4,0.5525000000000001,1,2,High,0.999,Very High,Likely (6 months)
PL0295,Arthur James,Brazil,CM,Manchester City,23,2003-10-12,Left,2031-04-03,5,335,18194,36,49,914.5,427.0,46.795,449.0,449.0,7.2,5,78,0,67.0,54.3,89.9,688.0,783.0,1271.0,94.0,756.0,72.12,246.0,11,1062,96.5,172,14,"Ligament Damage, Shoulder Injury, Calf Injury, Ankle Injury, ACL Injury, Achilles Injury, Meniscus Tear, Fracture",2023-05-13,1057.0,1.1,0,0,1,1,2.91,177,0,0.204,76225,0.325,0.452,0.223,5.65,1182896,49.2,1,5.34,4773,2290,18730,55.64,74.82,38.81,2,Rising,0.1074626865671641,0.1462686567164179,85,0.2537313432835821,491.72972972972974,363.88,2.2,11.7,7.11,47.16417910447761,8.041666666666666,238.45272138911207,0,Emerging,34.47160316319193,0.100368,12.956904364965853,0.3421,34.453700000000005,41.25703582089552,45.84387445789653,72.84081183067711,22-25,56,0.1,0.8,0.3,0.2,3.555,0.5,0.6655000000000002,1,2,High,1.0,Very High,Likely (6 months)
PL0296,Zachary Rice,Argentina,RB,Crystal Palace,23,2003-07-09,Both,2027-04-04,1,313,39387,6,17,914.5,427.0,46.795,425.0,459.0,6.56,5,79,3,62.6,125.8,79.17,1379.0,419.0,1405.0,94.0,756.0,72.12,246.0,3,183,61.0,120,7,"Ankle Injury, Ligament Damage",2025-01-22,437.0,0.3,0,0,0,0,0.5,28,0,0.096,14693,0.074,0.516,0.41,12.49,84222,0.9,1,6.11,8472,1161,12985,30.81,40.3,88.83,5,Rising,0.0191693290734824,0.0543130990415335,23,0.0734824281150159,5626.714285714285,2188.1666666666665,-0.9000000000000004,11.26,1.1,91.05431309904154,15.25,26.40808176131755,0,Emerging,30.80168776371308,0.000864,11.505022044671136,0.2184999999999999,7.581588000000001,47.1398626198083,58.62746437691085,148.1919604520852,22-25,30,0.3,0.8,0.1,0.2,0.55,0.5,0.405,0,1,Medium,0.0,Low,Possible (1 year)
PL0297,Wesley Valencia,Germany,ST,RB Leipzig,20,2006-08-27,Both,2029-04-03,3,419,25129,175,26,1280.0,314.0,49.4,653.0,349.0,7.46,2,68,0,209.5,60.0,85.79,643.0,783.0,1271.0,94.0,756.0,72.12,246.0,5,473,94.6,145,30,"Ankle Injury, Back Injury, Meniscus Tear, Calf Injury",2024-02-13,781.0,0.5,0,0,0,1,1.3,90,0,0.284,20947,0.347,0.427,0.226,12.48,356830,49.7,1,6.34,9315,2930,9711,63.1,74.99,160.25,6,Rising,0.4176610978520286,0.0620525059665871,201,0.4797136038186158,142.7784090909091,930.7037037037036,3.2,10.38,2.3,78.52028639618139,15.766666666666666,162.25413428813414,0,Emerging,18.8431061806656,0.141148,35.265269661441124,0.3957,8.944369,48.41145727923628,92.50363313177984,75.52489435138267,18-21,27,0.3,0.3,0.6,0.2,1.15,0.7,0.46,0,1,Medium,0.0,Low,Possible (1 year)
PL0298,Adam Le,France,GK,Galatasaray,30,1996-11-07,Right,2031-04-03,5,214,26842,2,2,914.5,427.0,46.795,425.0,459.0,6.83,10,46,4,21.4,125.4,85.79,643.0,783.0,1271.0,103.0,1046.0,68.0,359.0,15,1505,100.3,174,12,"Shoulder Injury, Concussion, Hip Injury, Ankle Injury, Knee Injury, Hamstring Injury, Groin Strain, Back Injury, Achilles Injury, Fracture",2025-12-10,115.0,1.5,1,1,0,1,4.12,224,0,0.269,3500,0.208,0.384,0.408,13.52,30843,46.8,0,8.74,4249,2951,6691,10.88,12.04,25.16,4,Stable,0.0093457943925233,0.0093457943925233,4,0.0186915887850467,8947.333333333334,8947.333333333334,1.4000000000000004,14.28,7.12,0.0,6.26875,46.6277068424432,0,Experienced,0.0,0.125892,29.6798645640416,0.3806,0.0,30.9372,65.7483968460624,260.4141414141414,30-33,27,0.3,0.5,0.1,0.2,3.56,0.3,0.6260000000000001,1,2,High,1.0,Very High,Likely (6 months)
PL0299,Michael Herrera,Burkina Faso,RW,Everton,26,2000-11-21,Right,2027-04-04,1,305,32738,93,68,963.0,715.0,41.18,650.0,264.0,8.16,8,33,7,38.1,107.3,85.79,643.0,783.0,1271.0,94.0,756.0,72.12,246.0,13,1554,119.5,178,21,"Muscle Injury, Shoulder Injury, Ligament Damage, Concussion, Calf Injury, Knee Injury, ACL Injury, Groin Strain, Meniscus Tear, Fracture",2023-04-26,1074.0,1.3,1,0,1,1,4.26,241,0,0.581,4652,0.494,0.295,0.211,14.89,82882,81.4,0,2.27,4243,3889,1218,79.84,93.49,89.53,3,Stable,0.3049180327868852,0.2229508196721311,161,0.5278688524590164,348.27659574468083,474.463768115942,-0.3000000000000007,14.1,8.86,20.98360655737706,8.535714285714286,68.43301680699751,1,Prime,0.0,0.4729339999999999,73.06076879997872,0.5443000000000001,0.0,40.745321311475415,100.0,50.4024261646158,26-29,54,0.1,0.8,0.9,0.2,4.43,0.7,0.8630000000000001,1,3,Very High,1.0,Very High,Very Likely (now)
PL0300,Derek Davidson,Poland,CAM,Celta Vigo,29,1997-06-24,Both,2028-04-03,2,183,26659,75,80,914.5,427.0,46.795,233.0,707.0,7.51,10,22,7,18.3,145.7,82.32,642.0,783.0,1271.0,94.0,756.0,72.12,246.0,15,1601,106.7,166,17,"Muscle Injury, Shoulder Injury, Ligament Damage, Concussion, Calf Injury, Ankle Injury, ACL Injury, Hamstring Injury, Back Injury, Achilles Injury, Meniscus Tear",2025-01-29,430.0,1.5,0,1,1,1,4.39,357,0,0.354,6007,0.275,0.423,0.302,13.61,39419,47.7,1,2.81,6559,515,7330,47.06,60.01,58.64,3,Stable,0.4098360655737705,0.4371584699453552,155,0.8469945355191257,350.7763157894737,329.12345679012344,0.8000000000000007,13.66,9.39,0.0,6.66875,80.67278985313885,0,Experienced,0.0,0.168858,41.92015972718145,0.3676,2.540961,33.5072,80.85383959077217,69.71951727007905,26-29,57,0.1,0.5,0.3,0.2,4.695,0.6,0.7295,1,3,Very High,1.0,Very High,Very Likely (now)
PL0301,Brian Graham,Slovakia,RB,Porto,28,1998-07-06,Both,2028-04-03,2,325,34402,13,17,914.5,427.0,46.795,425.0,459.0,6.95,10,50,8,32.5,105.9,80.99,622.0,1081.0,974.0,94.0,756.0,72.12,246.0,6,717,119.5,147,59,"Concussion, Ankle Injury, Hamstring Injury, Achilles Injury, Fracture",2024-01-09,816.0,0.6,0,1,0,1,1.96,112,0,0.09,1679,0.109,0.557,0.334,11.0,23115,24.7,1,6.71,8431,4401,8675,35.24,44.65,48.21,3,Stable,0.04,0.0523076923076923,30,0.0923076923076923,2457.285714285714,1911.2222222222224,-3.0,16.5,3.16,65.53846153846155,17.071428571428573,60.41030842381244,1,Prime,0.0,0.02223,7.352283581673332,0.2244,0.935203,44.65649230769231,47.03667152635615,123.22431652232976,26-29,47,0.1,0.8,0.1,0.2,1.58,0.5,0.43800000000000006,0,1,Medium,0.0,Low,Possible (1 year)
PL0302,Jesse Mckay,Kosovo,LW,Lyon,24,2002-09-09,Both,2028-04-03,2,411,18672,205,63,830.0,358.0,41.48,396.0,555.0,7.81,6,30,2,68.5,45.4,85.79,643.0,783.0,1271.0,94.0,756.0,72.12,246.0,4,368,92.0,158,34,"Ankle Injury, Knee Injury, Concussion, Hip Injury",2026-02-06,57.0,0.4,1,0,0,0,1.01,92,0,0.632,14521,0.557,0.207,0.236,14.02,165694,78.6,0,5.49,4435,4718,13770,114.01,156.4,98.52,2,Rising,0.4987834549878345,0.1532846715328467,268,0.6520681265206812,90.64077669902912,291.75,5.0,14.22,1.81,77.61557177615572,18.4,195.4420903348143,0,Prime,37.18094903955793,0.4967519999999999,84.91523476548286,0.6334,0.0,50.873914355231136,100.0,44.23433993151129,22-25,11,1.0,0.8,0.9,0.2,0.905,0.7,0.8255,1,3,Very High,1.0,Very High,Very Likely (now)
PL0303,Shawn Baker,Burkina Faso,CAM,Eintracht Frankfurt,28,1998-06-26,Both,2027-04-04,1,346,33123,70,103,914.5,427.0,46.795,549.0,626.0,7.9,10,70,4,34.6,95.7,89.44,434.0,783.0,1271.0,94.0,756.0,72.12,246.0,15,1721,114.7,174,29,"Ligament Damage, Concussion, Hip Injury, Ankle Injury, ACL Injury, Hamstring Injury, Achilles Injury, Meniscus Tear, Fracture",2026-01-19,75.0,1.5,0,1,1,1,4.72,275,0,0.565,18563,0.457,0.322,0.221,13.65,290860,35.4,0,5.11,8407,1000,5878,59.91,67.63,183.83,6,Stable,0.2023121387283237,0.2976878612716763,173,0.5,466.5211267605634,318.49038461538464,-1.0,16.92,9.72,20.520231213872837,7.16875,51.3504764141686,1,Prime,0.0,0.2000099999999999,75.80354715165963,0.5498,0.0,40.18764624277457,100.0,65.97873295480967,26-29,20,0.6,0.8,0.6,0.2,4.86,0.6,1.0,1,3,Very High,1.0,Very High,Very Likely (now)
PL0304,Jonathan White,Turkey,CM,West Ham,19,2007-11-24,Right,2030-04-03,4,369,20950,49,62,914.5,427.0,46.795,574.0,562.0,6.96,1,60,6,369.0,56.8,89.69,660.0,783.0,1271.0,94.0,756.0,72.12,246.0,0,0,0.0,0,0,,2023-06-26,614.0,0.0,0,0,0,0,0.0,0,0,0.219,10203,0.252,0.521,0.226,10.85,183118,80.1,1,4.96,1844,4384,7690,35.17,39.79,88.61,4,Rising,0.1327913279132791,0.1680216802168021,111,0.3008130081300813,419.0,332.53968253968253,-2.0,8.379999999999999,0.0,100.0,0.0,120.58062129770052,0,Emerging,13.13619562126812,0.175419,21.93313592858769,0.3086,5.315763,50.1332,77.96630389288153,138.60436826098973,18-21,59,0.1,0.3,0.1,0.2,0.0,0.5,0.18,0,0,Low,0.0,Low,Unlikely
PL0305,Thomas Harrell,Russia,LB,Inter Miami,20,2006-01-09,Left,2031-04-03,5,152,38476,27,8,914.5,427.0,46.795,425.0,459.0,7.57,2,45,0,76.0,253.1,89.28,1237.0,662.0,1822.0,94.0,756.0,72.12,246.0,7,740,105.7,157,40,"Ligament Damage, Shoulder Injury, Hip Injury, Ankle Injury, Groin Strain, Back Injury",2024-09-19,562.0,0.7,0,0,0,0,2.03,170,0,0.246,4117,0.228,0.381,0.391,4.77,80178,39.4,0,6.99,2219,3947,12896,25.44,33.44,27.63,2,Rising,0.1776315789473684,0.0526315789473684,35,0.2302631578947368,1374.142857142857,4275.111111111111,5.5,5.04,3.43,0.0,13.2125,109.0265498227716,0,Emerging,31.446540880503125,0.096924,9.766518858753198,0.3605,0.0,32.009,43.7942782881298,121.06278366111952,18-21,48,0.1,0.3,0.1,0.2,1.715,0.5,0.3515,0,1,Medium,0.0,Low,Possible (1 year)
PL0306,Edwin Fowler,Colombia,CAM,Lyon,18,2008-12-22,Both,2029-04-03,3,283,23035,94,111,914.5,427.0,46.795,300.0,462.0,6.98,1,58,5,283.0,81.4,90.82,224.0,783.0,1271.0,94.0,756.0,72.12,246.0,6,632,105.3,176,18,"Muscle Injury, Ligament Damage, ACL Injury, Hamstring Injury, Fracture",2023-09-05,942.0,0.6,0,1,1,1,1.73,155,0,0.086,21824,0.114,0.462,0.424,10.66,429439,27.8,1,9.31,5610,3053,3453,29.32,39.27,12.61,1,Rising,0.3321554770318021,0.392226148409894,205,0.7243816254416962,242.47368421052636,205.6696428571429,-0.8000000000000007,6.66,4.93,45.22968197879859,15.042857142857144,75.39288775480338,0,Emerging,33.93587994542975,0.023908,9.159176241377684,0.2693,10.082688,38.83653639575972,43.29703255994639,128.08884035540805,18-21,42,0.1,0.3,0.1,0.2,2.465,0.6,0.4365,0,1,Medium,0.0,Low,Possible (1 year)
PL0307,Lee Hernandez,Morocco,CB,Everton,21,2005-02-22,Left,2028-04-03,2,435,31849,14,56,914.5,427.0,46.795,425.0,459.0,6.66,3,19,3,145.0,73.2,84.16,840.0,932.0,1530.0,94.0,756.0,72.12,246.0,6,569,94.8,139,55,"ACL Injury, Hamstring Injury, Groin Strain, Meniscus Tear, Fracture",2025-09-09,207.0,0.6,0,1,1,1,1.56,130,0,0.0,8383,0.101,0.644,0.256,14.54,85952,93.8,1,7.37,2250,4407,19962,21.55,26.79,10.65,1,Rising,0.032183908045977,0.128735632183908,70,0.160919540229885,2123.266666666667,558.7543859649123,5.1,11.7,4.76,70.11494252873563,13.542857142857144,36.94217214906805,0,Emerging,24.31554524361948,0.0,0.0,0.1752,5.398652,43.35338850574713,32.156694252873564,192.2544944822489,18-21,38,0.1,0.5,0.1,0.2,2.38,0.4,0.44800000000000006,0,1,Medium,0.0,Low,Possible (1 year)
PL0308,Phillip Ryan,Brazil,ST,Nice,22,2004-06-20,Both,2028-04-03,2,252,25965,215,86,1362.0,247.0,50.62,599.0,648.0,6.85,4,58,0,63.0,103.0,85.79,643.0,783.0,1271.0,94.0,756.0,72.12,246.0,2,237,118.5,175,62,"Muscle Injury, Knee Injury",2024-05-30,674.0,0.2,1,0,0,0,0.65,43,0,0.077,46215,0.112,0.557,0.331,9.64,348720,94.6,1,5.73,2309,3673,13962,61.82,80.76,51.17,2,Rising,0.8531746031746031,0.3412698412698413,301,1.1944444444444444,120.20833333333331,298.4482758620689,4.2,9.04,1.05,82.93650793650794,39.5,105.9751778308764,0,Emerging,30.637334196053068,0.0728419999999999,7.972889855170627,0.2103,25.741755,46.2159015873016,52.96728557640674,73.56877043505506,22-25,13,0.6,0.5,0.6,0.2,0.525,0.7,0.5425,0,1,Medium,0.004,Low,Possible (1 year)
PL0309,Richard Moreno,England,CM,Everton,21,2005-12-10,Left,2030-04-03,4,231,18038,91,63,914.5,427.0,46.795,425.0,482.0,6.67,3,27,1,77.0,78.1,84.8,491.0,783.0,1271.0,94.0,756.0,72.12,246.0,0,0,0.0,0,0,,2023-06-26,614.0,0.0,0,0,0,0,0.0,0,0,0.164,21670,0.156,0.45,0.394,11.09,178893,75.2,1,8.38,7584,1635,4564,39.0,48.21,110.63,6,Rising,0.3939393939393939,0.2727272727272727,154,0.6666666666666666,196.06521739130437,281.84375,6.3,7.62,0.0,100.0,0.0,133.71180638641798,0,Emerging,23.61538461538462,0.123328,18.15800921168858,0.3062,9.7515,48.81640000000001,71.64521381753288,122.04100000000004,18-21,58,0.1,0.5,0.1,0.2,0.0,0.5,0.22000000000000003,0,0,Low,0.0,Low,Unlikely
PL0310,Aaron Nguyen,Colombia,RW,Celta Vigo,26,2000-05-16,Right,2027-04-04,1,336,40703,217,77,710.0,354.0,46.8,787.0,354.0,7.41,8,66,3,42.0,121.1,85.79,643.0,783.0,1271.0,94.0,756.0,72.12,246.0,12,1336,111.3,180,15,"Concussion, Hip Injury, Calf Injury, ACL Injury, Hamstring Injury, Groin Strain, Back Injury, Achilles Injury",2024-03-13,752.0,1.2,0,1,1,1,3.66,320,0,0.439,57189,0.429,0.396,0.175,9.52,354410,95.9,0,2.08,295,1180,12630,68.03,85.58,28.96,1,Stable,0.6458333333333334,0.2291666666666666,294,0.875,186.71100917431195,521.8333333333334,0.4000000000000003,14.72,8.06,4.761904761904773,8.561538461538461,58.31034736197446,1,Prime,0.0,0.421001,45.78039455155856,0.4459,0.0,34.42818095238096,89.76468230352832,49.874229975924905,26-29,49,0.1,0.8,0.6,0.2,4.03,0.7,0.778,1,3,Very High,1.0,Very High,Very Likely (now)
PL0311,Alec Hickman,Central African Republic,CDM,PSG,22,2004-07-15,Right,2029-04-03,3,347,34967,79,117,914.5,427.0,46.795,435.0,466.0,7.53,4,27,1,86.8,100.8,86.9,498.0,783.0,1271.0,94.0,756.0,72.12,246.0,8,463,57.9,130,20,"Concussion, Hip Injury, Ankle Injury, Knee Injury, ACL Injury, Groin Strain, Meniscus Tear",2024-06-13,660.0,0.8,1,0,1,1,1.27,69,0,0.183,9707,0.142,0.438,0.421,10.16,85137,99.7,1,5.7,9426,3184,11448,61.02,76.92,102.37,5,Rising,0.2276657060518732,0.3371757925072046,196,0.5648414985590778,437.0875,296.3305084745763,6.3,10.94,4.87,80.11527377521614,6.433333333333334,156.9056620326774,0,Emerging,26.05703048180924,0.182451,17.069502246326344,0.2852,4.251666,48.901454755043225,60.31498074701113,78.84787932125641,22-25,49,0.1,0.5,0.6,0.2,2.435,0.4,0.5285000000000001,0,1,Medium,0.003,Low,Possible (1 year)
PL0312,Shawn Decker,Slovenia,LW,Monaco,21,2005-12-24,Both,2028-04-03,2,330,27136,227,82,839.0,388.0,41.43,433.0,621.0,7.05,3,35,4,110.0,82.2,85.79,643.0,783.0,1271.0,94.0,756.0,72.12,246.0,3,373,124.3,144,109,"Muscle Injury, Knee Injury, Concussion",2024-01-20,805.0,0.3,1,0,0,0,1.02,87,0,0.149,21340,0.285,0.497,0.218,3.45,115133,18.2,1,6.04,9265,1643,2346,47.63,60.05,36.59,2,Rising,0.6878787878787879,0.2484848484848484,309,0.9363636363636364,119.01754385964912,326.9397590361445,2.5,9.6,1.62,73.63636363636364,31.075,81.64991459211653,0,Emerging,26.07600251942052,0.0271179999999999,5.124248506703786,0.3061,10.60598,45.45947272727273,47.17610912369205,93.48030583440826,18-21,10,1.0,0.5,0.3,0.2,0.81,0.7,0.6659999999999998,1,2,High,1.0,Very High,Likely (6 months)
PL0313,Eric Brown,Tunisia,CM,Real Sociedad,23,2003-07-09,Both,2027-04-04,1,310,35979,12,37,914.5,427.0,46.795,478.0,322.0,7.71,5,16,8,62.0,116.1,85.34,605.0,783.0,1271.0,94.0,756.0,72.12,246.0,11,1102,100.2,170,16,"Muscle Injury, Ligament Damage, Concussion, Calf Injury, Groin Strain, Back Injury, Meniscus Tear",2024-10-12,539.0,1.1,0,0,0,1,3.02,209,0,0.45,4917,0.477,0.423,0.1,2.67,70512,84.1,1,5.2,3831,913,4465,58.74,75.84,63.85,2,Rising,0.0387096774193548,0.1193548387096774,49,0.1580645161290322,2767.6153846153848,946.8157894736842,0.4000000000000003,11.2,5.220000000000001,32.58064516129032,8.35,50.34763786627047,0,Emerging,29.111338100102145,0.37845,10.213539653165528,0.4905,2.079891,40.577129032258064,45.16887399587733,67.92288087087054,22-25,44,0.1,0.8,0.6,0.2,2.6100000000000003,0.5,0.6160000000000001,1,2,High,1.0,Very High,Likely (6 months)
PL0314,Shawn Arroyo,Switzerland,LB,Al Ittihad,20,2006-08-08,Left,2029-04-03,3,180,30285,25,6,914.5,427.0,46.795,425.0,459.0,6.73,2,78,7,90.0,168.2,90.22,1295.0,332.0,1532.0,94.0,756.0,72.12,246.0,7,629,89.9,154,13,"Ligament Damage, Shoulder Injury, Ankle Injury, Knee Injury, Hamstring Injury, Groin Strain, Achilles Injury",2024-06-20,653.0,0.7,1,1,0,0,1.72,150,0,0.227,5081,0.214,0.399,0.387,6.05,51309,89.4,0,7.9,7536,3106,1078,19.23,26.66,40.5,5,Rising,0.1388888888888889,0.0333333333333333,31,0.1722222222222222,1164.8076923076924,4326.428571428572,-4.800000000000001,5.6,3.12,16.666666666666657,11.2375,49.44765455405419,0,Emerging,38.63754550182007,0.202938,11.719427516064748,0.3542,0.0,32.08173333333334,47.38000794076379,158.58493985829628,18-21,9,1.0,0.3,0.1,0.2,1.56,0.5,0.651,1,2,High,0.999,Very High,Possible (1 year)
PL0315,Bradley Tucker,Central African Republic,LB,PSG,26,2000-06-02,Both,2030-04-03,4,294,32335,23,45,914.5,427.0,46.795,425.0,459.0,7.57,8,24,8,36.8,110.0,85.91,537.0,1052.0,654.0,94.0,756.0,72.12,246.0,5,543,108.6,176,37,"Muscle Injury, Shoulder Injury, Fracture",2025-05-11,328.0,0.5,0,0,0,1,1.49,115,0,0.403,7568,0.286,0.39,0.325,8.14,57458,56.1,0,6.65,1499,1333,4172,58.49,66.24,114.78,4,Stable,0.0782312925170068,0.1530612244897959,68,0.2312925170068027,1347.2916666666667,702.9347826086956,-0.4000000000000003,13.88,2.49,60.8843537414966,18.1,200.5334245010664,1,Prime,0.0,0.226083,29.30010862119374,0.4355,0.0,46.10387074829932,82.02209830594026,77.49852201764888,26-29,11,1.0,0.8,0.6,0.2,1.245,0.5,0.7945000000000001,1,3,Very High,1.0,Very High,Very Likely (now)
PL0316,Benjamin Hodges,Belgium,CDM,Liverpool,19,2007-02-22,Left,2028-04-03,2,261,42368,75,31,914.5,427.0,46.795,389.0,787.0,7.63,1,65,4,261.0,162.3,87.93,395.0,783.0,1271.0,94.0,756.0,72.12,246.0,2,295,147.5,176,119,"Groin Strain, Knee Injury",2023-05-28,1042.0,0.2,1,0,0,0,0.81,67,0,0.416,37719,0.347,0.319,0.334,9.75,552496,32.3,0,4.72,719,1126,7886,44.62,57.72,84.07,5,Rising,0.2873563218390804,0.1187739463601532,106,0.4061302681992337,557.4736842105264,1324.0,-0.5,6.22,1.21,74.32950191570882,49.16666666666666,76.4900102687432,0,Emerging,29.35903182429404,0.134368,42.74190790824743,0.4538999999999999,0.0,47.53770038314176,100.0,104.20363959478684,18-21,50,0.1,0.3,0.3,0.2,0.605,0.4,0.26050000000000006,0,0,Low,0.0,Low,Unlikely
PL0317,Ralph Anderson,England,GK,Crystal Palace,32,1994-06-08,Right,2028-04-03,2,269,28287,2,1,914.5,427.0,46.795,425.0,459.0,6.64,10,77,6,26.9,105.2,85.79,643.0,783.0,1271.0,123.0,738.0,66.24,394.0,22,1883,85.6,176,16,"Ligament Damage, Shoulder Injury, Concussion, Calf Injury, Hip Injury, ACL Injury, Hamstring Injury, Groin Strain, Back Injury, Achilles Injury, Meniscus Tear, Fracture",2025-04-08,361.0,2.2,0,1,1,1,5.16,455,0,0.044,11438,0.155,0.595,0.25,10.11,180991,94.6,1,2.03,6010,3699,1168,4.7,6.07,24.49,6,Declining,0.0074349442379182,0.0037174721189591,3,0.0111524163568773,9429.0,14143.5,-3.6999999999999993,15.38,10.0,0.0,3.7217391304347824,8.0569934617457,0,Experienced,0.0,0.041624,4.15693364717816,0.1654,6.80561,29.9668,21.21880047076724,525.7333333333333,30-33,37,0.1,0.7,0.1,0.2,5.0,0.3,0.74,1,3,Very High,1.0,Very High,Very Likely (now)
PL0318,John Pierce,Germany,CDM,Marseille,25,2001-04-19,Both,2028-04-03,2,190,29355,83,57,914.5,427.0,46.795,469.0,206.0,6.51,7,51,6,27.1,154.5,90.77,219.0,783.0,1271.0,94.0,756.0,72.12,246.0,3,416,138.7,168,95,"Muscle Injury, Calf Injury, Back Injury",2025-10-18,168.0,0.3,0,0,0,0,1.14,99,0,0.007,1911,0.192,0.576,0.233,2.74,21994,0.3,1,6.45,1198,3858,11217,40.25,47.3,105.97,5,Rising,0.4368421052631579,0.3,140,0.7368421052631579,349.4642857142857,506.1206896551725,-1.0999999999999996,10.8,1.7399999999999998,47.89473684210527,34.675,68.99872060324775,1,Prime,0.0,2.1e-05,0.1449222596954656,0.2097,1.100736,38.198347368421054,35.836557073753724,92.60205422647527,22-25,57,0.1,0.8,0.1,0.2,0.8699999999999999,0.4,0.3570000000000001,0,1,Medium,0.0,Low,Possible (1 year)
PL0319,Derek Brennan,France,LB,West Ham,20,2006-01-09,Both,2028-04-03,2,227,21982,16,42,914.5,427.0,46.795,425.0,459.0,6.56,2,55,2,113.5,96.8,87.15,1068.0,845.0,1437.0,94.0,756.0,72.12,246.0,7,539,77.0,163,7,"Muscle Injury, Hip Injury, Ankle Injury, Knee Injury, Hamstring Injury, Back Injury",2025-09-24,192.0,0.7,1,1,0,0,1.48,102,0,0.0,16699,0.024,0.533,0.442,2.31,194635,62.5,1,4.81,5827,4274,16079,16.35,20.15,40.19,4,Rising,0.0704845814977973,0.185022026431718,58,0.2555066079295154,1293.0588235294117,511.2093023255814,2.5,6.54,2.88,55.06607929515418,9.625,28.02805172330685,0,Emerging,23.24159021406726,0.0,0.0,0.1487,8.900567,38.85861585903084,33.669307929515426,223.96896748720943,18-21,35,0.3,0.3,0.1,0.2,1.44,0.5,0.39399999999999996,0,1,Medium,0.0,Low,Possible (1 year)
PL0320,Jay Lewis,Kosovo,LW,Inter Milan,18,2008-02-22,Right,2027-04-04,1,266,40629,67,51,1031.0,385.0,37.02,746.0,190.0,7.8,1,79,5,266.0,152.7,85.79,643.0,783.0,1271.0,94.0,756.0,72.12,246.0,8,711,88.9,177,25,"Ligament Damage, Shoulder Injury, Hip Injury, Calf Injury, ACL Injury, Hamstring Injury, Fracture",2025-02-12,416.0,0.8,0,1,1,1,1.95,163,0,0.38,51796,0.456,0.311,0.233,6.4,844060,30.4,0,1.39,7271,1491,8329,44.19,59.58,87.08,5,Rising,0.2518796992481203,0.1917293233082706,118,0.4436090225563909,597.4852941176471,781.3269230769231,-2.9000000000000004,6.32,5.55,38.721804511278194,9.877777777777778,37.87644053984494,0,Emerging,34.82688391038697,0.11552,26.399572827998444,0.4405000000000001,0.0,41.08936090225565,69.0440396931255,90.92578203641436,18-21,52,0.1,0.3,0.3,0.2,2.775,0.7,0.5075000000000001,0,1,Medium,0.0,Low,Possible (1 year)
PL0321,Joshua Blair,Kosovo,ST,Galatasaray,26,2000-10-11,Right,2027-04-04,1,205,26030,110,143,871.0,413.0,39.03,367.0,584.0,8.18,8,39,3,25.6,127.0,85.79,643.0,783.0,1271.0,94.0,756.0,72.12,246.0,14,1272,90.9,177,13,"Ligament Damage, Muscle Injury, Shoulder Injury, Concussion, Hip Injury, Ankle Injury, ACL Injury, Hamstring Injury, Achilles Injury, Meniscus Tear",2025-03-17,383.0,1.4,0,1,1,1,3.48,210,0,0.501,36212,0.43,0.316,0.254,8.52,700033,10.4,0,9.2,4819,1150,1489,114.81,134.98,260.8,5,Stable,0.5365853658536586,0.697560975609756,253,1.2341463414634146,234.5045045045045,180.76388888888889,3.1,12.1,8.28,0.0,6.0600000000000005,98.40674673861956,1,Prime,0.0,0.052104,44.80739481210158,0.5582,0.0,36.2564,88.77929221815236,31.30679561350488,26-29,40,0.1,0.8,0.9,0.2,4.14,0.7,0.834,1,3,Very High,1.0,Very High,Very Likely (now)
PL0322,Curtis Collins,Iran,RB,Wolverhampton,25,2001-12-14,Right,2031-04-03,5,331,14394,10,33,914.5,427.0,46.795,425.0,459.0,7.43,7,36,6,47.3,43.5,78.36,652.0,1154.0,1268.0,94.0,756.0,72.12,246.0,10,1043,104.3,160,38,"Ligament Damage, Muscle Injury, Hip Injury, Calf Injury, Ankle Injury, Knee Injury, ACL Injury, Hamstring Injury, Groin Strain",2025-04-13,356.0,1.0,1,1,1,1,2.86,252,0,0.281,4837,0.251,0.459,0.29,13.87,73665,68.9,1,9.16,2495,918,16157,38.83,44.58,89.47,5,Rising,0.0302114803625377,0.0996978851963746,43,0.1299093655589124,1308.5454545454545,423.3529411764706,0.4000000000000003,13.62,6.859999999999999,23.86706948640483,9.481818181818182,166.4112000636093,1,Prime,0.0,0.193609,33.067135926134235,0.3875,2.220183,37.99241389728097,74.87691083784183,95.38642705819976,22-25,60,0.1,0.8,0.1,0.2,3.4299999999999997,0.5,0.623,1,2,High,1.0,Very High,Likely (6 months)
PL0323,Zachary Santos,Colombia,CM,Borussia Dortmund,25,2001-06-17,Left,2031-04-03,5,205,30841,66,71,914.5,427.0,46.795,255.0,403.0,6.64,7,32,8,29.3,150.4,90.02,327.0,783.0,1271.0,94.0,756.0,72.12,246.0,2,80,40.0,41,39,"Ankle Injury, Concussion",2025-01-09,450.0,0.2,0,0,0,0,0.22,15,0,0.311,12257,0.403,0.435,0.161,4.62,166816,28.7,1,4.83,6287,3729,8602,61.8,78.29,58.23,3,Rising,0.3219512195121951,0.3463414634146341,137,0.6682926829268293,460.3134328358209,428.34722222222223,-1.1999999999999993,11.1,0.62,92.6829268292683,13.333333333333334,264.8522318807895,1,Prime,0.0,0.0892569999999999,13.52612874190211,0.4066,5.3317950000000005,48.12978536585366,63.11408579578,76.63978561441665,22-25,45,0.1,0.8,0.6,0.2,0.31,0.5,0.38600000000000007,0,1,Medium,0.0,Low,Possible (1 year)
PL0324,Jeffrey Holmes,Central African Republic,CAM,Bayern Munich,25,2001-10-02,Right,2031-04-03,5,476,39941,76,35,914.5,427.0,46.795,537.0,366.0,7.61,7,55,5,68.0,83.9,82.73,700.0,783.0,1271.0,94.0,756.0,72.12,246.0,11,1095,99.5,157,17,"Muscle Injury, Shoulder Injury, Knee Injury, ACL Injury, Hamstring Injury, Achilles Injury, Fracture",2025-06-02,306.0,1.1,1,1,1,1,3.0,237,0,0.59,17390,0.549,0.306,0.145,11.03,233975,73.6,0,8.78,5996,4415,10510,98.81,118.23,218.88,4,Rising,0.1596638655462184,0.0735294117647058,111,0.2331932773109243,518.7142857142857,1109.4722222222222,-0.5,16.52,7.2,50.21008403361344,8.291666666666666,423.46357657185774,1,Prime,0.0,0.4342399999999999,63.53928326749803,0.6273,0.0,45.040616806722696,100.0,45.12635688480382,22-25,57,0.1,0.8,0.9,0.2,3.6,0.6,0.7700000000000002,1,3,Very High,1.0,Very High,Very Likely (now)
PL0325,Bryan Walker,Poland,CAM,Villarreal,19,2007-01-16,Right,2030-04-03,4,392,22458,36,31,914.5,427.0,46.795,334.0,719.0,6.67,1,68,0,392.0,57.3,86.21,720.0,783.0,1271.0,94.0,756.0,72.12,246.0,4,301,75.2,110,37,"Ankle Injury, Shoulder Injury, Calf Injury, Hamstring Injury",2025-01-27,432.0,0.4,0,1,0,0,0.82,58,0,0.146,12851,0.253,0.435,0.312,10.39,244922,45.8,1,2.36,7125,2423,3203,39.56,46.34,70.64,4,Rising,0.0918367346938775,0.0790816326530612,67,0.1709183673469387,606.972972972973,701.8125,3.2,8.84,1.62,85.20408163265306,15.04,135.6317707858127,0,Emerging,17.13852376137513,0.0668679999999999,14.352155735314415,0.2709,5.590185,46.03061632653062,61.30354176623693,113.48771283661394,18-21,21,0.6,0.3,0.1,0.2,0.81,0.6,0.44600000000000006,0,1,Medium,0.0,Low,Possible (1 year)
PL0326,George Chapman,South Korea,CM,Real Sociedad,22,2004-08-03,Both,2027-04-04,1,183,28652,63,71,914.5,427.0,46.795,331.0,302.0,7.75,4,65,4,45.8,156.6,84.69,517.0,783.0,1271.0,94.0,756.0,72.12,246.0,5,438,87.6,124,23,"Ligament Damage, Calf Injury, Hip Injury, Ankle Injury, Achilles Injury",2024-02-23,771.0,0.5,0,0,0,0,1.2,65,0,0.439,16543,0.423,0.361,0.216,13.61,136469,47.3,0,1.65,2723,2333,19041,66.26,80.14,170.82,5,Rising,0.3442622950819672,0.3879781420765027,134,0.73224043715847,447.6875,397.94444444444446,-0.5,7.66,2.2,64.48087431693989,14.6,56.79323263566703,0,Emerging,20.94778146694837,0.2076469999999999,58.037788300873,0.4468,0.0,46.32177486338797,100.0,68.86972177131723,22-25,18,0.6,0.5,0.6,0.2,1.1,0.5,0.5800000000000001,1,2,High,0.998,Very High,Likely (6 months)
PL0327,David Robinson,Mali,GK,West Ham,19,2007-03-09,Right,2031-04-03,5,208,16267,2,5,914.5,427.0,46.795,425.0,459.0,7.44,1,45,5,208.0,78.2,85.79,643.0,783.0,1271.0,143.0,799.0,79.89,108.0,1,147,147.0,147,147,Ligament Damage,2024-11-16,504.0,0.1,0,0,0,0,0.4,36,0,0.245,8728,0.32,0.431,0.249,10.71,111919,14.7,1,9.04,4144,3642,18110,15.59,18.31,7.48,1,Rising,0.0096153846153846,0.0240384615384615,7,0.0336538461538461,5422.333333333333,2711.1666666666665,0.5,5.16,0.6000000000000001,82.6923076923077,73.5,66.81304684500822,0,Emerging,17.44708146247594,0.036015,23.810787872280823,0.3982,3.761768,48.12686153846155,78.579612577652,290.09560903231795,18-21,55,0.1,0.3,0.1,0.2,0.30000000000000004,0.3,0.19,0,0,Low,0.0,Low,Unlikely
PL0328,Benjamin Welch,Hungary,GK,Barcelona,27,1999-06-13,Both,2031-04-03,5,161,18111,0,1,914.5,427.0,46.795,425.0,459.0,6.38,9,70,0,17.9,112.5,85.79,643.0,783.0,1271.0,112.0,409.0,67.18,179.0,14,1588,113.4,171,24,"Ligament Damage, Concussion, Hip Injury, Calf Injury, Ankle Injury, Knee Injury, Achilles Injury, Meniscus Tear, Fracture",2026-01-02,92.0,1.4,1,0,0,1,4.35,232,0,0.0,11604,0.008,0.594,0.398,4.61,117994,80.2,1,8.54,6215,3276,19202,15.19,19.16,53.52,5,Stable,0.0,0.0062111801242236,1,0.0062111801242236,18111.0,9055.5,3.0,12.22,7.15,0.0,7.56,65.09879291697722,1,Prime,0.0,0.0,0.0,0.1689999999999999,6.892776,28.302,19.851,174.81161210623844,26-29,47,0.1,0.8,0.1,0.2,3.575,0.3,0.6175000000000002,1,2,High,1.0,Very High,Likely (6 months)
PL0329,Darryl Whitehead,Uruguay,RB,Juventus,24,2002-10-14,Both,2027-04-04,1,181,33036,15,60,914.5,427.0,46.795,425.0,459.0,6.5,6,32,2,30.2,182.5,83.81,1000.0,680.0,1764.0,94.0,756.0,72.12,246.0,5,387,77.4,147,7,"Groin Strain, Muscle Injury, Knee Injury, ACL Injury",2024-09-26,555.0,0.5,1,0,1,1,1.06,73,0,0.0,10610,0.181,0.521,0.299,2.65,207547,77.7,1,9.64,2705,3897,7026,31.72,40.85,23.51,1,Rising,0.0828729281767955,0.3314917127071823,75,0.4143646408839779,2064.75,541.5737704918033,4.8,9.62,4.0600000000000005,59.668508287292816,12.9,27.188067298571656,0,Prime,28.783102143757887,0.0,0.0,0.2465,5.527810000000001,40.350701657458565,32.05535082872928,123.32121533453106,22-25,35,0.3,0.8,0.1,0.2,2.0300000000000002,0.5,0.5530000000000002,1,2,High,0.999,Very High,Likely (6 months)
PL0330,Scott Jones,Switzerland,CM,Villarreal,21,2005-09-24,Both,2028-04-03,2,445,21160,95,43,914.5,427.0,46.795,600.0,573.0,6.54,3,36,4,148.3,47.6,92.02,366.0,783.0,1271.0,94.0,756.0,72.12,246.0,4,429,107.2,147,43,"Ankle Injury, Back Injury, Hip Injury",2024-12-22,468.0,0.4,0,0,0,0,1.18,97,0,0.321,27336,0.253,0.398,0.349,8.29,212369,7.2,0,8.67,179,270,18306,42.65,47.04,6.79,1,Rising,0.2134831460674157,0.096629213483146,138,0.3101123595505618,220.41666666666663,480.9090909090909,2.4000000000000004,11.9,1.98,78.20224719101124,21.44,73.11293003052214,0,Emerging,10.293083235638925,0.023112,27.18568579334365,0.4114,0.0,45.00324943820225,79.32015340911661,103.1002278080235,18-21,24,0.6,0.5,0.3,0.2,0.99,0.5,0.524,0,1,Medium,0.003,Low,Possible (1 year)
PL0331,David Caldwell,South Korea,CAM,AS Roma,19,2007-06-27,Left,2030-04-03,4,386,36690,57,53,914.5,427.0,46.795,164.0,528.0,6.54,1,70,0,386.0,95.1,90.18,539.0,783.0,1271.0,94.0,756.0,72.12,246.0,0,0,0.0,0,0,,2023-06-26,614.0,0.0,0,0,0,0,0.0,0,0,0.247,19717,0.346,0.429,0.226,9.63,207248,14.2,1,3.74,5677,3231,12673,41.6,46.54,70.35,4,Rising,0.1476683937823834,0.1373056994818652,110,0.2849740932642487,632.5862068965517,679.4444444444445,3.0,8.719999999999999,0.0,100.0,0.0,142.6259268121792,0,Emerging,11.874999999999996,0.0350739999999999,23.52275743424892,0.3541999999999999,8.458593,48.6124,79.59033615137338,114.11361502347415,18-21,22,0.6,0.3,0.3,0.2,0.0,0.6,0.395,0,1,Medium,0.0,Low,Possible (1 year)
PL0332,Daniel Anderson,Ghana,CB,Real Madrid,21,2005-07-11,Left,2029-04-03,3,223,26858,4,39,914.5,427.0,46.795,425.0,459.0,6.52,3,22,0,74.3,120.4,88.12,1172.0,1080.0,1725.0,94.0,756.0,72.12,246.0,4,284,71.0,127,23,"Muscle Injury, Calf Injury, Hip Injury",2024-02-20,774.0,0.4,0,0,0,0,0.78,45,0,0.0,23113,0.145,0.5,0.355,13.34,433440,81.1,1,2.92,856,1733,1210,32.96,40.0,76.32,6,Rising,0.0179372197309417,0.1748878923766816,43,0.1928251121076233,5371.6,671.45,7.8,7.46,1.58,79.82062780269058,14.2,84.75271420185263,0,Emerging,21.35922330097087,0.0,0.0,0.1727,11.5565,43.88152556053812,38.78076278026906,129.21532850570705,18-21,24,0.6,0.5,0.1,0.2,0.79,0.4,0.4640000000000001,0,1,Medium,0.0,Low,Possible (1 year)
PL0333,Timothy Duncan,Italy,RW,Borussia Dortmund,21,2005-02-27,Right,2027-04-04,1,348,22597,53,78,535.0,315.0,54.37,675.0,575.0,7.94,3,78,7,116.0,64.9,85.79,643.0,783.0,1271.0,94.0,756.0,72.12,246.0,5,468,93.6,155,45,"Muscle Injury, Knee Injury, ACL Injury, Calf Injury",2023-09-10,937.0,0.5,1,0,1,1,1.28,99,0,0.366,12957,0.438,0.354,0.208,10.28,130550,18.9,0,6.29,5394,3602,17767,75.94,96.32,138.77,4,Rising,0.1522988505747126,0.2241379310344827,131,0.3764367816091954,418.462962962963,286.0379746835443,-4.800000000000001,9.96,4.28,71.55172413793103,15.6,65.09022164733706,0,Emerging,26.836976560442448,0.069174,35.62868635737701,0.4699,0.0,49.00214482758621,89.38410194985862,63.68877674497817,18-21,33,0.3,0.5,0.9,0.2,2.14,0.7,0.644,1,2,High,1.0,Very High,Likely (6 months)
PL0334,John Mueller,Slovakia,CB,Real Madrid,25,2001-12-12,Both,2028-04-03,2,218,33267,2,24,914.5,427.0,46.795,425.0,459.0,7.15,7,56,1,31.1,152.6,79.79,1375.0,780.0,1026.0,94.0,756.0,72.12,246.0,10,752,75.2,157,9,"Muscle Injury, Ligament Damage, Concussion, Calf Injury, Knee Injury, Groin Strain, Back Injury, Fracture",2025-03-03,397.0,1.0,1,0,0,1,2.06,113,0,0.194,27960,0.308,0.533,0.159,12.44,482184,2.8,1,5.49,812,3541,1641,49.29,64.02,160.11,6,Rising,0.0091743119266055,0.110091743119266,26,0.1192660550458715,11089.0,1330.68,3.4000000000000004,11.36,4.0600000000000005,48.1651376146789,6.836363636363637,84.49557611264798,1,Prime,0.0,0.005432,24.709345547849622,0.3182999999999999,14.90268,41.14162752293578,69.51483208324233,81.80876421343363,22-25,60,0.1,0.8,0.3,0.2,2.0300000000000002,0.4,0.5030000000000001,0,1,Medium,0.0,Low,Possible (1 year)
PL0335,Robert Lee,Russia,ST,Bayer Leverkusen,24,2002-09-11,Both,2027-04-04,1,414,31448,221,131,801.0,328.0,39.39,332.0,296.0,6.81,6,20,1,69.0,76.0,85.79,643.0,783.0,1271.0,94.0,756.0,72.12,246.0,13,1124,86.5,156,20,"Muscle Injury, Ligament Damage, Concussion, Calf Injury, Ankle Injury, Knee Injury, Groin Strain, Back Injury, Fracture",2026-03-05,30.0,1.3,1,0,0,1,3.08,222,0,0.012,32871,0.029,0.535,0.436,5.11,594248,3.1,1,1.46,4651,4893,2799,65.02,76.16,153.27,5,Rising,0.533816425120773,0.3164251207729469,352,0.8502415458937198,141.6576576576577,238.24242424242425,7.0,14.28,5.68,46.37681159420289,6.178571428571429,55.7303952002878,0,Prime,17.133189787757615,0.000372,0.6377510876277384,0.1211,17.585985,39.61356231884057,29.40340779086189,60.00236643265764,22-25,31,0.3,0.8,0.6,0.2,2.84,0.7,0.729,1,3,Very High,1.0,Very High,Very Likely (now)
PL0336,Brent Jordan,Tunisia,LB,Napoli,28,1998-12-02,Left,2029-04-03,3,356,22750,8,20,914.5,427.0,46.795,425.0,459.0,6.69,10,69,8,35.6,63.9,88.22,863.0,556.0,878.0,94.0,756.0,72.12,246.0,14,1540,110.0,178,18,"Muscle Injury, Ligament Damage, Concussion, Ankle Injury, Hamstring Injury, Back Injury, Achilles Injury, Meniscus Tear, Fracture",2023-11-10,876.0,1.4,0,1,0,1,4.22,368,0,0.264,11187,0.247,0.51,0.243,4.56,149875,8.2,1,7.55,6351,2002,16706,26.13,32.56,64.5,6,Stable,0.0224719101123595,0.0561797752808988,28,0.0786516853932584,2527.777777777778,1083.3333333333333,-4.9,17.12,7.02,0.0,7.333333333333333,67.19018270917503,1,Prime,0.0,0.021648,11.222915237874815,0.3532,5.70537,30.890400000000003,38.239572856812224,113.86067084408408,26-29,42,0.1,0.8,0.1,0.2,3.51,0.5,0.631,1,2,High,1.0,Very High,Likely (6 months)
PL0337,Jeff Owens,Egypt,RB,Galatasaray,22,2004-10-17,Right,2028-04-03,2,414,32412,19,53,914.5,427.0,46.795,425.0,459.0,6.49,4,14,6,103.5,78.3,83.25,669.0,635.0,1364.0,94.0,756.0,72.12,246.0,3,196,65.3,102,25,"Ankle Injury, ACL Injury, Calf Injury",2025-02-27,401.0,0.3,0,0,1,1,0.54,28,0,0.287,7502,0.376,0.493,0.132,13.6,117166,80.0,1,8.49,5425,2138,12476,25.63,30.04,43.05,3,Rising,0.0458937198067632,0.1280193236714976,72,0.1739130434782608,1620.6,600.2222222222222,2.6,12.28,3.14,93.23671497584542,16.325,43.936328175434525,0,Emerging,17.20639875146313,0.2295999999999999,34.82848084253089,0.4139,3.698486,47.89114299516909,89.90829276138088,179.8390649461851,22-25,31,0.3,0.5,0.1,0.2,1.57,0.5,0.44700000000000006,0,1,Medium,0.0,Low,Possible (1 year)
PL0338,Nicholas Nunez,Canada,CAM,AS Roma,19,2007-06-28,Right,2031-04-03,5,204,42224,35,43,914.5,427.0,46.795,223.0,214.0,6.74,1,51,0,204.0,207.0,88.25,443.0,783.0,1271.0,94.0,756.0,72.12,246.0,6,219,36.5,56,15,"Muscle Injury, Ligament Damage, Concussion, ACL Injury, Back Injury, Achilles Injury",2024-05-18,686.0,0.6,0,0,1,1,0.6,53,0,0.318,15165,0.328,0.384,0.288,9.01,189442,6.7,0,2.53,8388,3011,7863,44.41,60.74,116.97,6,Rising,0.1715686274509804,0.2107843137254902,78,0.3823529411764705,1172.888888888889,959.6363636363636,4.9,5.08,3.8,74.01960784313725,5.214285714285714,190.3250423596417,0,Emerging,36.7709975230804,0.021306,27.582547370327088,0.3741,0.0,43.528121568627455,75.53788183980436,95.8558061409986,18-21,58,0.1,0.3,0.3,0.2,1.9,0.6,0.41000000000000003,0,1,Medium,0.0,Low,Possible (1 year)
PL0339,William Garcia,Italy,CM,Newcastle,25,2001-04-26,Both,2030-04-03,4,472,31954,71,64,914.5,427.0,46.795,471.0,392.0,7.11,7,37,7,67.4,67.7,91.3,791.0,783.0,1271.0,94.0,756.0,72.12,246.0,2,269,134.5,179,90,"Achilles Injury, Hip Injury",2025-06-26,282.0,0.2,0,0,0,0,0.74,43,0,0.329,6218,0.377,0.411,0.212,8.11,70101,70.9,1,7.17,2918,723,5476,62.72,80.28,92.69,3,Rising,0.1504237288135593,0.135593220338983,135,0.2860169491525424,443.80555555555554,491.6,-0.6999999999999993,16.439999999999998,1.14,90.88983050847456,44.833333333333336,215.0360127322086,1,Prime,0.0,0.233261,23.30761194138138,0.4342,2.555598,50.77436610169492,78.06860096291953,79.68356262036241,22-25,28,0.3,0.8,0.6,0.2,0.57,0.5,0.482,0,1,Medium,0.007,Low,Possible (1 year)
PL0340,James Morgan,Russia,GK,Nice,25,2001-11-18,Both,2027-04-04,1,309,22111,2,3,914.5,427.0,46.795,425.0,459.0,7.4,7,53,2,44.1,71.6,85.79,643.0,783.0,1271.0,55.0,1162.0,69.75,363.0,6,312,52.0,110,13,"Ligament Damage, Muscle Injury, Knee Injury, Hamstring Injury, Fracture",2024-10-27,524.0,0.6,1,1,0,1,0.85,64,0,0.205,8765,0.317,0.523,0.16,8.81,154368,91.8,1,2.1,9327,245,668,29.11,38.11,22.31,2,Rising,0.0064724919093851,0.0097087378640776,5,0.0161812297734627,7370.333333333333,5527.75,2.7,13.18,2.05,79.28802588996763,7.428571428571429,24.950965922491203,1,Prime,0.0,0.18819,16.39647033284168,0.2935,4.5840950000000005,48.680605177993534,64.83500808825929,161.67587239453184,22-25,14,0.6,0.8,0.1,0.2,1.025,0.3,0.5375000000000001,0,1,Medium,0.101,Low,Possible (1 year)
PL0341,Scott Wright,Egypt,RB,Crystal Palace,23,2003-05-23,Right,2029-04-03,3,280,24673,33,54,914.5,427.0,46.795,425.0,459.0,6.75,5,76,4,56.0,88.1,87.35,1334.0,979.0,697.0,94.0,756.0,72.12,246.0,13,1008,77.5,157,11,"Muscle Injury, Shoulder Injury, Concussion, Calf Injury, Ankle Injury, Hamstring Injury, Groin Strain, Achilles Injury",2025-12-29,96.0,1.3,0,1,0,0,2.76,191,0,0.172,8702,0.293,0.435,0.273,11.05,81294,27.3,1,5.6,5852,3489,15056,27.36,35.03,21.56,1,Rising,0.1178571428571428,0.1928571428571428,87,0.3107142857142857,725.6764705882352,448.6,-1.5999999999999996,10.6,5.359999999999999,31.78571428571428,5.535714285714286,70.35298120639223,0,Emerging,28.03362573099416,0.046956,17.24114669214375,0.3257,3.78537,36.12854285714286,53.205991466787054,127.39260527906512,22-25,17,0.6,0.8,0.1,0.2,2.6799999999999997,0.5,0.7230000000000001,1,3,Very High,1.0,Very High,Very Likely (now)
PL0342,Connor West,Norway,LB,Al Nassr,25,2001-03-19,Right,2030-04-03,4,182,39123,25,32,914.5,427.0,46.795,425.0,459.0,7.57,7,24,1,26.0,215.0,79.32,452.0,856.0,758.0,94.0,756.0,72.12,246.0,8,645,80.6,176,14,"Calf Injury, Knee Injury, Groin Strain, Back Injury, Meniscus Tear",2025-09-10,206.0,0.8,1,0,0,1,1.77,116,0,0.562,4804,0.559,0.319,0.122,3.44,92521,65.0,0,4.42,215,2480,10543,54.94,74.58,105.89,5,Rising,0.1373626373626373,0.1758241758241758,57,0.3131868131868132,1504.7307692307693,1185.5454545454545,6.6,10.64,3.37,36.26373626373627,8.955555555555556,188.36222161204623,1,Prime,0.0,0.3653,16.389211692724682,0.5729000000000001,0.0,40.80654725274726,58.24709116546065,72.94699187119639,22-25,58,0.1,0.8,0.3,0.2,1.685,0.5,0.4785000000000001,0,1,Medium,0.0,Low,Possible (1 year)
PL0343,Javier Ramirez,Denmark,RW,Everton,23,2003-02-24,Right,2031-04-03,5,451,38653,105,41,1111.0,514.0,44.05,766.0,234.0,8.14,5,74,2,90.2,85.7,85.79,643.0,783.0,1271.0,94.0,756.0,72.12,246.0,5,514,102.8,171,51,"Ligament Damage, Ankle Injury, Knee Injury, Groin Strain, Meniscus Tear",2024-11-22,498.0,0.5,1,0,0,1,1.41,119,0,0.502,58338,0.467,0.383,0.15,7.22,1008190,31.0,0,4.96,6664,4076,14949,89.79,111.27,160.88,5,Rising,0.2328159645232816,0.0909090909090909,146,0.3237250554323725,364.6509433962264,920.309523809524,0.5999999999999996,14.02,2.41,73.61419068736141,17.133333333333333,384.80715049475873,0,Emerging,23.92248580020045,0.1556199999999999,39.77469916649793,0.5139,0.0,51.11463813747229,100.0,56.29985476095636,22-25,6,1.0,0.8,0.9,0.2,1.205,0.7,0.8555,1,3,Very High,1.0,Very High,Very Likely (now)
PL0344,David Leblanc,Ivory Coast,CB,Monaco,23,2003-06-06,Left,2029-04-03,3,353,40370,34,17,914.5,427.0,46.795,425.0,459.0,6.32,5,55,8,70.6,114.4,81.11,690.0,1160.0,1893.0,94.0,756.0,72.12,246.0,11,1001,91.0,180,39,"Ligament Damage, Shoulder Injury, Calf Injury, Ankle Injury, Hamstring Injury, Meniscus Tear, Fracture",2024-10-11,540.0,1.1,0,1,0,1,2.74,217,0,0.181,10089,0.29,0.518,0.193,7.0,180794,48.1,1,4.55,9310,2940,4319,25.06,33.65,67.51,5,Rising,0.0963172804532577,0.0481586402266288,51,0.1444759206798866,1153.428571428571,2242.777777777778,-3.5,12.06,4.94,38.52691218130312,7.583333333333333,64.43880515468528,0,Emerging,34.277733439744615,0.087061,11.680853243611478,0.3012999999999999,5.226102,35.99998243626063,45.64127108354753,138.1426801084445,22-25,6,1.0,0.8,0.1,0.2,2.47,0.4,0.8320000000000001,1,3,Very High,1.0,Very High,Very Likely (now)
PL0345,Jeremy Callahan,Poland,LB,Athletic Bilbao,22,2004-02-02,Both,2028-04-03,2,227,31944,35,38,914.5,427.0,46.795,425.0,459.0,6.6,4,77,2,56.8,140.7,83.08,496.0,1119.0,1591.0,94.0,756.0,72.12,246.0,8,689,86.1,156,20,"Ligament Damage, Concussion, Groin Strain, Meniscus Tear, Fracture",2024-11-24,496.0,0.8,0,0,0,1,1.89,133,0,0.0,14226,0.068,0.596,0.335,9.62,137462,88.0,1,9.34,1256,4072,12119,24.6,29.28,65.92,6,Rising,0.1541850220264317,0.1674008810572687,73,0.3215859030837004,887.3333333333334,819.0769230769231,0.3000000000000007,8.54,3.49,41.40969162995594,9.566666666666666,42.1706466295626,0,Emerging,19.02439024390244,0.0,0.0,0.1946,8.478696,36.77913832599119,31.409569162995595,143.66850908590308,22-25,52,0.1,0.5,0.1,0.2,1.745,0.5,0.3945,0,1,Medium,0.0,Low,Possible (1 year)
PL0346,Joshua Williams,Japan,GK,Wolverhampton,18,2008-02-09,Both,2030-04-03,4,245,18701,0,5,914.5,427.0,46.795,425.0,459.0,7.3,1,29,8,245.0,76.3,85.79,643.0,783.0,1271.0,61.0,1050.0,75.78,215.0,8,945,118.1,170,52,"Muscle Injury, Ligament Damage, Ankle Injury, Knee Injury, ACL Injury, Achilles Injury, Meniscus Tear",2023-12-29,827.0,0.8,1,0,1,1,2.59,182,0,0.15,11109,0.209,0.504,0.287,9.71,139075,99.6,1,5.21,5000,2309,4844,11.67,15.57,27.78,4,Rising,0.0,0.0204081632653061,5,0.0204081632653061,18701.0,3116.833333333333,-0.9000000000000004,5.9,6.19,25.714285714285708,13.122222222222222,40.01068668024354,0,Emerging,33.41902313624679,0.1493999999999999,13.568172685555949,0.274,5.598936,36.07085714285715,46.007687599762505,284.6950050738528,18-21,39,0.1,0.3,0.1,0.2,3.095,0.3,0.46950000000000003,0,1,Medium,0.0,Low,Possible (1 year)
PL0347,Zachary Huff,Slovenia,CB,Real Sociedad,19,2007-08-14,Both,2029-04-03,3,367,20125,19,8,914.5,427.0,46.795,425.0,459.0,7.56,1,70,7,367.0,54.8,90.61,1220.0,603.0,1298.0,94.0,756.0,72.12,246.0,5,486,97.2,151,23,"Muscle Injury, Ankle Injury, Groin Strain, Achilles Injury, Meniscus Tear",2023-05-24,1046.0,0.5,0,0,0,1,1.33,72,0,0.257,4363,0.32,0.426,0.254,2.53,80087,17.0,1,8.44,7758,1951,17442,29.96,41.83,15.57,1,Rising,0.0517711171662125,0.0217983651226158,27,0.0735694822888283,1006.25,2236.1111111111118,-4.0,8.34,2.33,80.38147138964578,16.2,77.03857152571312,0,Emerging,39.61949265687583,0.04369,5.449503865832285,0.398,1.858638,48.78029427792915,47.904402937713,157.5590900449908,18-21,37,0.1,0.3,0.1,0.2,1.165,0.4,0.2865,0,0,Low,0.0,Low,Unlikely
PL0348,Wayne House,Ivory Coast,LW,Liverpool,18,2008-07-04,Left,2029-04-03,3,334,19760,214,145,1014.0,200.0,36.5,769.0,469.0,6.78,1,18,0,334.0,59.2,85.79,643.0,783.0,1271.0,94.0,756.0,72.12,246.0,6,533,88.8,128,33,"Ligament Damage, Shoulder Injury, ACL Injury, Groin Strain, Achilles Injury",2024-03-06,759.0,0.6,0,0,1,1,1.46,86,0,0.168,95536,0.13,0.536,0.334,3.82,1072227,96.0,1,2.82,713,2063,5515,45.9,55.38,7.55,1,Rising,0.6407185628742516,0.4341317365269461,359,1.0748502994011977,91.90697674418604,135.34246575342465,8.2,7.68,4.66,74.25149700598803,12.685714285714283,118.02638294493433,0,Emerging,20.65359477124184,0.16128,7.359234480273204,0.2272,51.207296,43.96069940119761,43.69920142100861,93.73283454413136,18-21,59,0.1,0.3,0.3,0.2,2.33,0.7,0.463,0,1,Medium,0.0,Low,Possible (1 year)
PL0349,Samuel Martin,Netherlands,GK,Real Sociedad,24,2002-11-10,Both,2027-04-04,1,343,26947,0,1,914.5,427.0,46.795,425.0,459.0,6.71,6,30,6,57.2,78.6,85.79,643.0,783.0,1271.0,101.0,564.0,78.0,224.0,6,686,114.3,177,76,"Muscle Injury, Shoulder Injury, ACL Injury, Groin Strain, Back Injury",2023-12-21,835.0,0.6,0,0,1,1,1.88,114,0,0.298,1466,0.219,0.365,0.416,11.05,29316,82.1,0,3.15,424,697,3755,25.2,29.88,34.59,2,Rising,0.0,0.0029154518950437,1,0.0029154518950437,26947.0,13473.5,1.0,12.86,5.08,66.76384839650146,16.32857142857143,21.5995994931906,0,Prime,18.571428571428573,0.244658,24.008450846947024,0.3434,0.0,43.45156967930029,67.57846111007068,165.84568579885607,22-25,53,0.1,0.8,0.1,0.2,2.54,0.3,0.514,0,1,Medium,0.0,Low,Possible (1 year)
PL0350,John Lewis,France,CB,RB Leipzig,21,2005-01-07,Right,2029-04-03,3,350,32879,14,20,914.5,427.0,46.795,425.0,459.0,6.66,3,61,1,116.7,93.9,91.49,1117.0,372.0,963.0,94.0,756.0,72.12,246.0,8,745,93.1,158,46,"Muscle Injury, Concussion, Calf Injury, Ankle Injury, Knee Injury, Fracture",2023-09-10,937.0,0.8,1,0,0,1,2.04,159,0,0.334,18647,0.286,0.336,0.377,6.6,233581,32.3,0,5.71,5339,3093,4572,28.88,35.63,85.1,6,Rising,0.04,0.0571428571428571,34,0.0971428571428571,2191.9333333333334,1565.6666666666667,2.9000000000000004,10.0,3.64,54.57142857142857,10.344444444444443,74.26148016230292,0,Emerging,23.37257617728533,0.1078819999999999,21.676954571969453,0.4093,0.0,40.37288571428572,65.42187471509703,135.11675272518647,18-21,30,0.3,0.5,0.1,0.2,1.82,0.4,0.4620000000000001,0,1,Medium,0.001,Low,Possible (1 year)
PL0351,James Brown,Ivory Coast,RW,Inter Milan,23,2003-06-04,Left,2027-04-04,1,469,37330,68,51,1308.0,345.0,48.44,535.0,161.0,7.55,5,76,4,93.8,79.6,85.79,643.0,783.0,1271.0,94.0,756.0,72.12,246.0,5,543,108.6,167,64,"Ligament Damage, Concussion, Calf Injury, Groin Strain, Back Injury",2024-06-01,672.0,0.5,0,0,0,0,1.49,109,0,0.466,18490,0.405,0.318,0.277,5.59,206737,45.7,0,3.28,7551,4336,7118,84.15,108.63,182.51,5,Rising,0.1449893390191897,0.1087420042643923,119,0.2537313432835821,541.0144927536232,717.8846153846154,-1.5999999999999996,14.38,2.49,76.75906183368869,18.1,72.12723402190433,0,Emerging,29.09090909090908,0.212962,25.59363815080483,0.4771,0.0,49.38201236673774,78.10146340957611,57.99414253286874,22-25,45,0.1,0.8,0.9,0.2,1.245,0.7,0.5445000000000001,0,1,Medium,0.002,Low,Possible (1 year)
PL0352,James Galloway,Portugal,CB,LA Galaxy,28,1998-07-18,Right,2028-04-03,2,418,16862,32,19,914.5,427.0,46.795,425.0,459.0,7.09,10,29,1,41.8,40.3,85.58,1297.0,605.0,755.0,94.0,756.0,72.12,246.0,13,1330,102.3,178,13,"Ligament Damage, Shoulder Injury, Concussion, Hip Injury, Knee Injury, Groin Strain, Back Injury, Meniscus Tear",2025-09-20,196.0,1.3,1,0,0,1,3.64,280,0,0.199,11548,0.316,0.43,0.254,8.52,181179,8.9,1,3.17,5819,3305,14100,28.51,34.26,69.5,6,Stable,0.0765550239234449,0.0454545454545454,51,0.1220095693779904,510.969696969697,843.1,6.1,18.36,6.24,33.014354066985646,7.307142857142857,48.873379488163806,1,Prime,0.0,0.017711,15.86012034391849,0.3201,4.9656400000000005,39.275070813397136,50.94771592257629,133.09071776820446,26-29,50,0.1,0.8,0.1,0.2,3.12,0.4,0.5820000000000001,1,2,High,0.999,Very High,Likely (6 months)
PL0353,Derek Bowers,Nigeria,LW,Napoli,21,2005-02-13,Left,2027-04-04,1,344,24216,40,73,923.0,315.0,47.54,636.0,322.0,7.98,3,72,4,114.7,70.4,85.79,643.0,783.0,1271.0,94.0,756.0,72.12,246.0,3,342,114.0,179,28,"Ligament Damage, Knee Injury, Hip Injury",2023-05-15,1055.0,0.3,1,0,0,0,0.94,60,0,0.661,49082,0.512,0.318,0.17,12.5,644895,80.6,0,4.2,8901,3632,8403,88.13,122.89,111.15,3,Rising,0.1162790697674418,0.2122093023255813,113,0.3284883720930232,590.6341463414634,327.2432432432432,-1.1999999999999993,9.88,1.54,82.55813953488372,28.5,75.538599338686,0,Emerging,39.44173380233747,0.5327660000000001,89.24547702889292,0.5964,0.0,51.60042790697676,100.0,57.89344542463453,18-21,58,0.1,0.5,0.9,0.2,0.77,0.7,0.43700000000000006,0,1,Medium,0.0,Low,Possible (1 year)
PL0354,Jesse Henderson,South Korea,ST,Juventus,22,2004-06-19,Right,2030-04-03,4,285,32432,56,36,1142.0,447.0,52.39,880.0,656.0,7.91,4,65,6,71.2,113.8,85.79,643.0,783.0,1271.0,94.0,756.0,72.12,246.0,7,446,63.7,134,12,"Ligament Damage, Ankle Injury, ACL Injury, Hamstring Injury, Meniscus Tear, Fracture",2026-03-27,8.0,0.7,0,1,1,1,1.22,69,1,0.305,49436,0.242,0.489,0.269,7.03,281224,12.3,1,6.53,9654,958,14361,106.11,127.71,260.6,5,Rising,0.1964912280701754,0.1263157894736842,92,0.3228070175438596,568.9824561403509,876.5405405405405,-2.5,9.7,7.62,75.78947368421052,7.9625,363.7989686067388,0,Emerging,20.35623409669211,0.037515,23.17494752465704,0.3621,24.174204,49.4620947368421,64.2534686554066,46.17878324791532,22-25,6,1.0,0.5,0.9,0.2,3.81,0.7,1.0,1,3,Very High,1.0,Very High,Very Likely (now)
PL0355,Tyler Cowan,Germany,CB,Everton,25,2001-05-04,Left,2030-04-03,4,179,34407,8,60,914.5,427.0,46.795,425.0,459.0,7.48,7,75,5,25.6,192.2,88.25,973.0,1162.0,1982.0,94.0,756.0,72.12,246.0,6,712,118.7,164,11,"Ligament Damage, Hip Injury, Calf Injury, Ankle Injury, ACL Injury, Back Injury",2025-02-03,425.0,0.6,0,0,1,1,1.95,116,0,0.222,13499,0.276,0.484,0.24,7.47,259648,59.2,1,4.54,8892,2376,4701,44.81,55.01,113.37,5,Rising,0.0446927374301676,0.3351955307262569,68,0.3798882681564245,3823.0,564.0491803278688,-2.5,10.58,5.15,35.19553072625699,16.95714285714286,153.63143703013822,1,Prime,0.0,0.131424,15.771551302307076,0.3202,6.533516,39.71550614525141,53.215080026086326,86.69614962945079,22-25,21,0.6,0.8,0.3,0.2,2.575,0.4,0.7325,1,3,Very High,1.0,Very High,Very Likely (now)
PL0356,Justin Higgins,USA,LB,AC Milan,21,2005-08-27,Both,2029-04-03,3,364,35355,18,27,914.5,427.0,46.795,425.0,459.0,6.93,3,73,3,121.3,97.1,87.98,570.0,313.0,707.0,94.0,756.0,72.12,246.0,2,118,59.0,80,38,"Ligament Damage, Meniscus Tear",2025-02-26,402.0,0.2,0,0,0,1,0.32,25,0,0.205,12574,0.167,0.542,0.291,7.95,144746,56.5,1,8.55,896,791,328,26.62,33.11,41.06,3,Rising,0.0494505494505494,0.0741758241758241,45,0.1236263736263736,1860.7894736842104,1262.678571428571,-0.3000000000000007,10.28,0.72,93.13186813186812,19.666666666666668,68.45015934627783,0,Emerging,24.38016528925619,0.115825,15.383969705298998,0.3092,6.815108,49.02077362637363,66.1463413711353,177.4828878579784,18-21,44,0.1,0.5,0.1,0.2,0.36,0.5,0.25600000000000006,0,0,Low,0.0,Low,Unlikely
PL0357,Christopher Phillips,Slovakia,CB,Real Madrid,19,2007-07-19,Right,2030-04-03,4,372,35311,19,11,914.5,427.0,46.795,425.0,459.0,6.79,1,76,6,372.0,94.9,89.72,1399.0,874.0,1742.0,94.0,756.0,72.12,246.0,4,371,92.8,120,54,"Ankle Injury, Achilles Injury, Concussion, Calf Injury",2025-05-03,336.0,0.4,0,0,0,0,1.02,77,0,0.05,38503,0.198,0.566,0.236,2.76,646827,62.0,1,8.7,2184,123,6356,24.41,31.87,16.76,2,Rising,0.0510752688172043,0.0295698924731182,30,0.0806451612903225,1765.55,2942.583333333333,-3.6,8.440000000000001,1.82,79.3010752688172,18.56,83.68987676647342,0,Emerging,30.561245391233104,0.031,1.4570754027156465,0.2532,21.792698,45.21461505376344,41.15292063095519,177.94024027455112,18-21,10,1.0,0.3,0.1,0.2,0.91,0.4,0.5760000000000001,1,2,High,0.999,Very High,Likely (6 months)
PL0358,Wayne Riley,Uruguay,CM,Sevilla,21,2005-12-11,Left,2028-04-03,2,201,35915,23,95,914.5,427.0,46.795,444.0,300.0,7.04,3,63,6,67.0,178.7,81.23,444.0,783.0,1271.0,94.0,756.0,72.12,246.0,4,319,79.8,110,55,"Ankle Injury, Shoulder Injury, Knee Injury, Fracture",2024-07-28,615.0,0.4,1,0,0,1,0.87,45,0,0.276,22557,0.213,0.381,0.405,12.09,384027,63.7,0,6.15,4589,2932,12740,45.81,50.79,103.52,5,Rising,0.1144278606965174,0.472636815920398,118,0.5870646766169154,1496.4583333333333,374.1145833333333,-2.3000000000000007,7.02,1.67,77.61194029850746,15.96,78.5299724431001,0,Emerging,10.870988867059586,0.175812,33.44796711397207,0.3596,0.0,45.8055880597015,89.73474470080885,97.85427912775368,18-21,27,0.3,0.5,0.3,0.2,0.835,0.5,0.4035,0,1,Medium,0.0,Low,Possible (1 year)
PL0359,Joshua Adkins,Norway,RW,Marseille,20,2006-11-04,Both,2031-04-03,5,190,26680,195,125,1301.0,671.0,46.47,735.0,188.0,8.09,2,65,0,95.0,140.4,85.79,643.0,783.0,1271.0,94.0,756.0,72.12,246.0,3,335,111.7,153,74,"Back Injury, Achilles Injury, Concussion",2025-10-23,163.0,0.3,0,0,0,0,0.92,54,0,0.391,32849,0.418,0.367,0.215,4.38,181811,39.1,0,4.83,3656,1981,19914,67.28,86.95,103.25,3,Rising,1.0263157894736843,0.6578947368421053,320,1.6842105263157894,136.12244897959184,211.74603174603172,3.5,5.8,1.52,71.57894736842105,27.925,288.33751069481417,0,Emerging,29.23602853745541,0.152881,17.81033025501251,0.4567,0.0,48.74918947368422,68.05009011936087,71.39600098664941,18-21,34,0.3,0.3,0.6,0.2,0.76,0.7,0.42100000000000004,0,1,Medium,0.0,Low,Possible (1 year)
PL0360,Anthony Silva,Nigeria,CDM,Galatasaray,29,1997-12-27,Left,2028-04-03,2,290,34777,33,23,914.5,427.0,46.795,200.0,536.0,7.7,10,68,4,29.0,119.9,83.8,622.0,783.0,1271.0,94.0,756.0,72.12,246.0,4,469,117.2,171,81,"Shoulder Injury, Knee Injury, Fracture",2023-12-17,839.0,0.4,1,0,0,1,1.28,95,0,0.31,9901,0.321,0.388,0.29,11.51,106424,32.3,0,7.06,1596,2315,674,60.02,82.04,18.58,2,Stable,0.1137931034482758,0.0793103448275862,56,0.193103448275862,1022.8529411764706,1449.0416666666667,-0.8000000000000007,15.8,2.08,67.24137931034483,23.44,102.88952076042062,0,Experienced,0.0,0.10013,32.828275633371035,0.4133,0.0,48.23487586206897,89.19985138109104,79.04764972479346,26-29,60,0.1,0.5,0.6,0.2,1.04,0.4,0.389,0,1,Medium,0.0,Low,Possible (1 year)
PL0361,Jonathan Farrell,Guinea,CM,West Ham,26,2000-04-06,Left,2031-04-03,5,363,43016,97,64,914.5,427.0,46.795,277.0,560.0,6.99,8,43,2,45.4,118.5,83.6,248.0,783.0,1271.0,94.0,756.0,72.12,246.0,12,901,75.1,160,13,"Muscle Injury, Shoulder Injury, Ligament Damage, Ankle Injury, Knee Injury, ACL Injury, Hamstring Injury, Groin Strain, Meniscus Tear",2024-09-24,557.0,1.2,1,1,1,1,2.47,221,0,0.142,22949,0.162,0.558,0.281,11.84,403277,6.6,1,3.46,2715,552,4824,47.92,57.26,121.03,5,Stable,0.2672176308539944,0.1763085399449036,161,0.443526170798898,438.9387755102041,661.7846153846153,3.7,15.26,6.87,39.11845730027548,5.776923076923077,205.36762057811384,1,Prime,0.0,0.0093719999999999,16.881855575736825,0.2283999999999999,12.805542,39.2924914600551,51.22902909363278,80.31989260027616,26-29,8,1.0,0.8,0.3,0.2,3.435,0.5,0.9685000000000001,1,3,Very High,1.0,Very High,Very Likely (now)
PL0362,Christopher Yu,Canada,CM,LA Galaxy,24,2002-08-15,Both,2031-04-03,5,287,34500,80,102,914.5,427.0,46.795,529.0,529.0,7.67,6,32,7,47.8,120.2,85.22,556.0,783.0,1271.0,94.0,756.0,72.12,246.0,11,861,78.3,177,15,"Concussion, Calf Injury, Knee Injury, Groin Strain, Back Injury, Achilles Injury, Meniscus Tear, Fracture",2026-01-01,93.0,1.1,1,0,0,1,2.36,195,0,0.571,15424,0.55,0.266,0.183,8.34,162508,76.0,0,7.71,3579,2071,6232,83.4,111.13,119.85,2,Rising,0.2787456445993031,0.3554006968641115,182,0.6341463414634146,425.9259259259259,334.9514563106796,-0.1999999999999993,11.74,4.5600000000000005,32.05574912891987,6.525,357.42194399446345,0,Prime,33.24940047961629,0.4339599999999999,45.92486309413865,0.6173,0.0,40.67374982578398,100.0,48.191646713014194,22-25,17,0.6,0.8,0.9,0.2,2.2800000000000002,0.5,0.8030000000000002,1,3,Very High,1.0,Very High,Very Likely (now)
PL0363,Bobby Lopez,Morocco,CAM,Athletic Bilbao,27,1999-11-20,Both,2029-04-03,3,225,27136,55,98,914.5,427.0,46.795,528.0,751.0,6.97,9,49,1,25.0,120.6,90.47,433.0,783.0,1271.0,94.0,756.0,72.12,246.0,10,664,66.4,160,16,"Ligament Damage, Shoulder Injury, Concussion, Calf Injury, Hip Injury, Knee Injury, Hamstring Injury, Back Injury",2025-10-16,170.0,1.0,1,1,0,0,1.82,97,0,0.249,24096,0.35,0.467,0.183,8.05,170978,27.0,1,3.72,3413,754,988,64.93,90.08,81.03,3,Stable,0.2444444444444444,0.4355555555555555,153,0.68,484.57142857142856,274.1010101010101,4.1,13.5,3.82,56.888888888888886,6.036363636363637,166.95976132057925,1,Prime,0.0,0.06723,20.2245850605103,0.3484,11.252832,42.65457777777778,64.02416647965434,64.69676593019533,26-29,31,0.3,0.8,0.6,0.2,1.91,0.6,0.6260000000000001,1,2,High,1.0,Very High,Likely (6 months)
PL0364,Kurt Leonard,Hungary,LB,West Ham,26,2000-02-16,Left,2030-04-03,4,196,34453,27,25,914.5,427.0,46.795,425.0,459.0,6.56,8,72,5,24.5,175.8,88.59,1418.0,954.0,881.0,94.0,756.0,72.12,246.0,2,260,130.0,174,86,Hip Injury,2025-05-09,330.0,0.2,0,0,0,0,0.71,65,0,0.303,674,0.231,0.432,0.337,5.06,6691,68.9,1,9.45,2217,4055,15755,35.97,43.05,76.76,4,Stable,0.1377551020408163,0.1275510204081632,52,0.2653061224489796,1230.4642857142858,1325.1153846153843,-2.1999999999999997,11.92,1.11,66.83673469387756,43.333333333333336,123.32342758255012,1,Prime,0.0,0.208767,9.988227203391943,0.3986,0.291168,42.78854693877551,54.15661427447567,115.73856353469168,26-29,21,0.6,0.8,0.1,0.2,0.555,0.5,0.5105000000000001,0,1,Medium,0.002,Low,Possible (1 year)
PL0365,David Wilson,Hungary,RB,Newcastle,20,2006-01-12,Both,2031-04-03,5,322,39907,30,28,914.5,427.0,46.795,425.0,459.0,6.55,2,49,8,161.0,123.9,78.22,726.0,472.0,1161.0,94.0,756.0,72.12,246.0,0,0,0.0,0,0,,2023-06-26,614.0,0.0,0,0,0,0,0.0,0,0,0.189,4070,0.203,0.444,0.353,7.17,47063,44.4,1,5.28,3790,2815,10701,22.1,30.84,55.81,5,Rising,0.093167701863354,0.0869565217391304,58,0.1801242236024844,1287.3225806451612,1376.103448275862,-2.9000000000000004,8.440000000000001,0.0,100.0,0.0,94.71252952371276,0,Emerging,39.54751131221719,0.083916,11.263358063934842,0.3005,1.80708,48.489,61.13953709590227,209.9090909090909,18-21,56,0.1,0.3,0.1,0.2,0.0,0.5,0.18,0,0,Low,0.0,Low,Unlikely
PL0366,Steve Sanchez,Denmark,RB,Juventus,28,1998-01-02,Left,2029-04-03,3,436,23206,13,30,914.5,427.0,46.795,425.0,459.0,7.08,10,61,4,43.6,53.2,79.27,555.0,503.0,691.0,94.0,756.0,72.12,246.0,4,518,129.5,150,113,"Ligament Damage, Knee Injury, Hip Injury",2026-01-27,67.0,0.4,1,0,0,0,1.42,121,0,0.194,1771,0.323,0.43,0.247,7.07,20224,34.0,1,7.15,9604,1828,19110,34.99,38.96,9.04,1,Stable,0.0298165137614678,0.0688073394495412,43,0.0986238532110091,1657.571428571429,748.5806451612904,-0.0999999999999996,18.72,2.22,72.24770642201835,25.9,89.97261741270702,1,Prime,0.0,0.06596,10.259232045023328,0.36,0.7615299999999999,47.23354128440367,54.565618709736825,131.24073710587294,26-29,42,0.1,0.8,0.1,0.2,1.11,0.5,0.39100000000000007,0,1,Medium,0.0,Low,Possible (1 year)
PL0367,Kristopher Harvey,Argentina,CM,Villarreal,23,2003-10-20,Right,2031-04-03,5,254,39658,53,88,914.5,427.0,46.795,353.0,562.0,6.66,5,47,1,50.8,156.1,81.73,594.0,783.0,1271.0,94.0,756.0,72.12,246.0,3,343,114.3,165,17,"Groin Strain, Ankle Injury, Calf Injury",2025-07-29,249.0,0.3,0,0,0,0,0.94,61,0,0.263,6841,0.22,0.475,0.305,12.82,132891,34.6,1,9.4,1709,1751,8545,48.67,59.46,44.72,3,Rising,0.2086614173228346,0.3464566929133858,141,0.5551181102362205,734.4074074074074,445.5955056179776,4.3,10.08,1.54,75.98425196850394,28.575,208.58184669317197,0,Emerging,22.169714403123077,0.090998,29.774574368568334,0.3702,3.249475,44.59325039370079,83.8784867497029,89.77904246768831,22-25,27,0.3,0.8,0.3,0.2,0.77,0.5,0.457,0,1,Medium,0.008,Low,Possible (1 year)
PL0368,Jason Silva,Mexico,CAM,Bayer Leverkusen,26,2000-12-02,Both,2030-04-03,4,345,23567,66,25,914.5,427.0,46.795,430.0,451.0,6.54,8,38,3,43.1,68.3,82.02,480.0,783.0,1271.0,94.0,756.0,72.12,246.0,6,577,96.2,148,46,"Muscle Injury, Ligament Damage, Knee Injury, Hamstring Injury, Groin Strain",2025-11-30,125.0,0.6,1,1,0,0,1.58,126,0,0.267,10562,0.301,0.432,0.267,8.14,188216,54.0,1,6.52,5515,4180,6128,61.85,74.52,100.39,5,Stable,0.1913043478260869,0.072463768115942,91,0.263768115942029,351.74626865671644,906.4230769230768,3.2,14.9,2.78,63.47826086956522,13.742857142857144,212.0532108974347,1,Prime,0.0,0.14418,20.136610439590708,0.3759,4.562784,42.58745217391305,65.93864174634258,67.7604648749611,26-29,34,0.3,0.8,0.6,0.2,1.39,0.6,0.5740000000000001,1,2,High,0.987,Very High,Likely (6 months)
PL0369,Joseph Donovan,Germany,CDM,Porto,28,1998-08-17,Both,2028-04-03,2,305,23600,66,102,914.5,427.0,46.795,224.0,421.0,7.95,10,71,7,30.5,77.4,80.16,449.0,783.0,1271.0,94.0,756.0,72.12,246.0,9,990,110.0,178,31,"Muscle Injury, Hip Injury, Knee Injury, ACL Injury, Hamstring Injury, Achilles Injury, Meniscus Tear, Fracture",2025-10-10,176.0,0.9,1,1,1,1,2.71,242,0,0.644,13069,0.489,0.284,0.228,12.82,79042,13.2,0,8.78,811,1860,14943,74.04,96.76,93.42,3,Stable,0.2163934426229508,0.3344262295081967,168,0.5508196721311476,352.23880597014926,229.126213592233,-4.1,16.1,6.51,20.655737704918025,11.0,126.92336083141524,1,Prime,0.0,0.085008,78.25174384942494,0.6353,0.0,40.42174754098361,100.0,53.86693435632144,26-29,19,0.6,0.8,0.9,0.2,3.255,0.4,0.8905000000000001,1,3,Very High,1.0,Very High,Very Likely (now)
PL0370,Dan Moran,Ukraine,CAM,Real Madrid,21,2005-12-03,Left,2031-04-03,5,392,34429,80,92,914.5,427.0,46.795,361.0,396.0,7.37,3,59,4,130.7,87.8,82.42,731.0,783.0,1271.0,94.0,756.0,72.12,246.0,7,421,60.1,156,11,"Concussion, Calf Injury, Hip Injury, Ankle Injury, Hamstring Injury, Achilles Injury, Fracture",2025-05-09,330.0,0.7,0,1,0,1,1.15,93,0,0.51,58974,0.387,0.311,0.302,9.79,796761,78.8,0,3.84,1534,2407,6123,71.06,82.34,27.16,1,Rising,0.2040816326530612,0.2346938775510204,172,0.4387755102040816,425.04938271604937,370.2043010752688,0.0999999999999996,10.84,2.55,76.27551020408163,7.5125,304.5372103147071,0,Emerging,15.873909372361386,0.40188,54.84635195215901,0.4962999999999999,0.0,47.89570204081633,100.0,66.46641970693356,18-21,33,0.3,0.5,0.6,0.2,1.275,0.6,0.5025000000000001,0,1,Medium,0.002,Low,Possible (1 year)
PL0371,David Foster,England,RW,Celta Vigo,19,2007-12-15,Right,2030-04-03,4,356,41626,235,58,1283.0,579.0,42.29,440.0,477.0,7.37,1,19,2,356.0,116.9,85.79,643.0,783.0,1271.0,94.0,756.0,72.12,246.0,8,658,82.2,174,29,"Muscle Injury, Concussion, Calf Injury, Hip Injury, Ankle Injury, Achilles Injury, Fracture",2025-11-02,153.0,0.8,0,0,0,1,1.8,121,0,0.176,10015,0.258,0.559,0.183,2.44,189204,39.2,1,6.88,5428,4949,3111,50.42,65.28,23.47,1,Rising,0.6601123595505618,0.1629213483146067,293,0.8230337078651685,176.38135593220338,705.5254237288135,6.1,8.120000000000001,3.4000000000000004,66.01123595505618,9.133333333333333,172.86536610264602,0,Emerging,29.472431574771917,0.068992,3.955975124243877,0.3047999999999999,5.598385,44.91584719101124,41.59188628187144,87.35092802608176,18-21,10,1.0,0.3,0.3,0.2,1.7000000000000002,0.7,0.715,1,3,Very High,1.0,Very High,Very Likely (now)
PL0372,Michael Evans,Uruguay,LW,Nice,20,2006-06-12,Right,2029-04-03,3,334,38317,93,126,663.0,298.0,54.62,719.0,637.0,7.36,2,23,3,167.0,114.7,85.79,643.0,783.0,1271.0,94.0,756.0,72.12,246.0,6,684,114.0,137,82,"Ligament Damage, Shoulder Injury, Knee Injury, Groin Strain, Achilles Injury",2025-10-23,163.0,0.6,1,0,0,0,1.87,101,0,0.158,30811,0.149,0.459,0.393,4.8,277474,25.1,1,8.41,9331,3477,19475,50.99,66.01,44.92,2,Rising,0.278443113772455,0.3772455089820359,219,0.655688622754491,407.6276595744681,301.70866141732284,4.7,8.68,3.0700000000000003,69.76047904191617,16.285714285714285,131.11471168545103,0,Emerging,29.45675622671112,0.039658,7.838564167433814,0.3002,14.142249,45.72849580838324,48.48209415534234,87.95632969490909,18-21,52,0.1,0.3,0.3,0.2,1.5350000000000001,0.7,0.38350000000000006,0,1,Medium,0.0,Low,Possible (1 year)
PL0373,Eugene Walton,Mexico,CB,Tottenham,22,2004-10-02,Both,2029-04-03,3,328,37013,16,34,914.5,427.0,46.795,425.0,459.0,6.87,4,65,1,82.0,112.8,84.44,951.0,888.0,608.0,94.0,756.0,72.12,246.0,7,754,107.7,175,35,"Muscle Injury, Concussion, Calf Injury, Ankle Injury, Knee Injury, Groin Strain",2024-08-31,581.0,0.7,1,0,0,0,2.07,113,0,0.055,1912,0.19,0.611,0.199,2.1,11176,62.9,1,2.49,7332,3310,16591,31.54,40.88,30.84,3,Rising,0.048780487804878,0.1036585365853658,50,0.1524390243902439,2177.235294117647,1057.5142857142855,2.5,10.56,3.47,65.54878048780489,13.4625,81.10135333514661,0,Emerging,29.613189600507305,0.034595,0.8727674304703492,0.1817,1.168232,43.06515609756098,35.901729194486016,132.34528610190836,22-25,54,0.1,0.5,0.1,0.2,1.735,0.4,0.38350000000000006,0,1,Medium,0.0,Low,Possible (1 year)
PL0374,Benjamin Ellis,Denmark,LB,Real Madrid,26,2000-11-13,Both,2029-04-03,3,237,14224,30,40,914.5,427.0,46.795,425.0,459.0,6.49,8,55,1,29.6,60.0,90.15,517.0,655.0,1476.0,94.0,756.0,72.12,246.0,3,187,62.3,92,28,"Groin Strain, Muscle Injury, Hamstring Injury",2023-12-15,841.0,0.3,0,1,0,0,0.51,45,0,0.018,6742,0.022,0.585,0.393,13.73,126758,92.2,1,3.88,8003,921,2047,43.68,49.4,45.25,2,Stable,0.1265822784810126,0.1687763713080168,70,0.2953586497890295,458.8387096774193,346.9268292682927,3.5,12.74,1.11,81.0126582278481,15.575,112.3179173645911,1,Prime,0.0,0.016596,2.178850547986664,0.1356,3.94407,44.98173164556962,43.53914164476481,100.6753170223134,26-29,35,0.3,0.8,0.3,0.2,0.555,0.5,0.4355,0,1,Medium,0.0,Low,Possible (1 year)
PL0375,Zachary Ferrell,Burkina Faso,GK,West Ham,27,1999-02-19,Left,2028-04-03,2,394,22546,2,2,914.5,427.0,46.795,425.0,459.0,6.76,9,27,6,43.8,57.2,85.79,643.0,783.0,1271.0,133.0,428.0,77.13,351.0,12,1132,94.3,176,24,"Muscle Injury, Concussion, Calf Injury, Hip Injury, Ankle Injury, Knee Injury, ACL Injury, Hamstring Injury, Meniscus Tear, Fracture",2024-09-02,579.0,1.2,1,1,1,1,3.1,223,0,0.231,2805,0.312,0.417,0.271,2.19,38765,90.0,1,6.99,3568,1201,11410,17.64,19.81,58.77,6,Stable,0.0050761421319796,0.0050761421319796,4,0.0101522842639593,7515.333333333333,7515.333333333333,1.3000000000000007,16.88,7.5,43.4010152284264,7.253846153846154,30.23943929046684,1,Prime,0.0,0.2079,4.016521375216505,0.3725,1.169685,39.84120304568528,30.9453835856674,213.7403596871528,26-29,51,0.1,0.8,0.1,0.2,3.75,0.3,0.635,1,2,High,1.0,Very High,Likely (6 months)
PL0376,Benjamin Lewis,Spain,RB,Villarreal,18,2008-11-13,Both,2028-04-03,2,260,35185,30,24,914.5,427.0,46.795,425.0,459.0,7.44,1,62,2,260.0,135.3,85.98,1023.0,638.0,976.0,94.0,756.0,72.12,246.0,1,126,126.0,126,126,Shoulder Injury,2024-09-16,565.0,0.1,0,0,0,0,0.35,26,0,0.366,13489,0.448,0.457,0.096,13.5,124844,37.0,1,4.72,7955,1407,18312,21.65,28.32,48.24,4,Rising,0.1153846153846153,0.0923076923076923,54,0.2076923076923077,1135.0,1407.4,1.8000000000000007,6.2,0.55,90.0,63.0,37.11359754187114,0,Emerging,30.808314087759825,0.1354199999999999,46.98744721300611,0.4366,6.164473,49.8732,100.0,220.19072847682125,18-21,57,0.1,0.3,0.1,0.2,0.275,0.5,0.20750000000000002,0,0,Low,0.0,Low,Unlikely
PL0377,Derek Mahoney,Egypt,CM,Arsenal,23,2003-07-21,Both,2029-04-03,3,456,38525,85,60,914.5,427.0,46.795,462.0,206.0,7.38,5,19,1,91.2,84.5,80.69,566.0,783.0,1271.0,94.0,756.0,72.12,246.0,10,1092,109.2,161,21,"Muscle Injury, Shoulder Injury, Ligament Damage, Concussion, Knee Injury, ACL Injury, Hamstring Injury, Fracture",2024-04-22,712.0,1.0,1,1,1,1,2.99,240,0,0.408,19800,0.334,0.337,0.329,7.48,163329,18.4,0,3.58,6302,2947,13736,45.36,53.49,131.39,5,Rising,0.1864035087719298,0.131578947368421,145,0.3179824561403508,447.9651162790698,631.5573770491803,7.1,14.12,6.99,47.36842105263158,9.927272727272728,116.63783726322922,0,Emerging,17.92328042328043,0.0750719999999999,30.19334156480192,0.4318,0.0,42.68128421052632,72.65065445246604,92.06489260251578,22-25,10,1.0,0.8,0.3,0.2,3.495,0.5,0.9745000000000001,1,3,Very High,1.0,Very High,Very Likely (now)
PL0378,Stanley Suarez,Kosovo,LW,Inter Miami,22,2004-11-14,Both,2031-04-03,5,441,28856,216,45,798.0,454.0,54.6,383.0,335.0,6.45,4,73,1,110.2,65.4,85.79,643.0,783.0,1271.0,94.0,756.0,72.12,246.0,6,522,87.0,136,44,"Concussion, Ankle Injury, Knee Injury, ACL Injury, Achilles Injury, Fracture",2023-09-14,933.0,0.6,1,0,1,1,1.43,83,0,0.255,31108,0.343,0.382,0.275,5.86,347236,20.1,0,2.09,5221,4105,6885,57.81,67.46,90.2,4,Rising,0.4897959183673469,0.1020408163265306,261,0.5918367346938775,132.97695852534562,627.304347826087,1.6999999999999993,12.82,4.63,81.17913832199547,12.428571428571429,247.75254894868027,0,Emerging,16.692613734647967,0.051255,15.458910729116257,0.3494,0.0,45.29862766439909,56.57767992587393,77.02538286753799,22-25,17,0.6,0.5,0.6,0.2,2.315,0.7,0.7215,1,3,Very High,1.0,Very High,Very Likely (now)
PL0379,Jacob Moore,Italy,ST,Lyon,20,2006-03-07,Left,2029-04-03,3,339,18219,54,146,1226.0,596.0,51.1,590.0,635.0,6.65,2,53,2,169.5,53.7,85.79,643.0,783.0,1271.0,94.0,756.0,72.12,246.0,6,634,105.7,174,41,"Ligament Damage, Calf Injury, Hamstring Injury, Achilles Injury, Fracture",2026-02-17,46.0,0.6,0,1,0,1,1.74,95,0,0.088,12458,0.164,0.472,0.363,11.48,247738,39.6,1,7.07,5981,4689,12026,49.24,58.68,91.69,4,Rising,0.1592920353982301,0.4306784660766962,200,0.5899705014749262,331.25454545454545,123.93877551020408,2.7,8.780000000000001,2.94,71.976401179941,15.1,126.61479512436964,0,Emerging,19.171405361494717,0.034848,9.526763765269603,0.2607,5.880176,43.27268023598821,50.0464857658985,86.1319272213141,18-21,21,0.6,0.3,0.3,0.2,1.47,0.7,0.5519999999999999,1,2,High,0.9,Very High,Likely (6 months)
PL0380,Roy Warner,Portugal,CDM,AS Roma,19,2007-03-03,Right,2029-04-03,3,229,26397,55,42,914.5,427.0,46.795,600.0,640.0,6.78,1,61,3,229.0,115.3,83.28,292.0,783.0,1271.0,94.0,756.0,72.12,246.0,1,82,82.0,82,82,Achilles Injury,2024-09-19,562.0,0.1,0,0,0,0,0.22,12,0,0.36,5948,0.335,0.326,0.339,14.07,111960,91.8,0,3.06,3686,3717,10514,31.31,35.21,94.38,6,Rising,0.2401746724890829,0.1834061135371179,97,0.4235807860262008,471.375,613.8837209302326,0.9000000000000004,5.58,0.42,94.75982532751092,41.0,80.50993572997591,0,Emerging,12.456084318109236,0.3304799999999999,44.021543878740175,0.4099,0.0,48.00776506550218,100.0,148.58485009440477,18-21,31,0.3,0.3,0.1,0.2,0.21,0.4,0.261,0,0,Low,0.0,Low,Unlikely
PL0381,Logan Archer,Central African Republic,LW,PSG,21,2005-09-02,Both,2029-04-03,3,286,26808,195,106,567.0,547.0,44.03,296.0,686.0,6.86,3,17,8,95.3,93.7,85.79,643.0,783.0,1271.0,94.0,756.0,72.12,246.0,3,248,82.7,137,8,"Ligament Damage, Achilles Injury, Concussion",2025-04-01,368.0,0.3,0,0,0,0,0.68,43,0,0.076,56828,0.201,0.539,0.26,10.29,359387,56.4,1,2.66,2195,2721,3233,72.69,91.37,33.68,1,Rising,0.6818181818181818,0.3706293706293706,301,1.0524475524475525,136.77551020408163,250.54205607476635,0.3000000000000007,8.719999999999999,1.28,84.96503496503496,20.675,186.9136770428601,0,Emerging,25.698170312285058,0.0428639999999999,8.561619105638286,0.2095,30.630292,46.596006993007,53.58043215496093,63.23246979645406,18-21,31,0.3,0.5,0.9,0.2,0.64,0.7,0.49400000000000005,0,1,Medium,0.0,Low,Possible (1 year)
PL0382,Matthew Smith,Ecuador,RW,RB Leipzig,29,1997-03-06,Left,2028-04-03,2,200,37671,125,37,745.0,201.0,54.27,741.0,162.0,6.41,10,59,4,20.0,188.4,85.79,643.0,783.0,1271.0,94.0,756.0,72.12,246.0,2,258,129.0,138,120,Meniscus Tear,2025-09-06,210.0,0.2,0,0,0,1,0.71,64,0,0.195,23191,0.32,0.497,0.182,12.91,184818,64.1,1,3.07,6596,3435,1676,49.8,66.57,74.3,4,Stable,0.625,0.185,162,0.81,298.9761904761905,991.342105263158,0.0999999999999996,14.0,1.11,68.0,43.0,85.36984561594379,0,Experienced,0.0,0.124995,25.304306445105727,0.3053,11.525927,42.6506,77.06175966765859,83.95787401574805,26-29,53,0.1,0.5,0.3,0.2,0.555,0.7,0.3255,0,0,Low,0.0,Low,Unlikely
PL0383,Robert Evans,Switzerland,GK,AC Milan,21,2005-08-02,Both,2030-04-03,4,157,32114,2,2,914.5,427.0,46.795,425.0,459.0,7.03,3,73,2,52.3,204.5,85.79,643.0,783.0,1271.0,149.0,471.0,81.25,196.0,0,0,0.0,0,0,,2023-06-26,614.0,0.0,0,0,0,0,0.0,0,0,0.167,3325,0.203,0.449,0.349,4.4,58831,4.6,1,1.7,8073,1321,6063,22.52,29.75,68.0,6,Rising,0.0127388535031847,0.0127388535031847,4,0.0254777070063694,10704.666666666666,10704.666666666666,0.6999999999999993,6.140000000000001,0.0,100.0,0.0,77.20999691851623,0,Emerging,32.10479573712256,0.007682,5.958879454786412,0.2549,1.492925,49.8578,53.86721918217962,211.98044217687072,18-21,26,0.3,0.5,0.1,0.2,0.0,0.3,0.27,0,0,Low,0.0,Low,Unlikely
PL0384,Matthew Mcmillan,Italy,CDM,Al Ahli,23,2003-05-25,Both,2030-04-03,4,454,23355,54,32,914.5,427.0,46.795,457.0,358.0,7.84,5,32,8,90.8,51.4,84.86,381.0,783.0,1271.0,94.0,756.0,72.12,246.0,2,282,141.0,170,112,"Ligament Damage, Back Injury",2025-12-05,120.0,0.2,0,0,0,0,0.77,61,0,0.496,1764,0.471,0.282,0.247,10.3,12752,89.2,0,7.04,2603,1411,12300,65.27,88.37,107.73,3,Rising,0.118942731277533,0.0704845814977973,86,0.1894273127753304,424.6363636363636,707.7272727272727,-1.1999999999999993,14.08,1.17,86.56387665198238,47.0,223.7787077651667,0,Emerging,35.391450896277014,0.442432,38.19290841630416,0.5537,0.0,52.59617533039648,100.0,79.36649363270935,22-25,44,0.1,0.8,0.6,0.2,0.585,0.4,0.4035000000000001,0,1,Medium,0.0,Low,Possible (1 year)
PL0385,Chad Wilson,France,LW,Manchester City,25,2001-08-27,Left,2028-04-03,2,246,41984,239,81,462.0,239.0,53.71,323.0,469.0,8.08,7,23,5,35.1,170.7,85.79,643.0,783.0,1271.0,94.0,756.0,72.12,246.0,6,399,66.5,144,8,"Ligament Damage, Ankle Injury, ACL Injury, Groin Strain, Back Injury, Fracture",2025-08-20,227.0,0.6,0,0,1,1,1.09,64,0,0.333,122908,0.42,0.419,0.161,13.67,1641421,2.6,1,8.25,9793,2740,6692,152.94,210.88,264.66,3,Rising,0.9715447154471544,0.3292682926829268,320,1.3008130081300813,174.93333333333334,512.0,2.7,11.92,4.29,73.98373983739837,9.5,262.1779957530611,1,Prime,0.0,0.008658,53.34708534128735,0.4579,51.498452,50.41654796747967,100.0,32.75077820415725,22-25,41,0.1,0.8,0.9,0.2,2.145,0.7,0.6345000000000001,1,2,High,1.0,Very High,Likely (6 months)
PL0386,Brian Tran,Italy,GK,Al Ahli,22,2004-05-25,Left,2030-04-03,4,324,19411,2,4,914.5,427.0,46.795,425.0,459.0,7.5,4,53,7,81.0,59.9,85.79,643.0,783.0,1271.0,61.0,502.0,73.46,179.0,5,373,74.6,175,42,"Ankle Injury, Back Injury",2025-05-22,317.0,0.5,0,0,0,0,1.02,71,0,0.416,9137,0.478,0.391,0.131,10.53,148685,40.3,0,7.18,493,462,14562,25.96,33.03,47.26,3,Rising,0.0061728395061728,0.0123456790123456,6,0.0185185185185185,6470.333333333333,3882.2,-2.3000000000000007,10.48,2.02,78.08641975308642,12.433333333333332,89.00406394336952,0,Emerging,27.23420647149461,0.1676479999999999,39.95083977537431,0.5034,0.0,48.72008395061729,100.0,180.71247756163683,22-25,38,0.1,0.5,0.1,0.2,1.01,0.3,0.30100000000000005,0,0,Low,0.0,Low,Unlikely
PL0387,Dominic Jacobs,Nigeria,LW,Monaco,30,1996-04-26,Right,2031-04-03,5,450,28041,230,82,638.0,267.0,41.77,574.0,294.0,6.83,10,72,3,45.0,62.3,85.79,643.0,783.0,1271.0,94.0,756.0,72.12,246.0,5,485,97.0,144,46,"Groin Strain, Back Injury, Shoulder Injury, Muscle Injury",2024-08-04,608.0,0.5,0,0,0,0,1.33,71,0,0.21,20377,0.233,0.454,0.313,9.9,312124,22.2,1,9.36,179,4679,10335,49.13,55.38,22.01,1,Stable,0.5111111111111111,0.1822222222222222,312,0.6933333333333334,121.3896103896104,337.8433734939759,-0.1999999999999993,19.0,2.33,84.22222222222223,16.166666666666668,210.5532387104076,0,Experienced,0.0,0.04662,20.628277015224665,0.3567,9.251158,48.677844444444446,70.62133774505922,97.10322051554846,30-33,35,0.3,0.5,0.3,0.2,1.165,0.7,0.4565,0,1,Medium,0.001,Low,Possible (1 year)
PL0388,Mitchell Harris,Kosovo,RB,Wolverhampton,30,1996-08-28,Both,2029-04-03,3,356,14862,24,8,914.5,427.0,46.795,425.0,459.0,7.39,10,22,8,35.6,41.7,87.91,1383.0,1130.0,1850.0,94.0,756.0,72.12,246.0,5,345,69.0,148,16,"Shoulder Injury, Knee Injury, Groin Strain, Meniscus Tear, Fracture",2024-03-02,763.0,0.5,1,0,0,1,0.95,55,0,0.232,7231,0.338,0.496,0.166,13.77,37933,32.7,1,6.21,5575,3549,5612,28.63,38.94,18.99,1,Stable,0.0674157303370786,0.0224719101123595,32,0.0898876404494382,594.48,1651.3333333333333,-0.1999999999999993,17.12,1.95,84.5505617977528,11.5,73.61863493929128,0,Experienced,0.0,0.075864,28.388436474595338,0.3571,3.586576,50.60831235955056,83.98681089166828,170.8009192019931,30-33,42,0.1,0.5,0.1,0.2,0.975,0.5,0.31750000000000006,0,0,Low,0.0,Low,Unlikely
PL0389,Mark Baker,Russia,CM,Al Hilal,21,2005-05-03,Right,2028-04-03,2,226,37941,93,61,914.5,427.0,46.795,438.0,739.0,7.28,3,79,3,75.3,167.9,87.48,744.0,783.0,1271.0,94.0,756.0,72.12,246.0,1,70,70.0,70,70,Muscle Injury,2026-02-03,60.0,0.1,0,0,0,0,0.19,15,0,0.348,19146,0.32,0.438,0.242,3.9,327548,77.8,1,3.95,2702,4046,8229,56.88,66.7,167.52,5,Rising,0.411504424778761,0.2699115044247787,154,0.6814159292035398,403.6276595744681,611.9516129032259,-0.9000000000000004,7.52,0.39,93.36283185840708,35.0,97.50676342640328,0,Emerging,17.26441631504923,0.270744,13.381858077439311,0.3871,8.385948,50.07076637168142,64.32817030199968,86.50788937747308,18-21,28,0.3,0.5,0.6,0.2,0.195,0.5,0.38450000000000006,0,1,Medium,0.0,Low,Possible (1 year)
PL0390,John Whitehead,Belgium,CAM,Bayern Munich,23,2003-07-03,Right,2028-04-03,2,324,26696,27,77,914.5,427.0,46.795,299.0,402.0,7.11,5,58,1,64.8,82.4,92.28,636.0,783.0,1271.0,94.0,756.0,72.12,246.0,5,472,94.4,171,44,"Shoulder Injury, Hip Injury, Ankle Injury, Back Injury, Achilles Injury",2026-03-20,15.0,0.5,0,0,0,0,1.29,117,1,0.33,14573,0.408,0.473,0.119,12.66,205276,16.6,1,9.65,4531,3879,5994,82.4,108.36,43.28,2,Rising,0.0833333333333333,0.2376543209876543,104,0.3209876543209876,953.4285714285714,342.2564102564103,3.2,11.48,5.29,63.88888888888889,15.733333333333334,141.2545236697544,0,Emerging,31.50485436893203,0.05478,40.052545196926246,0.4563,6.893028999999999,44.42637777777778,91.71200668427826,53.26903810285105,22-25,15,0.6,0.8,0.9,0.2,2.645,0.6,0.8495000000000001,1,3,Very High,1.0,Very High,Very Likely (now)
PL0391,Ryan Davis,Georgia,LB,Crystal Palace,21,2005-01-13,Left,2031-04-03,5,401,14280,33,11,914.5,427.0,46.795,425.0,459.0,6.7,3,46,0,133.7,35.6,86.54,1058.0,874.0,1491.0,94.0,756.0,72.12,246.0,6,696,116.0,177,37,"Shoulder Injury, Hamstring Injury, Back Injury, Meniscus Tear, Fracture",2024-11-28,492.0,0.6,0,1,0,1,1.91,102,0,0.052,13579,0.087,0.512,0.401,13.41,155565,39.8,1,1.41,1740,2493,19844,20.9,29.04,17.13,2,Rising,0.0822942643391521,0.027431421446384,44,0.1097256857855361,420.0,1190.0,5.4,11.02,3.11,74.56359102244389,16.571428571428573,89.56976773961975,0,Emerging,38.94736842105264,0.020696,6.635943553663899,0.1586,6.952448,44.23391820448878,45.85087443274024,201.98136166433235,18-21,59,0.1,0.5,0.1,0.2,1.555,0.5,0.3755,0,1,Medium,0.0,Low,Possible (1 year)
PL0392,Jeff Hill,Italy,CDM,Aston Villa,21,2005-06-08,Right,2027-04-04,1,450,17564,34,31,914.5,427.0,46.795,450.0,514.0,7.31,3,50,0,150.0,39.0,89.72,784.0,783.0,1271.0,94.0,756.0,72.12,246.0,2,156,78.0,145,11,"Knee Injury, Achilles Injury",2026-02-15,48.0,0.2,1,0,0,0,0.43,31,0,0.419,4008,0.303,0.347,0.35,8.67,30188,81.4,0,4.48,8618,4324,15629,46.36,63.75,117.59,4,Rising,0.0755555555555555,0.0688888888888888,65,0.1444444444444444,501.8285714285714,548.875,5.0,12.0,0.8300000000000001,93.11111111111111,26.0,39.73640605175858,0,Emerging,37.51078515962036,0.341066,30.138207410009816,0.4339,0.0,51.13002222222222,89.11232222612584,107.96035097597598,18-21,10,1.0,0.5,0.3,0.2,0.41500000000000004,0.4,0.5964999999999999,1,2,High,0.997,Very High,Possible (1 year)
PL0393,Aaron Wise,Mali,CM,Villarreal,18,2008-03-05,Left,2027-04-04,1,453,17116,16,58,914.5,427.0,46.795,246.0,594.0,6.58,1,65,8,453.0,37.8,84.57,750.0,783.0,1271.0,94.0,756.0,72.12,246.0,1,166,166.0,166,166,Calf Injury,2024-05-30,674.0,0.1,0,0,0,0,0.45,30,0,0.322,32547,0.28,0.377,0.344,13.62,287140,1.9,0,3.21,6001,733,17243,27.14,37.27,40.45,3,Rising,0.0353200883002207,0.1280353200883002,74,0.1633554083885209,1006.8235294117648,290.10169491525426,-4.5,10.06,0.65,93.3774834437086,83.0,23.26242580338067,0,Emerging,37.32498157700812,0.006118,45.568866121534725,0.3695,0.0,47.74649668874172,100.0,169.67482831820087,18-21,41,0.1,0.3,0.1,0.2,0.325,0.5,0.21250000000000002,0,0,Low,0.0,Low,Unlikely
PL0394,Mark Green,Argentina,CAM,Manchester United,24,2002-08-15,Both,2031-04-03,5,448,22042,75,67,914.5,427.0,46.795,259.0,245.0,7.84,6,50,1,74.7,49.2,81.28,390.0,783.0,1271.0,94.0,756.0,72.12,246.0,6,488,81.3,163,26,"Concussion, Calf Injury, Hip Injury, Back Injury, Fracture",2023-12-17,839.0,0.6,0,0,0,1,1.34,120,0,0.643,27004,0.533,0.192,0.275,10.67,245630,85.0,0,9.78,3833,1977,3525,116.38,152.49,69.05,2,Rising,0.1674107142857142,0.1495535714285714,142,0.3169642857142857,290.0263157894737,324.1470588235294,4.0,14.96,2.54,73.21428571428572,11.614285714285714,498.76218036061937,0,Prime,31.027667984189737,0.54655,70.00617742698871,0.6765,0.0,50.34785714285715,100.0,42.89304578536135,22-25,39,0.1,0.8,0.9,0.2,1.27,0.6,0.5370000000000001,0,1,Medium,0.004,Low,Possible (1 year)
PL0395,Patrick Arnold,Croatia,CM,Crystal Palace,23,2003-04-27,Left,2028-04-03,2,284,32429,36,93,914.5,427.0,46.795,173.0,215.0,7.85,5,24,4,56.8,114.2,91.99,410.0,783.0,1271.0,94.0,756.0,72.12,246.0,9,836,92.9,171,16,"Ligament Damage, Shoulder Injury, Concussion, Hip Injury, Hamstring Injury, Groin Strain, Back Injury, Meniscus Tear",2024-04-29,705.0,0.9,0,1,0,1,2.29,182,0,0.48,10468,0.415,0.371,0.214,5.48,118418,6.8,0,2.22,3433,4096,16381,69.82,96.85,40.46,2,Rising,0.1267605633802817,0.3274647887323944,129,0.454225352112676,876.4594594594595,344.98936170212767,3.6,10.68,4.09,35.91549295774648,9.29,119.6892092551244,0,Emerging,38.71383557719852,0.0326399999999999,24.34743953279523,0.4645,0.0,41.6480985915493,69.1652085949675,58.80838547239382,22-25,57,0.1,0.8,0.6,0.2,2.045,0.5,0.5595000000000001,1,2,High,0.978,Very High,Likely (6 months)
PL0396,Jeffrey Smith,Russia,GK,Al Hilal,19,2007-02-25,Left,2029-04-03,3,151,21377,2,2,914.5,427.0,46.795,425.0,459.0,7.39,1,61,0,151.0,141.6,85.79,643.0,783.0,1271.0,62.0,799.0,79.05,290.0,8,894,111.8,179,13,"Shoulder Injury, Concussion, Ankle Injury, Knee Injury, ACL Injury, Groin Strain, Achilles Injury",2023-10-07,910.0,0.8,1,0,1,1,2.45,159,0,0.388,9990,0.466,0.388,0.146,2.03,166217,87.7,0,2.44,555,678,12833,16.9,18.6,57.54,6,Rising,0.0132450331125827,0.0132450331125827,4,0.0264900662251655,7125.666666666667,7125.666666666667,3.9,4.02,6.050000000000001,0.0,12.422222222222222,43.45633707558584,0,Emerging,10.059171597633156,0.340276,7.253723295397594,0.4418,0.0,31.2476,34.40438494309639,174.56759776536313,18-21,36,0.3,0.3,0.1,0.2,3.0250000000000004,0.3,0.5325000000000001,0,1,Medium,0.0,Low,Possible (1 year)
PL0397,Benjamin Ware,Guinea,RB,Liverpool,21,2005-04-14,Right,2031-04-03,5,229,18142,17,44,914.5,427.0,46.795,425.0,459.0,7.42,3,49,3,76.3,79.2,85.99,928.0,732.0,1893.0,94.0,756.0,72.12,246.0,3,423,141.0,159,110,"Muscle Injury, Achilles Injury, Hamstring Injury",2024-05-25,679.0,0.3,0,1,0,0,1.16,95,0,0.241,23054,0.205,0.38,0.415,3.99,315819,36.4,0,2.95,3292,2035,13142,33.92,43.92,94.98,6,Rising,0.074235807860262,0.1921397379912663,61,0.2663755458515284,1007.8888888888888,403.1555555555556,2.1,7.58,1.7599999999999998,58.51528384279476,35.25,145.3687330970288,0,Emerging,29.48113207547169,0.087724,9.659784991187152,0.3114,0.0,43.52185676855896,52.730605871060206,124.63303771064992,18-21,15,0.6,0.5,0.1,0.2,0.8799999999999999,0.5,0.48300000000000004,0,1,Medium,0.003,Low,Possible (1 year)
PL0398,Stuart Gardner,Turkey,CM,Liverpool,28,1998-10-18,Left,2027-04-04,1,319,29608,98,21,914.5,427.0,46.795,571.0,625.0,7.76,10,34,7,31.9,92.8,85.38,484.0,783.0,1271.0,94.0,756.0,72.12,246.0,7,738,105.4,158,12,"Shoulder Injury, Calf Injury, Hip Injury, Ankle Injury, ACL Injury, Back Injury, Meniscus Tear",2026-04-03,1.0,0.7,0,0,1,1,2.02,158,1,0.495,44664,0.36,0.368,0.273,9.72,342193,16.8,0,1.41,4104,1051,18198,106.48,136.05,217.14,5,Stable,0.3072100313479624,0.0658307210031347,119,0.3730407523510972,299.07070707070704,1345.8181818181818,-0.4000000000000003,16.38,8.42,50.47021943573668,13.175,91.26687912837043,1,Prime,0.0,0.08316,51.51539746388046,0.4465,0.0,45.30304388714734,100.0,42.15020830586838,26-29,24,0.6,0.8,0.9,0.2,4.21,0.5,0.9960000000000001,1,3,Very High,1.0,Very High,Very Likely (now)
PL0399,Ruben Aguilar,Hungary,LW,Athletic Bilbao,21,2005-12-05,Right,2029-04-03,3,299,34965,32,105,1209.0,242.0,48.92,659.0,281.0,7.59,3,38,1,99.7,116.9,85.79,643.0,783.0,1271.0,94.0,756.0,72.12,246.0,6,568,94.7,170,19,"Ligament Damage, Shoulder Injury, Hamstring Injury, Back Injury, Meniscus Tear",2024-02-22,772.0,0.6,0,1,0,1,1.56,85,0,0.435,32416,0.312,0.299,0.389,10.09,455961,89.8,0,9.54,1700,3789,16123,71.28,97.14,111.88,3,Rising,0.1070234113712374,0.3511705685618729,137,0.4581939799331103,1059.5454545454545,329.85849056603774,5.2,8.98,2.76,71.57190635451505,13.528571428571428,183.2880299850745,0,Emerging,36.27946127946128,0.39063,45.58763546928612,0.5032000000000001,0.0,47.47678127090302,100.0,65.68453413240594,18-21,37,0.1,0.5,0.6,0.2,1.38,0.7,0.453,0,1,Medium,0.0,Low,Possible (1 year)
PL0400,Charles Anderson,South Korea,ST,Nice,20,2006-04-19,Left,2030-04-03,4,228,19077,70,140,1400.0,268.0,38.67,535.0,321.0,8.1,2,42,6,114.0,83.7,85.79,643.0,783.0,1271.0,94.0,756.0,72.12,246.0,0,0,0.0,0,0,,2023-06-26,614.0,0.0,0,0,0,0,0.0,0,0,0.579,43720,0.545,0.212,0.243,11.09,671273,65.6,0,6.75,1397,3842,12527,90.22,122.85,101.77,4,Rising,0.3070175438596491,0.6140350877192983,210,0.9210526315789472,268.6901408450704,135.29787234042553,-0.1999999999999993,6.56,0.0,100.0,0.0,309.3199787739136,0,Emerging,36.1671469740634,0.3798239999999999,68.61330908940985,0.6202,0.0,54.9524,100.0,60.24161368121026,18-21,6,1.0,0.3,0.9,0.2,0.0,0.7,0.6349999999999999,1,2,High,0.997,Very High,Likely (6 months)
PL0401,Eric Nolan,Iran,CM,Al Hilal,23,2003-02-17,Left,2031-04-03,5,325,33772,46,56,914.5,427.0,46.795,283.0,783.0,7.09,5,35,1,65.0,103.9,81.41,322.0,783.0,1271.0,94.0,756.0,72.12,246.0,8,763,95.4,124,66,"Ligament Damage, Muscle Injury, Hip Injury, Ankle Injury, Knee Injury, Hamstring Injury, Fracture",2023-12-08,848.0,0.8,1,1,0,1,2.09,120,0,0.42,43228,0.337,0.404,0.26,14.21,767255,53.0,1,3.31,3683,4230,15960,46.84,61.78,136.21,6,Rising,0.1415384615384615,0.1723076923076923,102,0.3138461538461538,718.5531914893617,592.4912280701755,5.5,11.5,3.69,63.07692307692307,10.6,200.7391349724301,0,Emerging,31.89581554227156,0.2226,63.70615938617871,0.4214,17.464112,44.11818461538461,100.0,92.22028556727552,22-25,10,1.0,0.8,0.3,0.2,1.845,0.5,0.8095000000000001,1,3,Very High,1.0,Very High,Very Likely (now)
PL0402,Robert Valencia,Nigeria,LW,Barcelona,32,1994-07-28,Right,2030-04-03,4,454,31617,81,41,1461.0,236.0,44.38,311.0,264.0,6.81,10,59,2,45.4,69.6,85.79,643.0,783.0,1271.0,94.0,756.0,72.12,246.0,12,1245,103.8,176,21,"Ligament Damage, Shoulder Injury, Concussion, Calf Injury, Ankle Injury, ACL Injury, Hamstring Injury, Groin Strain, Back Injury, Fracture",2024-01-11,814.0,1.2,0,1,1,1,3.41,252,0,0.048,19228,0.177,0.522,0.301,10.04,128894,97.6,1,1.53,9151,3754,553,32.24,38.69,120.56,6,Declining,0.1784140969162995,0.0903083700440528,122,0.2687224669603524,385.5731707317073,752.7857142857143,2.1,19.08,7.81,44.49339207048458,7.984615384615385,110.53509327943888,0,Experienced,0.0,0.046848,4.75374313655577,0.1832,10.037016,40.32107841409692,31.67115391188211,121.30288331557436,30-33,50,0.1,0.7,0.1,0.2,3.905,0.7,0.6705,1,2,High,1.0,Very High,Likely (6 months)
PL0403,Steven Clark,Senegal,CB,Lyon,21,2005-12-01,Left,2029-04-03,3,192,38486,6,20,914.5,427.0,46.795,425.0,459.0,6.49,3,15,8,64.0,200.4,84.13,1292.0,930.0,1259.0,94.0,756.0,72.12,246.0,4,395,98.8,134,53,"Muscle Injury, Meniscus Tear, Hip Injury",2026-03-17,18.0,0.4,0,0,0,1,1.08,90,1,0.0,2896,0.037,0.505,0.458,5.31,16503,23.7,1,9.92,8614,129,18068,25.74,35.24,16.91,1,Rising,0.03125,0.1041666666666666,26,0.1354166666666666,5498.0,1832.6666666666667,0.5,6.84,4.88,53.125,19.76,66.1873441612769,0,Emerging,36.90753690753692,0.0,0.0,0.2093,1.46248,38.3716,29.4258,143.49887808526557,18-21,9,1.0,0.5,0.1,0.2,2.44,0.4,0.769,1,3,Very High,1.0,Very High,Very Likely (now)
PL0404,David Garcia,Denmark,LB,Manchester City,24,2002-11-21,Both,2027-04-04,1,246,38683,15,51,914.5,427.0,46.795,425.0,459.0,6.5,6,42,2,41.0,157.2,78.2,1051.0,344.0,1664.0,94.0,756.0,72.12,246.0,6,466,77.7,179,43,"Calf Injury, Hamstring Injury, Groin Strain, Back Injury, Meniscus Tear",2024-09-21,560.0,0.6,0,1,0,1,1.28,71,0,0.298,7334,0.351,0.447,0.201,4.32,59210,11.3,1,6.99,306,254,12476,47.49,65.94,30.36,2,Rising,0.0609756097560975,0.2073170731707317,66,0.2682926829268293,2417.6875,743.9038461538462,3.8,10.92,2.48,71.13821138211382,11.1,40.70495952109609,0,Prime,38.8502842703727,0.033674,11.458035281341314,0.4049999999999999,3.2782980000000004,43.22164227642277,53.83787406022335,89.13516658367244,22-25,21,0.6,0.8,0.3,0.2,1.24,0.5,0.609,1,2,High,0.996,Very High,Likely (6 months)
PL0405,Richard Henson,Morocco,LB,Manchester United,25,2001-06-18,Right,2029-04-03,3,329,28639,14,46,914.5,427.0,46.795,425.0,459.0,6.68,7,18,3,47.0,87.0,80.14,515.0,700.0,1278.0,94.0,756.0,72.12,246.0,9,716,79.6,160,34,"Muscle Injury, Shoulder Injury, Calf Injury, Hip Injury, Back Injury, Achilles Injury, Fracture",2026-02-05,58.0,0.9,0,0,0,1,1.96,151,0,0.314,17863,0.256,0.447,0.297,9.1,126514,73.6,1,4.15,7487,3198,5448,41.88,52.74,64.37,5,Rising,0.0425531914893617,0.1398176291793313,60,0.182370820668693,1909.2666666666669,609.3404255319149,5.2,13.58,3.76,54.1033434650456,7.959999999999999,107.68943175890742,1,Prime,0.0,0.2311039999999999,27.975496978204028,0.3545,7.984761000000001,40.96566869300912,74.9260798138106,95.5356079594429,22-25,29,0.3,0.8,0.3,0.2,1.88,0.5,0.5680000000000001,1,2,High,0.994,Very High,Likely (6 months)
PL0406,Jason Oliver,England,RW,Juventus,21,2005-08-21,Both,2028-04-03,2,264,35852,79,67,1298.0,225.0,52.43,271.0,401.0,7.48,3,46,8,88.0,135.8,85.79,643.0,783.0,1271.0,94.0,756.0,72.12,246.0,2,285,142.5,151,134,"Ligament Damage, Meniscus Tear",2026-03-05,30.0,0.2,0,0,0,1,0.78,50,0,0.314,65655,0.397,0.356,0.247,3.45,758301,56.4,0,7.53,2813,4384,7248,68.0,90.14,152.54,4,Rising,0.2992424242424242,0.2537878787878788,146,0.553030303030303,448.15,527.2352941176471,-2.6,8.280000000000001,1.1800000000000002,81.06060606060606,47.5,116.569267106108,0,Emerging,32.55882352941177,0.1770959999999999,12.016163218943031,0.4488000000000001,0.0,48.685721212121216,60.00710543447516,70.55901624945103,18-21,21,0.6,0.5,0.6,0.2,0.5900000000000001,0.7,0.549,0,1,Medium,0.001,Low,Possible (1 year)
PL0407,Christopher Spears,Kosovo,CM,Juventus,25,2001-05-07,Right,2027-04-04,1,262,20897,80,60,914.5,427.0,46.795,207.0,258.0,7.28,7,12,2,37.4,79.8,88.9,619.0,783.0,1271.0,94.0,756.0,72.12,246.0,6,423,70.5,122,22,"Muscle Injury, Shoulder Injury, Concussion, Ankle Injury, Groin Strain, Meniscus Tear",2024-08-16,596.0,0.6,0,0,0,1,1.16,82,0,0.187,14570,0.136,0.519,0.345,3.08,170308,11.1,1,8.23,7772,4449,13681,65.54,90.77,100.21,4,Rising,0.3053435114503817,0.2290076335877862,140,0.5343511450381679,257.98765432098764,342.57377049180326,6.8,12.24,2.36,68.70229007633587,10.071428571428571,56.17610122157587,1,Prime,0.0,0.0207569999999999,5.521606722322739,0.2941,7.56183,45.89665801526718,46.5107390911177,68.9760415017541,22-25,60,0.1,0.8,0.6,0.2,1.18,0.5,0.47300000000000003,0,1,Medium,0.0,Low,Possible (1 year)
PL0408,Sean Cherry,Sweden,ST,Porto,22,2004-09-13,Left,2031-04-03,5,334,27436,39,43,612.0,439.0,35.12,203.0,209.0,7.86,4,25,3,83.5,82.1,85.79,643.0,783.0,1271.0,94.0,756.0,72.12,246.0,2,91,45.5,63,28,"Muscle Injury, Concussion",2025-06-23,285.0,0.2,0,0,0,0,0.25,21,0,0.56,22400,0.456,0.27,0.274,8.59,405890,75.4,0,4.89,3931,178,5791,98.71,116.3,112.85,2,Rising,0.1167664670658682,0.1287425149700598,82,0.2455089820359281,685.9,623.5454545454545,4.5,10.68,0.65,93.7125748502994,15.166666666666666,423.03501308984994,0,Emerging,17.819876405632666,0.42224,48.185107575727216,0.5557000000000001,0.0,53.4299149700599,100.0,53.58531237595015,22-25,7,1.0,0.5,0.9,0.2,0.325,0.7,0.7074999999999999,1,3,Very High,1.0,Very High,Very Likely (now)
PL0409,Robert Keith,Brazil,RB,Celta Vigo,24,2002-04-10,Both,2029-04-03,3,168,31969,6,6,914.5,427.0,46.795,425.0,459.0,7.19,6,59,7,28.0,190.3,83.4,1375.0,885.0,1820.0,94.0,756.0,72.12,246.0,8,600,75.0,161,12,"Shoulder Injury, Hip Injury, Ankle Injury, Knee Injury, ACL Injury, Fracture",2025-05-16,323.0,0.8,1,0,1,1,1.64,97,0,0.166,11347,0.133,0.52,0.347,14.1,114265,64.1,1,1.21,295,3007,6667,35.94,48.06,73.0,5,Rising,0.0357142857142857,0.0357142857142857,12,0.0714285714285714,4567.0,4567.0,-2.9000000000000004,9.36,5.24,42.261904761904766,8.333333333333334,92.4154292601512,0,Prime,33.72287145242072,0.1064059999999999,21.853706580550813,0.2144,5.900440000000001,39.51318095238096,62.0571503470167,106.96583906979149,22-25,54,0.1,0.8,0.1,0.2,2.62,0.5,0.542,0,1,Medium,0.001,Low,Possible (1 year)
PL0410,Alexander Doyle,Ukraine,LB,Newcastle,24,2002-06-14,Right,2030-04-03,4,271,35876,33,44,914.5,427.0,46.795,425.0,459.0,7.5,6,29,7,45.2,132.4,84.37,912.0,653.0,1803.0,94.0,756.0,72.12,246.0,9,608,67.6,160,13,"Muscle Injury, Concussion, Hip Injury, Ankle Injury, Knee Injury, Back Injury, Meniscus Tear, Fracture",2024-11-27,493.0,0.9,1,0,0,1,1.67,108,0,0.206,7068,0.159,0.497,0.344,2.36,69515,32.0,1,5.75,8321,2670,5567,38.69,52.59,33.64,2,Rising,0.1217712177121771,0.1623616236162361,77,0.2841328413284132,1055.1764705882354,797.2444444444444,0.0999999999999996,11.42,3.47,60.14760147601476,6.76,132.64896895103877,0,Prime,35.926596019643334,0.0659199999999999,4.309066668688071,0.2882,3.512796,44.88992029520295,41.96856015063358,113.10133609272602,22-25,33,0.3,0.8,0.1,0.2,1.735,0.5,0.5235000000000001,0,1,Medium,0.006,Low,Possible (1 year)
PL0411,Gary Galvan,Czech Republic,CAM,Aston Villa,23,2003-03-16,Left,2030-04-03,4,454,28000,38,38,914.5,427.0,46.795,476.0,493.0,8.0,5,30,5,90.8,61.7,89.5,597.0,783.0,1271.0,94.0,756.0,72.12,246.0,8,671,83.9,161,8,"Muscle Injury, Knee Injury, Hamstring Injury, Groin Strain, Achilles Injury, Meniscus Tear",2025-05-18,321.0,0.8,1,1,0,1,1.84,159,0,0.519,22190,0.453,0.275,0.272,8.46,194330,45.2,0,5.43,213,4630,7645,88.52,116.87,62.28,2,Rising,0.0837004405286343,0.0837004405286343,76,0.1674008810572687,717.9487179487179,717.9487179487179,2.0,14.08,3.4400000000000004,64.97797356828194,9.322222222222225,303.4915154186082,0,Emerging,32.026660641662914,0.234588,43.94007623946314,0.5428000000000001,0.0,48.89719471365639,100.0,54.62153118147497,22-25,37,0.1,0.8,0.9,0.2,1.7200000000000002,0.6,0.5820000000000001,1,2,High,1.0,Very High,Likely (6 months)
PL0412,Robert Shields,Italy,LW,Newcastle,19,2007-12-14,Right,2027-04-04,1,180,29447,236,63,694.0,243.0,44.2,754.0,382.0,8.18,1,26,5,180.0,163.6,85.79,643.0,783.0,1271.0,94.0,756.0,72.12,246.0,0,0,0.0,0,0,,2023-06-26,614.0,0.0,0,0,0,0,0.0,0,0,0.743,45220,0.575,0.172,0.253,2.52,859472,23.2,0,3.95,227,739,16503,82.61,98.04,107.04,3,Rising,1.3111111111111111,0.35,299,1.6611111111111112,124.24894514767932,460.109375,2.4000000000000004,4.6,0.0,100.0,0.0,70.80725849732045,0,Emerging,18.678126134850512,0.172376,20.07042011542087,0.6748,0.0,54.9896,77.6004301731313,65.76916636765937,18-21,32,0.3,0.3,0.9,0.2,0.0,0.7,0.39,0,1,Medium,0.0,Low,Possible (1 year)
PL0413,Robert Adams,South Korea,GK,LA Galaxy,27,1999-05-11,Both,2027-04-04,1,203,26797,1,3,914.5,427.0,46.795,425.0,459.0,6.8,9,53,5,22.6,132.0,85.79,643.0,783.0,1271.0,98.0,1151.0,72.69,298.0,6,366,61.0,143,8,"Ligament Damage, Shoulder Injury, Concussion, Knee Injury, Hamstring Injury",2024-11-30,490.0,0.6,1,1,0,0,1.0,67,0,0.361,5161,0.381,0.467,0.152,5.15,81937,54.8,1,6.08,2030,4532,7941,23.93,32.12,9.71,1,Stable,0.0049261083743842,0.0147783251231527,4,0.0197044334975369,13398.5,6699.25,-0.3000000000000007,13.06,2.2,66.99507389162562,8.714285714285714,20.511048248890912,1,Prime,0.0,0.1978279999999999,15.894020929844883,0.4261,2.4101870000000005,44.06321477832513,61.472638783929895,176.7477528211999,26-29,25,0.3,0.8,0.1,0.2,1.1,0.3,0.44000000000000006,0,1,Medium,0.0,Low,Possible (1 year)
PL0414,Richard Rodriguez,Slovakia,LB,Napoli,21,2005-05-15,Left,2031-04-03,5,354,17861,35,18,914.5,427.0,46.795,425.0,459.0,6.55,3,56,7,118.0,50.5,80.67,903.0,522.0,1959.0,94.0,756.0,72.12,246.0,3,331,110.3,165,64,"Fracture, Shoulder Injury",2025-10-13,173.0,0.3,0,0,0,1,0.91,50,0,0.0,3899,0.15,0.509,0.34,4.51,21114,89.5,1,8.65,8851,304,2591,22.84,27.81,40.41,3,Rising,0.0988700564971751,0.0508474576271186,53,0.1497175141242938,496.1388888888889,940.0526315789474,-2.6,10.08,1.51,85.87570621468926,27.575,97.8838992905701,0,Emerging,21.7600700525394,0.0,0.0,0.2297,1.984591,45.85054124293785,39.90527062146893,192.32609581769236,18-21,29,0.3,0.5,0.1,0.2,0.755,0.5,0.36550000000000005,0,1,Medium,0.0,Low,Possible (1 year)
PL0415,Shane Garrison,Scotland,CB,AC Milan,20,2006-08-12,Both,2030-04-03,4,430,38533,28,28,914.5,427.0,46.795,425.0,459.0,6.44,2,67,4,215.0,89.6,79.98,1028.0,518.0,1304.0,94.0,756.0,72.12,246.0,0,0,0.0,0,0,,2023-06-26,614.0,0.0,0,0,0,0,0.0,0,0,0.264,5542,0.191,0.413,0.396,7.22,33048,67.4,1,6.74,4575,3938,2744,27.4,35.45,40.76,3,Rising,0.0651162790697674,0.0651162790697674,56,0.1302325581395348,1328.7241379310344,1328.7241379310344,-0.6999999999999993,10.6,0.0,100.0,0.0,93.94111525609878,0,Emerging,29.37956204379564,0.177936,16.4309645540861,0.3477,2.288846,48.57540000000001,68.93414683112915,171.04014084507045,18-21,17,0.6,0.3,0.1,0.2,0.0,0.4,0.3450000000000001,0,0,Low,0.0,Low,Possible (1 year)
PL0416,Daniel Velasquez,Senegal,LB,Nice,18,2008-05-21,Left,2027-04-04,1,361,15167,14,18,914.5,427.0,46.795,425.0,459.0,7.52,1,65,2,361.0,42.0,87.24,1091.0,864.0,820.0,94.0,756.0,72.12,246.0,0,0,0.0,0,0,,2023-06-26,614.0,0.0,0,0,0,0,0.0,0,0,0.468,4420,0.406,0.347,0.247,14.21,78972,56.7,0,9.21,9211,3372,6597,29.79,39.46,48.23,6,Rising,0.038781163434903,0.0498614958448753,32,0.0886426592797784,1011.1333333333332,798.2631578947369,1.5,8.219999999999999,0.0,100.0,0.0,25.533812258021744,0,Emerging,32.46055723397114,0.265356,55.82325629287879,0.5317000000000001,0.0,52.7874,100.0,171.4433257551153,18-21,55,0.1,0.3,0.1,0.2,0.0,0.5,0.18,0,0,Low,0.0,Low,Unlikely
PL0417,Joe Torres,Denmark,CB,Lyon,23,2003-12-22,Both,2028-04-03,2,376,14281,15,29,914.5,427.0,46.795,425.0,459.0,6.5,5,61,3,75.2,38.0,85.89,752.0,579.0,1893.0,94.0,756.0,72.12,246.0,12,1034,86.2,172,12,"Muscle Injury, Shoulder Injury, Concussion, Calf Injury, Knee Injury, ACL Injury, Back Injury, Fracture",2024-07-10,633.0,1.2,1,0,1,1,2.83,147,0,0.177,1305,0.315,0.53,0.154,12.78,15291,66.0,1,1.23,4978,4498,2829,24.25,27.14,17.49,1,Rising,0.0398936170212766,0.077127659574468,44,0.1170212765957446,892.5625,476.03333333333336,0.9000000000000004,12.52,7.23,60.90425531914894,6.630769230769231,41.57065775475175,0,Emerging,11.917525773195878,0.1168199999999999,16.229656872308475,0.2715999999999999,0.6916500000000001,41.22805106382979,50.498510840377605,163.27941015378133,22-25,40,0.1,0.8,0.1,0.2,3.615,0.4,0.6315000000000002,1,2,High,1.0,Very High,Likely (6 months)
PL0418,Robert Perez,USA,RW,RB Leipzig,24,2002-08-02,Both,2028-04-03,2,247,28777,111,84,903.0,333.0,50.25,698.0,473.0,7.5,6,77,0,41.2,116.5,85.79,643.0,783.0,1271.0,94.0,756.0,72.12,246.0,13,1035,79.6,166,7,"Muscle Injury, Ligament Damage, Concussion, Hip Injury, Calf Injury, Knee Injury, Back Injury, Meniscus Tear, Fracture",2023-10-14,903.0,1.3,1,0,0,1,2.84,240,0,0.551,60117,0.49,0.311,0.199,13.88,390578,75.3,0,8.6,5593,3383,16579,91.14,123.57,167.27,4,Rising,0.4493927125506073,0.340080971659919,195,0.7894736842105263,256.9375,338.5529411764706,2.3,10.94,5.44,2.834008097165992,5.685714285714285,156.23710300074532,0,Prime,35.58262014483212,0.414903,84.15776539342856,0.5912000000000001,0.0,33.9372016194332,100.0,36.83221360910919,22-25,38,0.1,0.8,0.9,0.2,2.72,0.7,0.6920000000000001,1,2,High,1.0,Very High,Likely (6 months)
PL0419,Alexander Lee,Denmark,CDM,Villarreal,18,2008-06-13,Left,2031-04-03,5,229,41987,18,30,914.5,427.0,46.795,154.0,221.0,7.0,1,21,5,229.0,183.3,91.96,254.0,783.0,1271.0,94.0,756.0,72.12,246.0,4,236,59.0,120,10,"Muscle Injury, Shoulder Injury, Meniscus Tear, Calf Injury",2025-02-27,401.0,0.4,0,0,0,1,0.65,54,0,0.368,6837,0.341,0.327,0.332,13.19,47439,56.4,0,7.64,1679,4014,1478,26.1,33.34,89.02,6,Rising,0.0786026200873362,0.131004366812227,48,0.2096069868995633,2209.842105263158,1354.4193548387098,2.9000000000000004,5.58,1.4500000000000002,76.41921397379913,11.8,111.85506880402274,0,Emerging,27.73946360153257,0.207552,42.861329847701526,0.4605,0.0,45.32084279475983,100.0,167.23558226848644,18-21,38,0.1,0.3,0.1,0.2,0.7250000000000001,0.4,0.24250000000000002,0,0,Low,0.0,Low,Unlikely
PL0420,Garrett Lin,Senegal,GK,West Ham,23,2003-08-12,Both,2029-04-03,3,388,25188,0,5,914.5,427.0,46.795,425.0,459.0,6.67,5,50,7,77.6,64.9,85.79,643.0,783.0,1271.0,59.0,618.0,70.23,133.0,11,1050,95.5,178,21,"Ligament Damage, Concussion, Hip Injury, Ankle Injury, Knee Injury, Hamstring Injury, Meniscus Tear, Fracture",2025-05-12,327.0,1.1,1,1,0,1,2.88,220,0,0.195,7993,0.221,0.452,0.327,14.12,97894,94.8,1,7.83,757,1106,5199,15.09,18.4,17.3,2,Rising,0.0,0.0128865979381443,5,0.0128865979381443,25188.0,4198.0,-2.0,12.76,5.08,43.29896907216495,7.958333333333333,38.80213766098168,0,Emerging,21.93505632869449,0.18486,24.743281901229512,0.3322,3.612836,38.556193814432994,66.23301975906077,239.62830214066497,22-25,56,0.1,0.8,0.1,0.2,2.54,0.3,0.514,0,1,Medium,0.0,Low,Possible (1 year)
PL0421,Walter Ramirez,Georgia,CM,Athletic Bilbao,20,2006-09-12,Right,2030-04-03,4,423,27295,100,42,914.5,427.0,46.795,305.0,496.0,6.74,2,29,2,211.5,64.5,81.32,775.0,783.0,1271.0,94.0,756.0,72.12,246.0,1,172,172.0,172,172,Muscle Injury,2023-08-02,976.0,0.1,0,0,0,0,0.47,41,0,0.251,10179,0.317,0.427,0.256,4.99,119926,87.4,1,4.96,2327,2692,6412,38.67,50.42,11.99,1,Rising,0.2364066193853428,0.0992907801418439,142,0.3356973995271867,270.2475247524753,634.7674418604652,5.1,10.46,0.6699999999999999,90.30732860520096,86.0,132.58039879391754,0,Emerging,30.38531161106801,0.219374,11.558203531553,0.3597,4.346433,47.83286572104019,59.91373815784959,120.5769239249816,18-21,48,0.1,0.3,0.1,0.2,0.33499999999999996,0.5,0.21350000000000002,0,0,Low,0.0,Low,Unlikely
PL0422,Martin Ross,Mali,RB,Manchester City,24,2002-01-24,Right,2028-04-03,2,362,17381,28,15,914.5,427.0,46.795,425.0,459.0,7.47,6,24,2,60.3,48.0,87.66,1361.0,1016.0,1075.0,94.0,756.0,72.12,246.0,2,287,143.5,176,111,"Knee Injury, Meniscus Tear",2025-12-03,122.0,0.2,1,0,0,1,0.79,45,0,0.459,3568,0.392,0.359,0.249,10.97,46318,52.4,0,6.0,3962,3005,16650,69.69,79.41,84.7,3,Rising,0.0773480662983425,0.0414364640883977,43,0.1187845303867403,599.3448275862069,1086.3125,5.6,13.24,1.19,87.56906077348066,47.833333333333336,119.46635624448038,0,Prime,13.947481704692208,0.240516,41.18838645213937,0.4894,0.0,51.02061215469614,100.0,72.17514804738455,22-25,42,0.1,0.8,0.6,0.2,0.595,0.5,0.41450000000000004,0,1,Medium,0.0,Low,Possible (1 year)
PL0423,William Herrera,Portugal,LW,Aston Villa,20,2006-02-09,Both,2029-04-03,3,397,18480,223,30,677.0,590.0,44.46,688.0,324.0,7.78,2,56,7,198.5,46.5,85.79,643.0,783.0,1271.0,94.0,756.0,72.12,246.0,2,93,46.5,69,24,"Knee Injury, Concussion",2024-01-25,800.0,0.2,1,0,0,0,0.25,20,0,0.445,51083,0.435,0.409,0.156,4.47,737092,33.9,1,5.25,360,1388,8553,78.65,90.2,77.54,3,Rising,0.5617128463476071,0.0755667506297229,253,0.6372795969773299,82.5,596.1290322580645,-2.6,9.94,0.65,94.96221662468514,15.5,202.23910715945723,0,Emerging,14.68531468531468,0.150855,21.56482592245287,0.4791999999999999,20.892947,53.05884332493703,77.57666054614782,66.61499475823858,18-21,17,0.6,0.3,0.9,0.2,0.325,0.7,0.5275,0,1,Medium,0.001,Low,Possible (1 year)
PL0424,Todd Wilson,Scotland,CAM,Al Ittihad,24,2002-05-23,Both,2030-04-03,4,479,34940,33,77,914.5,427.0,46.795,401.0,220.0,7.02,6,53,1,79.8,72.9,92.31,780.0,783.0,1271.0,94.0,756.0,72.12,246.0,12,1227,102.2,168,13,"Muscle Injury, Shoulder Injury, Concussion, Ankle Injury, Knee Injury, Groin Strain, Back Injury, Achilles Injury, Fracture",2024-02-19,775.0,1.2,1,0,0,1,3.36,247,0,0.067,31952,0.162,0.527,0.311,7.51,501902,80.0,1,3.78,6393,2394,17688,54.76,61.15,8.75,1,Rising,0.068893528183716,0.1607515657620041,110,0.2296450939457202,1027.6470588235295,447.948717948718,3.7,15.58,5.76,48.43423799582464,7.861538461538462,187.7450901979551,0,Prime,11.6691015339664,0.0536,5.21888998374183,0.2077999999999999,16.838704,41.29844759916492,36.95755877519521,74.06464777468602,22-25,8,1.0,0.8,0.3,0.2,2.88,0.6,0.923,1,3,Very High,1.0,Very High,Very Likely (now)
PL0425,Wesley White,Sweden,CM,Manchester United,22,2004-08-06,Right,2030-04-03,4,369,18457,32,37,914.5,427.0,46.795,496.0,507.0,6.67,4,35,5,92.2,50.0,85.12,353.0,783.0,1271.0,94.0,756.0,72.12,246.0,8,592,74.0,134,28,"Shoulder Injury, Calf Injury, ACL Injury, Hamstring Injury, Groin Strain",2023-09-19,928.0,0.8,0,1,1,1,1.62,127,0,0.082,7574,0.107,0.543,0.35,6.15,124076,79.6,1,4.12,4028,4988,2737,45.51,57.24,87.4,5,Rising,0.086720867208672,0.1002710027100271,69,0.1869918699186991,559.3030303030303,485.7105263157895,1.5,11.38,5.220000000000001,65.58265582655827,8.222222222222221,156.0313925293816,0,Emerging,25.774555042847737,0.065272,4.50471453229941,0.1975,4.112682,42.46753116531166,37.55083738110495,91.30838779899304,22-25,6,1.0,0.5,0.3,0.2,2.6100000000000003,0.5,0.8260000000000001,1,3,Very High,1.0,Very High,Very Likely (now)
PL0426,Victor Baker,Slovakia,LB,Napoli,29,1997-12-03,Left,2031-04-03,5,299,36811,7,27,914.5,427.0,46.795,425.0,459.0,6.84,10,31,5,29.9,123.1,90.47,1413.0,316.0,1773.0,94.0,756.0,72.12,246.0,14,1379,98.5,175,25,"Ligament Damage, Shoulder Injury, Concussion, Calf Injury, Ankle Injury, Knee Injury, ACL Injury, Groin Strain, Back Injury, Achilles Injury, Meniscus Tear, Fracture",2023-07-04,1005.0,1.4,1,0,1,1,3.78,338,0,0.231,8758,0.253,0.409,0.338,14.63,105970,33.3,1,9.83,3798,1972,10415,22.34,30.18,60.1,5,Stable,0.0234113712374581,0.0903010033444816,34,0.1137123745819397,4601.375,1314.678571428571,1.9000000000000004,15.98,8.58,0.0,6.566666666666666,95.74108188053134,0,Experienced,0.0,0.0769229999999999,30.67882255151083,0.3848,3.582022,31.325600000000005,64.52103382726625,134.21422450728366,26-29,38,0.1,0.5,0.1,0.2,4.29,0.5,0.6490000000000001,1,2,High,1.0,Very High,Very Likely (now)
PL0427,Brian Hamilton,Austria,RB,Arsenal,20,2006-12-23,Right,2028-04-03,2,279,19792,34,22,914.5,427.0,46.795,425.0,459.0,6.52,2,40,4,139.5,70.9,82.46,1465.0,324.0,1502.0,94.0,756.0,72.12,246.0,3,340,113.3,134,94,"Shoulder Injury, Knee Injury, Hip Injury",2024-05-06,698.0,0.3,1,0,0,0,0.93,61,0,0.288,7797,0.213,0.372,0.415,7.51,67737,78.0,0,2.05,2282,802,12468,24.2,27.46,51.56,4,Rising,0.1218637992831541,0.078853046594982,56,0.2007168458781362,565.4857142857143,860.5217391304348,2.0,7.58,1.53,78.13620071684588,28.325,41.48494505835019,0,Emerging,13.471074380165296,0.2246399999999999,19.38291422321217,0.3252,0.0,43.87364014336917,67.95119140650284,174.10174660067133,18-21,45,0.1,0.3,0.1,0.2,0.765,0.5,0.2565,0,0,Low,0.0,Low,Unlikely
PL0428,Nicholas Edwards,Italy,LW,AS Roma,21,2005-04-26,Right,2028-04-03,2,304,30010,140,68,482.0,479.0,50.0,872.0,619.0,7.59,3,52,8,101.3,98.7,85.79,643.0,783.0,1271.0,94.0,756.0,72.12,246.0,8,496,62.0,177,14,"Muscle Injury, Ligament Damage, Calf Injury, Ankle Injury, ACL Injury, Meniscus Tear",2023-11-04,882.0,0.8,0,0,1,1,1.36,98,0,0.357,13492,0.388,0.373,0.239,14.64,151569,40.1,0,8.2,8753,4609,13949,67.19,82.13,142.98,4,Rising,0.4605263157894737,0.2236842105263158,208,0.6842105263157895,212.8368794326241,434.92753623188406,-3.1999999999999997,9.08,4.96,67.76315789473685,6.888888888888889,115.18072142440288,0,Emerging,22.235451704122635,0.143157,49.70343966816678,0.4666,0.0,46.66183157894737,100.0,68.42914148547788,18-21,15,0.6,0.5,0.6,0.2,2.48,0.7,0.738,1,3,Very High,1.0,Very High,Very Likely (now)
PL0429,Larry Dixon,Guinea,CAM,Crystal Palace,19,2007-09-19,Left,2029-04-03,3,196,20481,89,21,914.5,427.0,46.795,159.0,787.0,7.86,1,58,6,196.0,104.5,83.94,404.0,783.0,1271.0,94.0,756.0,72.12,246.0,3,167,55.7,101,23,"Ankle Injury, Fracture, Calf Injury",2024-06-26,647.0,0.3,0,0,0,1,0.46,34,0,0.338,6334,0.328,0.374,0.298,5.46,66165,71.7,0,7.66,5121,1716,9076,63.9,86.79,97.34,4,Rising,0.4540816326530612,0.1071428571428571,110,0.5612244897959183,227.56666666666663,930.9545454545456,-1.8000000000000007,4.92,1.06,82.65306122448979,13.925,164.31123900177133,0,Emerging,35.82159624413147,0.242346,16.15504604177794,0.4354,0.0,49.82541224489797,67.0252751851159,76.77259205685357,18-21,48,0.1,0.3,0.6,0.2,0.53,0.6,0.318,0,0,Low,0.0,Low,Unlikely
PL0430,James Ray,Turkey,LW,Manchester United,29,1997-02-03,Both,2029-04-03,3,188,38083,202,59,1168.0,543.0,42.34,724.0,584.0,7.13,10,53,2,18.8,202.6,85.79,643.0,783.0,1271.0,94.0,756.0,72.12,246.0,5,588,117.6,179,70,"Muscle Injury, Shoulder Injury, Ligament Damage, Hip Injury, Meniscus Tear",2023-08-17,961.0,0.5,0,0,0,1,1.61,136,0,0.431,8558,0.323,0.335,0.342,13.56,76805,99.2,0,3.99,4832,1415,2855,84.18,106.53,45.02,1,Stable,1.074468085106383,0.3138297872340425,261,1.3882978723404256,187.60098522167488,634.7166666666667,2.7,13.76,2.6100000000000003,27.659574468085097,19.6,216.4588434924744,0,Experienced,0.0,0.427552,52.91915231737848,0.4422,0.0,37.68831489361702,100.0,44.245497644537465,26-29,49,0.1,0.5,0.9,0.2,1.3050000000000002,0.7,0.4905000000000001,0,1,Medium,0.004,Low,Possible (1 year)
PL0431,David Fletcher,Ghana,CAM,Al Hilal,27,1999-07-27,Left,2031-04-03,5,357,39764,43,90,914.5,427.0,46.795,400.0,397.0,7.87,9,20,5,39.7,111.4,83.66,285.0,783.0,1271.0,94.0,756.0,72.12,246.0,6,753,125.5,157,82,"Shoulder Injury, Calf Injury, Ankle Injury, Achilles Injury, Meniscus Tear",2024-08-23,589.0,0.6,0,0,0,1,2.06,154,0,0.52,23658,0.4,0.334,0.266,5.9,202620,11.0,0,4.3,2744,961,4231,79.93,89.21,76.82,2,Stable,0.1204481792717086,0.2521008403361344,133,0.3725490196078431,903.7272727272727,436.967032967033,3.0,16.14,3.26,56.86274509803921,17.928571428571427,342.55079116879455,1,Prime,0.0,0.0572,30.899358536879305,0.5042,0.0,47.08894901960785,83.37351231512288,58.18478811269968,26-29,34,0.3,0.8,0.9,0.2,1.63,0.6,0.643,1,2,High,1.0,Very High,Likely (6 months)
PL0432,Aaron Frost,Denmark,RW,Porto,21,2005-02-15,Both,2030-04-03,4,430,19019,35,128,663.0,309.0,39.86,381.0,532.0,6.52,3,40,1,143.3,44.2,85.79,643.0,783.0,1271.0,94.0,756.0,72.12,246.0,1,12,12.0,12,12,Calf Injury,2023-12-23,833.0,0.1,0,0,0,0,0.03,3,0,0.321,24530,0.323,0.431,0.246,13.73,365727,28.8,1,6.28,8310,3672,5886,46.35,57.73,62.33,2,Rising,0.0813953488372093,0.2976744186046511,163,0.3790697674418604,528.3055555555555,147.43410852713177,5.0,11.6,0.23,99.30232558139537,6.0,158.91133912847368,0,Emerging,24.55231930960085,0.092448,44.547938161430125,0.4019,10.57243,49.064265116279074,100.0,103.62041207239508,18-21,18,0.6,0.5,0.3,0.2,0.115,0.7,0.4565,0,1,Medium,0.0,Low,Possible (1 year)
PL0433,Joshua Ball,Netherlands,LW,Galatasaray,24,2002-09-21,Right,2031-04-03,5,208,15616,215,26,1098.0,272.0,38.12,841.0,621.0,7.54,6,52,1,34.7,75.1,85.79,643.0,783.0,1271.0,94.0,756.0,72.12,246.0,4,362,90.5,155,8,"Ankle Injury, Ligament Damage, Shoulder Injury, Muscle Injury",2024-02-10,784.0,0.4,0,0,0,0,0.99,85,0,0.286,15137,0.331,0.45,0.219,8.87,188268,76.5,1,6.13,2037,3000,8059,92.54,114.84,187.23,6,Rising,1.0336538461538465,0.125,241,1.1586538461538465,72.29629629629629,578.3703703703703,3.8,10.16,1.79,59.13461538461539,18.1,396.59264624997184,0,Prime,24.097687486492323,0.2187899999999999,24.41679969771872,0.385,6.81165,44.78892307692309,75.43966108503962,47.88210720218419,22-25,17,0.6,0.8,0.9,0.2,0.895,0.7,0.6845,1,2,High,1.0,Very High,Likely (6 months)
PL0434,Patrick Lambert,Iran,RW,Chelsea,26,2000-01-27,Both,2027-04-04,1,232,17140,210,42,808.0,283.0,38.71,293.0,153.0,7.18,8,39,3,29.0,73.9,85.79,643.0,783.0,1271.0,94.0,756.0,72.12,246.0,7,551,78.7,179,20,"Ligament Damage, Shoulder Injury, Hip Injury, Ankle Injury, ACL Injury, Groin Strain, Fracture",2024-06-19,654.0,0.7,0,0,1,1,1.51,122,0,0.437,8689,0.468,0.321,0.212,14.76,128281,79.7,0,2.98,4654,3983,18839,103.86,124.25,259.95,5,Stable,0.9051724137931034,0.1810344827586207,252,1.0862068965517242,81.23222748815166,398.6046511627907,3.1,12.64,4.91,47.41379310344828,9.8375,89.02120648264982,1,Prime,0.0,0.348289,58.50212539915957,0.4808,0.0,41.69235862068965,100.0,39.76002157227699,26-29,36,0.3,0.8,0.9,0.2,2.455,0.7,0.7355,1,3,Very High,1.0,Very High,Very Likely (now)
PL0435,Jackson Jones,Uruguay,RW,Arsenal,23,2003-03-11,Right,2028-04-03,2,195,38793,50,74,1056.0,742.0,38.85,402.0,657.0,7.49,5,33,7,39.0,198.9,85.79,643.0,783.0,1271.0,94.0,756.0,72.12,246.0,2,283,141.5,164,119,"Shoulder Injury, Meniscus Tear",2025-01-18,441.0,0.2,0,0,0,1,0.78,48,0,0.243,11180,0.362,0.5,0.138,9.25,99514,74.0,1,9.98,521,4171,3207,92.76,107.11,67.65,3,Rising,0.2564102564102564,0.3794871794871794,124,0.6358974358974359,760.6470588235294,517.24,-0.3000000000000007,8.9,1.1800000000000002,75.38461538461539,47.16666666666666,159.01419436415554,0,Emerging,15.470030185424749,0.1798199999999999,20.953460738158245,0.4055999999999999,5.59,47.62812307692308,72.88425264569891,50.79791283801522,22-25,51,0.1,0.8,0.9,0.2,0.5900000000000001,0.7,0.4790000000000001,0,1,Medium,0.0,Low,Possible (1 year)
PL0436,Matthew Rivera,Spain,LW,Eintracht Frankfurt,23,2003-05-07,Right,2031-04-03,5,317,39271,203,100,525.0,653.0,38.7,206.0,231.0,6.72,5,35,4,63.4,123.9,85.79,643.0,783.0,1271.0,94.0,756.0,72.12,246.0,12,912,76.0,175,8,"Calf Injury, Hip Injury, Ankle Injury, ACL Injury, Groin Strain, Back Injury, Achilles Injury, Meniscus Tear, Fracture",2026-03-23,12.0,1.2,0,0,1,1,2.5,166,1,0.036,46623,0.206,0.518,0.276,8.22,680662,82.6,1,4.46,2852,2577,6936,50.32,64.32,22.22,2,Rising,0.6403785488958991,0.3154574132492113,303,0.9558359621451104,192.5049019607843,388.8217821782178,2.5,11.34,9.9,47.63406940063092,5.846153846153846,215.65314414629975,0,Emerging,27.821939586645456,0.0297359999999999,3.18110174020578,0.2171999999999999,24.150714,39.10921388012618,24.52625955037176,76.20657420133708,22-25,7,1.0,0.8,0.3,0.2,4.95,0.7,1.0,1,3,Very High,1.0,Very High,Very Likely (now)
PL0437,Erik Charles,Belgium,RW,Everton,21,2005-10-18,Left,2027-04-04,1,243,33060,177,149,787.0,326.0,49.06,277.0,342.0,6.74,3,51,3,81.0,136.0,85.79,643.0,783.0,1271.0,94.0,756.0,72.12,246.0,5,554,110.8,152,42,"Calf Injury, Knee Injury, ACL Injury, Back Injury, Achilles Injury",2025-12-19,106.0,0.5,1,0,1,1,1.52,108,0,0.283,26643,0.252,0.421,0.327,7.54,427506,59.0,1,2.03,533,3143,19694,49.32,57.55,107.96,5,Rising,0.7283950617283951,0.6131687242798354,326,1.3415637860082306,185.73033707865167,220.4,1.9000000000000004,7.86,4.52,55.55555555555556,18.466666666666665,42.273501865244455,0,Emerging,16.686942416869417,0.1669699999999999,21.74430705091213,0.3248999999999999,11.216703,40.29291111111112,63.72291613192375,80.07335276452925,18-21,56,0.1,0.5,0.3,0.2,2.26,0.7,0.496,0,1,Medium,0.0,Low,Possible (1 year)
PL0438,Nathan Evans,Nigeria,RW,Bayer Leverkusen,19,2007-03-06,Both,2031-04-03,5,253,28232,192,132,1007.0,622.0,45.13,492.0,373.0,7.17,1,54,3,253.0,111.6,85.79,643.0,783.0,1271.0,94.0,756.0,72.12,246.0,0,0,0.0,0,0,,2023-06-26,614.0,0.0,0,0,0,0,0.0,0,0,0.343,26101,0.423,0.419,0.158,13.45,188071,85.8,1,1.57,8145,4946,1411,48.88,58.72,18.12,1,Rising,0.758893280632411,0.5217391304347826,324,1.2806324110671936,146.279792746114,212.2706766917293,1.5999999999999996,6.06,0.0,100.0,0.0,209.4818300053882,0,Emerging,20.130932896890336,0.294294,46.91669559851639,0.3959999999999999,10.936319,50.684000000000005,100.0,101.61186848436247,18-21,55,0.1,0.3,0.3,0.2,0.0,0.7,0.23000000000000004,0,0,Low,0.0,Low,Unlikely
PL0439,Eric Ortiz,Serbia,GK,Tottenham,28,1998-01-27,Both,2027-04-04,1,285,13728,2,5,914.5,427.0,46.795,425.0,459.0,6.28,10,73,5,28.5,48.2,85.79,643.0,783.0,1271.0,72.0,688.0,77.82,133.0,5,584,116.8,173,41,"Concussion, Calf Injury, Knee Injury, Back Injury, Fracture",2025-06-14,294.0,0.5,1,0,0,1,1.6,114,0,0.024,597,0.187,0.528,0.285,3.09,8190,10.2,1,9.1,5317,68,4747,18.39,20.38,62.57,5,Stable,0.0070175438596491,0.0175438596491228,7,0.0245614035087719,4576.0,2288.0,-2.3000000000000007,15.7,2.6,60.0,19.466666666666665,15.762564868245043,1,Prime,0.0,0.002448,0.4741486903129788,0.2511,0.315216,40.76220000000001,35.892323035469474,210.22279525528623,26-29,40,0.1,0.8,0.1,0.2,1.3,0.3,0.39,0,1,Medium,0.0,Low,Possible (1 year)
PL0440,James Phillips,Slovakia,ST,Villarreal,28,1998-05-21,Both,2028-04-03,2,200,35611,223,129,1280.0,281.0,48.48,656.0,162.0,8.16,10,21,5,20.0,178.1,85.79,643.0,783.0,1271.0,94.0,756.0,72.12,246.0,5,511,102.2,172,21,"Muscle Injury, Knee Injury, ACL Injury, Calf Injury",2024-01-17,808.0,0.5,1,0,1,1,1.4,104,0,0.631,10184,0.45,0.321,0.229,11.9,79523,98.3,0,2.49,8965,3454,16958,147.27,206.12,162.83,3,Stable,1.115,0.645,352,1.76,158.97767857142858,273.9307692307692,2.9000000000000004,14.0,4.4,48.0,17.033333333333335,252.45817598112535,1,Prime,0.0,0.620273,69.29717013978188,0.5481,0.0,46.1362,100.0,31.11634180886221,26-29,28,0.3,0.8,0.9,0.2,2.2,0.7,0.7100000000000001,1,3,Very High,1.0,Very High,Very Likely (now)
PL0441,Cameron Fisher,Germany,CB,Nice,24,2002-01-16,Both,2031-04-03,5,335,36374,6,41,914.5,427.0,46.795,425.0,459.0,7.26,6,71,5,55.8,108.6,84.31,937.0,1044.0,1153.0,94.0,756.0,72.12,246.0,8,815,101.9,178,10,"Ligament Damage, Ankle Injury, Groin Strain, Back Injury, Achilles Injury, Meniscus Tear",2026-03-27,8.0,0.8,0,0,0,1,2.23,130,1,0.5,6949,0.535,0.259,0.206,7.08,43078,74.8,0,6.55,4939,1205,12387,41.58,58.05,67.97,3,Rising,0.017910447761194,0.1223880597014925,47,0.1402985074626865,5196.285714285715,866.047619047619,-2.1,12.7,6.83,61.19402985074627,11.322222222222225,178.1966958188224,0,Prime,39.6103896103896,0.374,31.316599162498285,0.5742,0.0,44.96720597014926,75.79850172882206,105.60640199659292,22-25,22,0.6,0.8,0.3,0.2,3.415,0.4,0.8165,1,3,Very High,1.0,Very High,Very Likely (now)
PL0442,Todd Byrd,Argentina,RB,Borussia Dortmund,21,2005-11-13,Right,2029-04-03,3,405,23338,33,25,914.5,427.0,46.795,425.0,459.0,7.2,3,62,7,135.0,57.6,80.39,789.0,533.0,1702.0,94.0,756.0,72.12,246.0,1,42,42.0,42,42,Hip Injury,2025-05-29,310.0,0.1,0,0,0,0,0.12,6,0,0.115,9026,0.233,0.535,0.232,12.59,147004,45.3,1,8.88,2785,315,2220,30.97,41.72,81.9,5,Rising,0.0814814814814814,0.0617283950617283,58,0.1432098765432098,686.4117647058823,897.6153846153846,-3.1999999999999997,11.1,0.32,98.51851851851852,21.0,79.6356662266801,0,Emerging,34.71101065547304,0.052095,13.186982132646932,0.2977,4.82891,51.3191037037037,64.80002505082226,160.52268909510076,18-21,31,0.3,0.5,0.1,0.2,0.16,0.5,0.30600000000000005,0,0,Low,0.0,Low,Unlikely
PL0443,Steven Gilbert,Turkey,CM,Wolverhampton,22,2004-08-14,Right,2030-04-03,4,416,26828,61,79,914.5,427.0,46.795,381.0,675.0,7.13,4,13,2,104.0,64.5,81.98,594.0,783.0,1271.0,94.0,756.0,72.12,246.0,0,0,0.0,0,0,,2023-06-26,614.0,0.0,0,0,0,0,0.0,0,0,0.341,6647,0.407,0.35,0.244,7.1,97209,22.3,0,5.4,4141,4418,14065,56.02,76.9,166.92,6,Rising,0.1466346153846154,0.1899038461538461,140,0.3365384615384615,432.7096774193548,335.35,6.7,12.32,0.0,100.0,0.0,192.06501009659323,0,Emerging,37.27240271331668,0.076043,21.31069491288558,0.4425,0.0,51.869,77.90054236932838,90.96632760434936,22-25,13,0.6,0.5,0.3,0.2,0.0,0.5,0.425,0,1,Medium,0.004,Low,Likely (6 months)
PL0444,Eric Kelley,Turkey,CDM,Tottenham,25,2001-03-11,Both,2029-04-03,3,342,28699,90,39,914.5,427.0,46.795,337.0,609.0,6.73,7,33,3,48.9,83.9,80.18,376.0,783.0,1271.0,94.0,756.0,72.12,246.0,13,1266,97.4,180,39,"Ligament Damage, Shoulder Injury, Concussion, Ankle Injury, ACL Injury, Hamstring Injury, Back Injury, Achilles Injury, Meniscus Tear, Fracture",2023-06-18,1021.0,1.3,0,1,1,1,3.47,201,0,0.01,6795,0.041,0.601,0.358,12.96,109386,70.9,1,6.4,7586,2701,15618,31.1,37.4,108.13,6,Rising,0.2631578947368421,0.1140350877192982,129,0.3771929824561403,315.3736263736264,717.475,3.7,13.84,8.07,41.22807017543859,6.957142857142857,79.96994574264615,1,Prime,0.0,0.00709,1.1436019969698203,0.1601,4.083795,38.25381403508772,24.70231001299859,119.17076023391812,22-25,34,0.3,0.8,0.1,0.2,4.035,0.4,0.7435,1,3,Very High,1.0,Very High,Very Likely (now)
PL0445,Aaron Mitchell,Serbia,LB,Sevilla,28,1998-06-17,Right,2031-04-03,5,198,14037,27,35,914.5,427.0,46.795,425.0,459.0,6.95,10,30,4,19.8,70.9,80.77,706.0,577.0,1190.0,94.0,756.0,72.12,246.0,13,1259,96.8,180,9,"Ligament Damage, Muscle Injury, Shoulder Injury, Calf Injury, Hip Injury, Ankle Injury, Knee Injury, ACL Injury, Hamstring Injury, Groin Strain, Back Injury, Achilles Injury",2024-10-16,535.0,1.3,1,1,1,1,3.45,273,0,0.317,5574,0.401,0.447,0.152,9.91,42120,23.0,1,4.06,8274,3964,19034,28.91,37.22,80.17,6,Stable,0.1363636363636363,0.1767676767676767,62,0.3131313131313131,501.32142857142856,389.9166666666667,3.0,13.96,8.05,0.0,6.914285714285714,123.89770264844051,1,Prime,0.0,0.07291,27.09846974243753,0.3983,2.491578,31.388600000000004,60.2420046136563,104.94349715814111,26-29,31,0.3,0.8,0.1,0.2,4.025,0.5,0.7525000000000002,1,3,Very High,1.0,Very High,Very Likely (now)
PL0446,Jeffrey Carpenter,Central African Republic,LB,Manchester City,28,1998-02-09,Left,2030-04-03,4,431,22598,16,17,914.5,427.0,46.795,425.0,459.0,6.87,10,30,7,43.1,52.4,84.99,1396.0,921.0,1982.0,94.0,756.0,72.12,246.0,14,1047,74.8,174,7,"Muscle Injury, Concussion, Hip Injury, ACL Injury, Hamstring Injury, Groin Strain, Back Injury, Meniscus Tear",2023-04-28,1072.0,1.4,0,1,1,1,2.87,242,0,0.205,33489,0.251,0.522,0.227,7.07,385733,46.9,1,7.48,1733,380,12290,37.22,47.22,47.93,3,Stable,0.037122969837587,0.0394431554524361,33,0.0765661252900232,1329.2941176470588,1255.4444444444443,0.0,18.62,7.67,43.851508120649655,4.986666666666666,127.60906240262764,1,Prime,0.0,0.096145,15.100780788985196,0.3277,17.481258,40.629701624129936,47.62602199554276,106.30481848280988,26-29,15,0.6,0.8,0.1,0.2,3.835,0.5,0.8385,1,3,Very High,1.0,Very High,Very Likely (now)
PL0447,Matthew Marshall,Guinea,RW,Real Madrid,26,2000-05-13,Right,2031-04-03,5,200,26879,57,33,1062.0,688.0,47.16,344.0,390.0,7.33,8,73,3,25.0,134.4,85.79,643.0,783.0,1271.0,94.0,756.0,72.12,246.0,10,809,80.9,170,16,"Muscle Injury, Ligament Damage, Calf Injury, Hip Injury, Knee Injury, Groin Strain, Back Injury",2025-01-22,437.0,1.0,1,0,0,0,2.22,157,0,0.367,85260,0.392,0.332,0.277,2.06,785340,84.7,0,6.13,3972,2843,14409,98.83,132.68,108.89,4,Stable,0.285,0.165,90,0.45,463.4310344827586,790.5588235294117,-0.3000000000000007,12.0,4.220000000000001,21.5,7.354545454545455,423.54928926825926,1,Prime,0.0,0.310849,8.583452218272772,0.4593,0.0,36.9386,42.90447832740915,37.00150255434237,26-29,31,0.3,0.8,0.9,0.2,2.1100000000000003,0.7,0.7010000000000001,1,3,Very High,1.0,Very High,Very Likely (now)
PL0448,Jeremy Lewis,Tunisia,CDM,AC Milan,24,2002-10-24,Left,2029-04-03,3,393,32272,11,59,914.5,427.0,46.795,323.0,362.0,7.42,6,26,8,65.5,82.1,88.2,639.0,783.0,1271.0,94.0,756.0,72.12,246.0,5,593,118.6,174,33,"Concussion, Calf Injury, Groin Strain, Back Injury, Fracture",2023-09-09,938.0,0.5,0,0,0,1,1.62,124,0,0.452,9391,0.387,0.357,0.256,7.33,136083,38.3,0,7.45,6967,1782,11905,52.33,57.63,100.84,4,Rising,0.0279898218829516,0.1501272264631043,70,0.178117048346056,2689.333333333333,537.8666666666667,-0.5999999999999996,13.86,2.62,68.44783715012723,19.766666666666666,134.56036208079334,0,Prime,10.128033632715468,0.173116,30.307507283037616,0.5,0.0,47.141567430025454,83.79204463956916,88.39596367902767,22-25,39,0.1,0.8,0.3,0.2,1.31,0.4,0.43100000000000005,0,1,Medium,0.0,Low,Possible (1 year)
PL0449,John Santana,Sweden,RW,Real Sociedad,19,2007-08-16,Both,2029-04-03,3,314,26477,215,72,662.0,578.0,46.31,684.0,214.0,6.43,1,57,6,314.0,84.3,85.79,643.0,783.0,1271.0,94.0,756.0,72.12,246.0,5,395,79.0,166,17,"Ligament Damage, Concussion, Hip Injury, Knee Injury, Hamstring Injury",2023-05-13,1057.0,0.5,1,1,0,0,1.08,76,0,0.03,50196,0.1,0.621,0.279,6.25,312636,17.1,1,1.51,8298,2433,4444,33.54,39.9,89.92,6,Rising,0.6847133757961783,0.2292993630573248,287,0.9140127388535032,122.57870370370372,362.6986301369863,-1.6999999999999993,7.28,2.08,75.79617834394904,13.166666666666666,86.24411511923961,0,Emerging,18.962432915921287,0.00513,2.029445726800854,0.1329,31.171716,42.601035668789805,40.18468642459619,123.33826192469544,18-21,56,0.1,0.3,0.1,0.2,1.04,0.7,0.304,0,0,Low,0.0,Low,Unlikely
PL0450,Robert Jackson,Portugal,ST,Inter Miami,20,2006-09-15,Left,2028-04-03,2,296,22163,113,113,878.0,520.0,47.68,687.0,437.0,7.4,2,52,3,148.0,74.9,85.79,643.0,783.0,1271.0,94.0,756.0,72.12,246.0,6,635,105.8,147,35,"Shoulder Injury, Hip Injury, Calf Injury, Knee Injury, Hamstring Injury",2025-05-23,316.0,0.6,1,1,0,0,1.74,149,0,0.306,30863,0.276,0.445,0.278,13.89,398007,87.6,1,2.18,4645,2878,19284,60.36,79.8,173.16,6,Rising,0.3817567567567567,0.3817567567567567,226,0.7635135135135135,194.4122807017544,194.4122807017544,1.8000000000000007,7.92,2.94,49.66216216216216,15.114285714285714,103.47236709595116,0,Emerging,32.206759443339955,0.2680559999999999,43.93723407191837,0.3379999999999999,13.734035,41.79243243243244,100.0,68.11022234751049,18-21,46,0.1,0.3,0.6,0.2,1.47,0.7,0.422,0,1,Medium,0.0,Low,Possible (1 year)
PL0451,Bradley Robertson,Ivory Coast,GK,Galatasaray,28,1998-01-10,Right,2030-04-03,4,380,17665,1,5,914.5,427.0,46.795,425.0,459.0,7.26,10,41,7,38.0,46.5,85.79,643.0,783.0,1271.0,113.0,634.0,77.04,221.0,14,1447,103.4,175,30,"Ligament Damage, Shoulder Injury, Hip Injury, Knee Injury, Back Injury, Achilles Injury, Meniscus Tear, Fracture",2024-02-05,789.0,1.4,1,0,0,1,3.96,318,0,0.232,7403,0.32,0.479,0.201,6.18,78490,33.6,1,8.21,4100,3905,15049,18.17,24.59,57.08,6,Stable,0.0026315789473684,0.0131578947368421,6,0.0157894736842105,8832.5,2944.1666666666665,-1.0999999999999996,17.6,6.76,16.315789473684205,6.8933333333333335,62.29598774464654,1,Prime,0.0,0.077952,12.774479969914632,0.3751,3.546037,36.57335789473685,43.92839890224037,190.78433956565905,26-29,12,1.0,0.8,0.1,0.2,3.38,0.3,0.913,1,3,Very High,1.0,Very High,Very Likely (now)
PL0452,Mark Rogers,Egypt,CAM,Eintracht Frankfurt,24,2002-01-28,Both,2027-04-04,1,468,31592,12,60,914.5,427.0,46.795,600.0,723.0,7.44,6,20,8,78.0,67.5,81.24,351.0,783.0,1271.0,94.0,756.0,72.12,246.0,7,745,106.4,176,47,"Muscle Injury, Knee Injury, ACL Injury, Hamstring Injury, Achilles Injury, Fracture",2026-02-06,57.0,0.7,1,1,1,1,2.04,148,0,0.466,17743,0.49,0.376,0.134,7.43,270173,36.3,0,7.97,7616,1880,16120,82.56,97.36,213.35,6,Rising,0.0256410256410256,0.1282051282051282,72,0.1538461538461538,2430.153846153846,517.9016393442623,0.0,15.36,5.44,68.37606837606837,13.3,70.76440214911968,0,Prime,17.926356589147282,0.169158,33.875242825630735,0.5379,0.0,47.583013675213685,83.72437107605295,56.94472675348694,22-25,9,1.0,0.8,0.9,0.2,2.72,0.6,0.9970000000000001,1,3,Very High,1.0,Very High,Very Likely (now)
PL0453,Robert Potter,South Korea,RW,Inter Milan,18,2008-06-25,Both,2030-04-03,4,421,30461,184,140,944.0,268.0,43.99,397.0,432.0,7.68,1,56,0,421.0,72.4,85.79,643.0,783.0,1271.0,94.0,756.0,72.12,246.0,8,727,90.9,171,24,"Muscle Injury, Shoulder Injury, Ligament Damage, Ankle Injury, ACL Injury, Back Injury, Fracture",2024-03-09,756.0,0.8,0,0,1,1,1.99,134,0,0.57,22808,0.549,0.324,0.127,11.46,370599,33.0,0,2.53,5522,4562,9717,46.13,59.78,9.56,1,Rising,0.4370546318289786,0.332541567695962,324,0.7695961995249406,164.65405405405406,216.03546099290784,4.4,9.42,5.59,68.1710213776722,10.1,158.15706740014005,0,Emerging,29.59028831562974,0.1881,65.55004219758702,0.5532,0.0,47.34460427553445,100.0,100.45534537563006,18-21,58,0.1,0.3,0.3,0.2,2.795,0.7,0.5095000000000001,0,1,Medium,0.0,Low,Possible (1 year)
PL0454,Michael Walker,Italy,ST,Sevilla,19,2007-10-18,Right,2028-04-03,2,412,23380,87,106,406.0,535.0,42.12,835.0,644.0,7.41,1,44,5,412.0,56.7,85.79,643.0,783.0,1271.0,94.0,756.0,72.12,246.0,5,625,125.0,174,68,"Ankle Injury, Back Injury, Meniscus Tear, Calf Injury",2025-05-13,326.0,0.5,0,0,0,1,1.71,138,0,0.32,58988,0.234,0.439,0.327,12.47,978780,85.2,1,8.67,9749,1484,9170,56.05,69.15,218.95,6,Rising,0.2111650485436893,0.2572815533980582,193,0.4684466019417476,265.6818181818182,218.50467289719623,0.5999999999999996,9.24,2.71,66.50485436893203,20.83333333333333,96.08393266613754,0,Emerging,23.37198929527209,0.27264,43.83496803916832,0.3971,25.895732,45.5831708737864,100.0,79.90038715825838,18-21,55,0.1,0.3,0.3,0.2,1.355,0.7,0.36550000000000005,0,1,Medium,0.0,Low,Possible (1 year)
PL0455,Curtis Johnson,Italy,LW,Eintracht Frankfurt,24,2002-07-17,Right,2030-04-03,4,418,25594,184,138,1498.0,404.0,51.48,861.0,342.0,8.12,6,25,4,69.7,61.2,85.79,643.0,783.0,1271.0,94.0,756.0,72.12,246.0,8,765,95.6,175,18,"Muscle Injury, Ligament Damage, Concussion, Calf Injury, Hip Injury, Knee Injury, Back Injury, Achilles Injury",2023-11-10,876.0,0.8,1,0,0,0,2.1,179,0,0.555,27362,0.421,0.34,0.239,7.17,241385,87.3,0,9.55,9336,482,4859,110.16,131.16,25.64,1,Rising,0.4401913875598086,0.3301435406698564,322,0.7703349282296651,138.34594594594594,184.1294964028777,3.5,14.36,3.7,57.17703349282296,10.622222222222222,377.6844254237899,0,Prime,19.06318082788671,0.484515,40.656808103536456,0.5758000000000001,0.0,47.93900669856459,97.55471550458697,43.12613053127437,22-25,50,0.1,0.8,0.9,0.2,1.85,0.7,0.6050000000000001,1,2,High,1.0,Very High,Likely (6 months)
PL0456,David Alvarez,Russia,RB,Nice,18,2008-10-04,Both,2028-04-03,2,181,37600,14,38,914.5,427.0,46.795,425.0,459.0,6.85,1,11,4,181.0,207.7,89.07,1432.0,589.0,1008.0,94.0,756.0,72.12,246.0,7,478,68.3,161,8,"Muscle Injury, Hip Injury, Ankle Injury, Groin Strain, Achilles Injury, Fracture",2023-07-29,980.0,0.7,0,0,0,1,1.31,116,0,0.037,4858,0.093,0.487,0.419,2.01,65116,76.0,1,4.08,1445,1105,9469,16.05,18.94,25.71,3,Rising,0.0773480662983425,0.2099447513812154,52,0.287292817679558,2506.6666666666665,964.102564102564,4.9,4.62,2.71,35.911602209944746,8.5375,27.51377554489755,0,Emerging,18.00623052959502,0.02812,0.6312962846817669,0.1861,2.365846,35.87852044198895,33.466204648017126,210.4312049383516,18-21,16,0.6,0.3,0.1,0.2,1.355,0.5,0.49050000000000005,0,1,Medium,0.001,Low,Possible (1 year)
PL0457,Samuel Jones,Central African Republic,CB,Lyon,20,2006-09-12,Left,2028-04-03,2,283,20192,11,23,914.5,427.0,46.795,425.0,459.0,6.85,2,57,7,141.5,71.3,87.02,451.0,329.0,1834.0,94.0,756.0,72.12,246.0,6,732,122.0,172,63,"Muscle Injury, Concussion, Knee Injury, ACL Injury, Meniscus Tear",2025-11-30,125.0,0.6,1,0,1,1,2.01,125,0,0.07,12080,0.143,0.513,0.344,12.88,158856,6.9,1,9.94,7998,3122,8315,23.75,26.3,32.11,3,Rising,0.03886925795053,0.0812720848056537,34,0.1201413427561837,1682.6666666666667,841.3333333333334,-2.6999999999999997,7.66,5.21,55.83038869257951,17.428571428571427,40.71353079073624,0,Emerging,10.73684210526316,0.00483,8.47448934736684,0.2677,6.19704,40.63347773851591,42.60847289030821,164.17566763036731,18-21,34,0.3,0.3,0.1,0.2,2.605,0.4,0.5005000000000001,0,1,Medium,0.001,Low,Possible (1 year)
PL0458,Jason Soto,Sweden,GK,Bayern Munich,23,2003-09-02,Left,2027-04-04,1,348,18337,1,5,914.5,427.0,46.795,425.0,459.0,7.19,5,23,4,69.6,52.7,85.79,643.0,783.0,1271.0,88.0,968.0,67.67,327.0,7,580,82.9,139,34,"Hip Injury, Hamstring Injury, Groin Strain, Back Injury, Achilles Injury, Meniscus Tear, Fracture",2026-03-20,15.0,0.7,0,1,0,1,1.59,142,1,0.231,8294,0.176,0.404,0.42,7.65,62318,27.1,1,5.6,2405,233,13237,35.75,46.12,46.75,3,Rising,0.0028735632183908,0.014367816091954,6,0.0172413793103448,9168.5,3056.1666666666665,3.7,11.96,5.99,59.195402298850574,10.3625,30.64228896355412,0,Emerging,29.006993006993,0.062601,15.945715805267966,0.3203999999999999,3.350776,43.63188045977012,53.75451393778701,118.7262053327078,22-25,41,0.1,0.8,0.1,0.2,2.995,0.3,0.5595000000000001,1,2,High,1.0,Very High,Likely (6 months)
PL0459,Cory Horton,Senegal,RW,Tottenham,24,2002-09-15,Left,2028-04-03,2,403,24342,80,115,1328.0,491.0,38.26,331.0,480.0,8.12,6,25,0,67.2,60.4,85.79,643.0,783.0,1271.0,94.0,756.0,72.12,246.0,4,366,91.5,170,9,"Back Injury, Achilles Injury, ACL Injury",2025-04-28,341.0,0.4,0,0,1,1,1.0,82,0,0.646,14048,0.534,0.187,0.279,9.78,180989,18.9,0,2.3,3041,3182,11646,132.55,181.38,93.23,2,Rising,0.1985111662531017,0.2853598014888337,195,0.4838709677419355,300.51851851851853,209.8448275862069,7.5,14.06,3.8,79.65260545905707,18.3,227.22435816050904,0,Prime,36.83892870614861,0.1220939999999999,60.337690416647,0.6042000000000001,0.0,52.430921091811406,100.0,39.25939430311598,22-25,30,0.3,0.8,0.9,0.2,1.9,0.7,0.68,1,2,High,1.0,Very High,Likely (6 months)
PL0460,Johnny Sanchez,Egypt,LW,Manchester United,24,2002-10-11,Left,2028-04-03,2,337,33406,152,72,690.0,522.0,51.64,584.0,176.0,7.53,6,51,6,56.2,99.1,85.79,643.0,783.0,1271.0,94.0,756.0,72.12,246.0,14,1382,98.7,174,36,"Shoulder Injury, Hip Injury, Ankle Injury, Knee Injury, Hamstring Injury, Groin Strain, Achilles Injury, Meniscus Tear, Fracture",2024-09-11,570.0,1.4,1,1,0,1,3.79,233,0,0.581,20119,0.545,0.216,0.239,3.33,388633,6.6,0,1.77,6401,445,8235,106.36,139.7,77.11,2,Rising,0.4510385756676557,0.2136498516320474,224,0.6646884272997032,218.33986928104576,457.6164383561644,-1.0999999999999996,12.74,6.59,30.860534124629083,6.58,182.32804778537715,0,Prime,31.346370816096268,0.038346,19.17214816605492,0.5704000000000001,0.0,39.98090682492582,55.56867566154529,37.24003988908888,22-25,26,0.3,0.8,0.9,0.2,3.295,0.7,0.8195,1,3,Very High,1.0,Very High,Very Likely (now)
PL0461,Paul Carrillo,Ghana,GK,Arsenal,20,2006-06-17,Both,2031-04-03,5,195,24202,2,0,914.5,427.0,46.795,425.0,459.0,6.25,2,75,0,97.5,124.1,85.79,643.0,783.0,1271.0,122.0,689.0,70.51,391.0,3,342,114.0,179,81,"Groin Strain, Fracture, Hip Injury",2025-12-19,106.0,0.3,0,0,0,1,0.94,70,0,0.0,17418,0.135,0.509,0.355,12.6,163348,8.7,1,6.85,4192,3487,14286,10.17,13.25,26.67,4,Rising,0.0102564102564102,0.0,2,0.0102564102564102,8067.333333333333,24202.0,2.5,5.9,1.54,64.1025641025641,28.5,43.58490612018817,0,Emerging,30.28515240904622,0.0,0.0,0.2072,8.865762,39.414912820512825,36.627456410256414,352.864035993848,18-21,41,0.1,0.3,0.1,0.2,0.77,0.3,0.23700000000000002,0,0,Low,0.0,Low,Unlikely
PL0462,Brian Coleman,Austria,CAM,Athletic Bilbao,25,2001-08-27,Left,2027-04-04,1,247,32475,18,28,914.5,427.0,46.795,227.0,343.0,7.91,7,40,1,35.3,131.5,81.33,367.0,783.0,1271.0,94.0,756.0,72.12,246.0,13,1737,133.6,180,31,"Ligament Damage, Muscle Injury, Shoulder Injury, Knee Injury, ACL Injury, Meniscus Tear, Fracture",2023-12-24,832.0,1.3,1,0,1,1,4.76,323,0,0.299,9324,0.336,0.488,0.176,3.13,112525,55.3,1,1.43,2694,597,1229,61.87,72.52,38.26,1,Rising,0.0728744939271255,0.1133603238866396,46,0.1862348178137652,1709.2105263157894,1119.8275862068965,5.0,11.94,9.36,0.0,9.542857142857144,53.03044526363898,1,Prime,0.0,0.1653469999999999,8.55427691381146,0.3370999999999999,4.550112,34.7022,31.462515370717192,55.196755209161765,22-25,15,0.6,0.8,0.6,0.2,4.68,0.6,1.0,1,3,Very High,1.0,Very High,Very Likely (now)
PL0463,Christopher Rubio,Italy,LB,Liverpool,21,2005-10-10,Left,2027-04-04,1,334,25200,23,10,914.5,427.0,46.795,425.0,459.0,7.01,3,77,6,111.3,75.4,84.89,1245.0,651.0,642.0,94.0,756.0,72.12,246.0,0,0,0.0,0,0,,2023-06-26,614.0,0.0,0,0,0,0,0.0,0,0,0.285,16282,0.395,0.497,0.108,8.48,193190,46.4,1,3.16,6916,2852,15146,36.48,50.97,46.49,2,Rising,0.0688622754491018,0.029940119760479,33,0.0988023952095808,1050.0,2290.909090909091,-3.6999999999999993,9.68,0.0,100.0,0.0,31.267991647285434,0,Emerging,39.72039473684211,0.13224,23.437828886516566,0.3647,8.092153999999999,50.7054,80.50944332977485,135.28655282817505,18-21,42,0.1,0.5,0.1,0.2,0.0,0.5,0.22000000000000003,0,0,Low,0.0,Low,Unlikely
PL0464,Joseph Williams,Egypt,CAM,Inter Milan,21,2005-10-19,Both,2028-04-03,2,382,38960,29,90,914.5,427.0,46.795,566.0,291.0,6.67,3,43,3,127.3,102.0,82.69,362.0,783.0,1271.0,94.0,756.0,72.12,246.0,6,430,71.7,141,11,"Muscle Injury, Shoulder Injury, Ankle Injury, ACL Injury, Hamstring Injury",2024-09-05,576.0,0.6,0,1,1,1,1.18,69,0,0.118,11625,0.149,0.574,0.277,4.7,214977,50.4,1,6.52,4197,1705,11938,38.89,47.97,63.75,4,Rising,0.0759162303664921,0.2356020942408377,119,0.3115183246073298,1298.6666666666667,428.13186813186815,2.7,10.64,4.38,81.93717277486911,10.242857142857144,66.66733526112559,0,Emerging,23.34790434559012,0.059472,5.191610183085714,0.2423,6.672749999999999,45.68003455497383,41.86743255211549,114.51500264470752,18-21,14,0.6,0.5,0.1,0.2,2.19,0.6,0.6240000000000001,1,2,High,1.0,Very High,Likely (6 months)
PL0465,David Charles,Serbia,ST,Bayer Leverkusen,25,2001-03-17,Left,2031-04-03,5,292,17151,195,112,449.0,253.0,47.86,430.0,640.0,6.48,7,38,3,41.7,58.7,85.79,643.0,783.0,1271.0,94.0,756.0,72.12,246.0,12,984,82.0,166,26,"Muscle Injury, Shoulder Injury, Concussion, Calf Injury, ACL Injury, Hamstring Injury, Groin Strain, Fracture",2023-11-24,862.0,1.2,0,1,1,1,2.7,146,0,0.229,7462,0.17,0.443,0.387,4.66,72582,20.5,1,8.4,8904,1158,6496,60.15,71.25,141.79,5,Rising,0.6678082191780822,0.3835616438356164,307,1.0513698630136987,87.50510204081633,151.7787610619469,3.2,12.84,7.1,50.0,6.307692307692308,257.7809344276616,1,Prime,0.0,0.046945,9.51644799164519,0.338,3.305666,39.16400000000001,39.65667198746779,64.04578904333607,22-25,29,0.3,0.8,0.6,0.2,3.55,0.7,0.7999999999999999,1,3,Very High,1.0,Very High,Very Likely (now)
PL0466,Jesus Solis,Mexico,RW,Manchester City,24,2002-10-23,Right,2027-04-04,1,248,19811,158,65,1061.0,596.0,50.12,886.0,555.0,6.43,6,47,7,41.3,79.9,85.79,643.0,783.0,1271.0,94.0,756.0,72.12,246.0,14,985,70.4,170,16,"Ligament Damage, Muscle Injury, Shoulder Injury, Concussion, Calf Injury, Ankle Injury, ACL Injury, Hamstring Injury, Groin Strain, Back Injury",2023-08-19,959.0,1.4,0,1,1,1,2.7,183,0,0.184,43036,0.305,0.439,0.257,10.82,850002,31.1,1,6.89,5259,2805,1133,58.5,73.55,124.06,6,Rising,0.6370967741935484,0.2620967741935484,223,0.8991935483870968,124.59748427672956,300.1666666666667,-1.6999999999999993,10.96,7.5,26.209677419354836,4.693333333333333,50.141927394906745,0,Prime,25.726495726495724,0.057224,21.242322262341176,0.3462,18.892804,33.846335483870966,53.78665113544725,56.88459745188398,22-25,40,0.1,0.8,0.6,0.2,3.75,0.7,0.75,1,3,Very High,1.0,Very High,Very Likely (now)
PL0467,Michael Travis,Sweden,ST,Al Ahli,27,1999-07-05,Left,2030-04-03,4,182,37242,212,114,1249.0,269.0,35.8,803.0,186.0,6.78,9,72,0,20.2,204.6,85.79,643.0,783.0,1271.0,94.0,756.0,72.12,246.0,11,1122,102.0,149,59,"Ligament Damage, Shoulder Injury, Calf Injury, Hip Injury, Ankle Injury, Knee Injury, Fracture",2024-11-04,516.0,1.1,1,0,0,1,3.07,209,0,0.181,12611,0.13,0.43,0.44,12.34,65742,44.0,1,7.46,5340,1060,9930,65.8,72.56,74.53,4,Stable,1.164835164835165,0.6263736263736264,326,1.7912087912087913,174.8450704225352,323.8434782608696,2.8,12.64,5.27,0.0,8.5,225.5958169288796,1,Prime,0.0,0.0796399999999999,21.089987076316,0.3,5.42273,30.248000000000005,56.218980614474,45.28143712574851,26-29,54,0.1,0.8,0.6,0.2,2.635,0.7,0.6385,1,2,High,0.999,Very High,Likely (6 months)
PL0468,Kyle Dodson,Switzerland,CDM,Monaco,24,2002-10-16,Both,2027-04-04,1,358,39197,20,94,914.5,427.0,46.795,410.0,576.0,7.1,6,29,8,59.7,109.5,91.68,368.0,783.0,1271.0,94.0,756.0,72.12,246.0,5,602,120.4,169,79,"Concussion, Ankle Injury, Groin Strain, Achilles Injury, Meniscus Tear",2026-02-17,46.0,0.5,0,0,0,1,1.65,112,0,0.197,8608,0.17,0.541,0.289,13.76,97278,28.6,1,9.86,4277,1162,15049,51.32,61.19,63.18,5,Rising,0.0558659217877094,0.2625698324022346,114,0.3184357541899441,1866.5238095238096,412.6,-0.9000000000000004,13.16,2.65,68.71508379888269,20.066666666666663,43.987755793275454,0,Prime,19.232268121590018,0.056342,24.56065054612465,0.3202,4.656928,45.41541675977654,74.24868419907524,86.80316658978697,22-25,40,0.1,0.8,0.3,0.2,1.325,0.4,0.4325000000000001,0,1,Medium,0.0,Low,Possible (1 year)
PL0469,Steven Salazar,Scotland,RW,Al Hilal,23,2003-09-11,Right,2030-04-03,4,173,35867,220,104,976.0,472.0,46.13,723.0,547.0,6.69,5,35,4,34.6,207.3,85.79,643.0,783.0,1271.0,94.0,756.0,72.12,246.0,3,350,116.7,175,42,"Ligament Damage, Muscle Injury",2025-06-09,299.0,0.3,0,0,0,0,0.96,83,0,0.251,40946,0.187,0.462,0.351,2.7,552844,82.5,1,9.26,5750,1424,1300,75.07,98.87,90.1,4,Rising,1.2716763005780347,0.6011560693641619,324,1.8728323699421965,162.2941176470588,341.5904761904762,2.5,8.46,1.56,52.02312138728324,29.175,257.3780847545743,0,Emerging,31.70374317303852,0.207075,7.197196924235522,0.3567,18.917052,39.57002427745665,47.46080752508161,52.01791018464132,22-25,53,0.1,0.8,0.9,0.2,0.78,0.7,0.4980000000000001,0,1,Medium,0.0,Low,Possible (1 year)
PL0470,Nathan Wagner,Uruguay,CB,Porto,19,2007-08-18,Right,2029-04-03,3,321,19915,22,21,914.5,427.0,46.795,425.0,459.0,6.34,1,75,6,321.0,62.0,82.0,1204.0,422.0,1832.0,94.0,756.0,72.12,246.0,2,193,96.5,107,86,"Back Injury, Muscle Injury",2024-10-11,540.0,0.2,0,0,0,0,0.53,45,0,0.0,16391,0.192,0.576,0.232,4.68,195568,11.2,1,4.37,3061,4449,8866,17.67,22.46,7.59,1,Rising,0.0685358255451713,0.0654205607476635,43,0.1339563862928348,865.8695652173913,905.2272727272727,-3.5,7.42,0.93,85.98130841121495,32.166666666666664,45.43630036246166,0,Emerging,27.108092812676848,0.0,0.0,0.1861,9.441216,44.41246168224299,40.346230841121496,237.8814230436153,18-21,41,0.1,0.3,0.1,0.2,0.465,0.4,0.21650000000000003,0,0,Low,0.0,Low,Unlikely
PL0471,Ronald Kelley,Austria,LB,Villarreal,22,2004-05-20,Both,2030-04-03,4,254,19556,9,7,914.5,427.0,46.795,425.0,459.0,7.44,4,35,4,63.5,77.0,88.4,1193.0,1123.0,718.0,94.0,756.0,72.12,246.0,2,312,156.0,178,134,"Ankle Injury, Calf Injury",2026-03-30,5.0,0.2,0,0,0,0,0.85,46,1,0.372,13832,0.439,0.403,0.158,13.57,218198,95.4,1,3.7,9985,2984,2905,39.45,43.59,55.49,4,Rising,0.0354330708661417,0.0275590551181102,16,0.0629921259842519,1955.6,2444.5,2.5,9.08,4.25,81.88976377952756,52.0,135.2546349216459,0,Emerging,10.494296577946768,0.354888,48.132113988268905,0.4368999999999999,5.574296,48.82775275590552,100.0,120.71137887739312,22-25,23,0.6,0.5,0.1,0.2,2.125,0.5,0.6075000000000002,1,2,High,0.987,Very High,Likely (6 months)
PL0472,Steven Manning,Sweden,CDM,Newcastle,21,2005-05-08,Both,2029-04-03,3,289,35639,48,66,914.5,427.0,46.795,177.0,674.0,7.35,3,42,3,96.3,123.3,88.42,435.0,783.0,1271.0,94.0,756.0,72.12,246.0,0,0,0.0,0,0,,2023-06-26,614.0,0.0,0,0,0,0,0.0,0,0,0.291,10324,0.32,0.467,0.213,11.11,94407,83.6,1,4.54,4903,2495,14374,46.51,60.53,44.67,3,Rising,0.1660899653979238,0.2283737024221453,114,0.3944636678200692,727.3265306122449,531.9253731343283,2.8,8.780000000000001,0.0,100.0,0.0,119.59492528908272,0,Emerging,30.14405504192648,0.2432759999999999,29.88052403307609,0.3644,4.821308,51.884800000000006,90.76318604961412,109.20816670174702,18-21,54,0.1,0.5,0.3,0.2,0.0,0.4,0.24000000000000002,0,0,Low,0.0,Low,Unlikely
PL0473,John Green,Argentina,CDM,Real Sociedad,21,2005-08-12,Left,2031-04-03,5,441,16980,49,21,914.5,427.0,46.795,574.0,421.0,6.81,3,59,5,147.0,38.5,82.35,541.0,783.0,1271.0,94.0,756.0,72.12,246.0,2,158,79.0,146,12,"Ligament Damage, Concussion",2025-12-24,101.0,0.2,0,0,0,0,0.43,24,0,0.103,3715,0.237,0.449,0.314,5.35,72546,17.0,1,8.86,8723,3127,16437,33.91,45.3,28.06,2,Rising,0.1111111111111111,0.0476190476190476,70,0.1587301587301587,339.6,771.8181818181819,-0.9000000000000004,11.82,0.8300000000000001,94.5578231292517,26.33333333333333,145.325876748828,0,Emerging,33.58891182542024,0.0175099999999999,4.529853128218481,0.3111,1.6680350000000002,49.137764625850345,49.703662005252895,140.75555607519436,18-21,44,0.1,0.5,0.1,0.2,0.41500000000000004,0.4,0.25150000000000006,0,0,Low,0.0,Low,Unlikely
PL0474,David Walsh,Serbia,RB,Eintracht Frankfurt,30,1996-10-22,Right,2031-04-03,5,384,26304,12,36,914.5,427.0,46.795,425.0,459.0,7.58,10,41,1,38.4,68.5,81.99,1383.0,874.0,1722.0,94.0,756.0,72.12,246.0,14,1171,83.6,177,11,"Ligament Damage, Muscle Injury, Concussion, Hip Injury, ACL Injury, Hamstring Injury, Groin Strain",2025-01-15,444.0,1.4,0,1,1,1,3.21,215,0,0.41,4465,0.465,0.413,0.122,8.53,53798,48.8,1,7.19,838,1073,10071,26.12,33.04,11.15,1,Stable,0.03125,0.09375,48,0.125,2023.3846153846157,710.918918918919,4.9,17.68,8.01,44.01041666666666,5.573333333333333,111.94078150042428,0,Experienced,0.0,0.2000799999999999,29.392178042632874,0.4928,1.844045,43.643683333333335,69.89010873061598,160.92803588987218,30-33,37,0.1,0.5,0.1,0.2,4.005,0.5,0.6205,1,2,High,1.0,Very High,Likely (6 months)
PL0475,Ralph Boyd,Mexico,CB,Galatasaray,22,2004-05-02,Right,2029-04-03,3,204,13508,3,44,914.5,427.0,46.795,425.0,459.0,7.51,4,48,7,51.0,66.2,91.26,502.0,1177.0,522.0,94.0,756.0,72.12,246.0,3,60,20.0,29,10,"ACL Injury, Hamstring Injury",2025-12-18,107.0,0.3,0,1,1,1,0.16,11,0,0.328,1513,0.353,0.449,0.198,7.51,10816,64.2,1,4.09,828,1100,16698,40.24,49.47,47.08,3,Rising,0.0147058823529411,0.2156862745098039,47,0.230392156862745,3377.0,300.1777777777778,-1.8000000000000007,8.08,2.76,94.6078431372549,5.0,103.47236709595116,0,Emerging,22.93737574552683,0.210576,18.037393501857103,0.3882,0.679337,51.35396862745098,67.21307456651115,124.52465719556494,22-25,29,0.3,0.5,0.1,0.2,1.38,0.4,0.41800000000000004,0,1,Medium,0.0,Low,Possible (1 year)
PL0476,Mark Hill,Scotland,CM,Galatasaray,28,1998-11-09,Left,2030-04-03,4,375,40079,82,40,914.5,427.0,46.795,177.0,299.0,7.96,10,57,1,37.5,106.9,84.78,395.0,783.0,1271.0,94.0,756.0,72.12,246.0,3,408,136.0,148,120,"Knee Injury, ACL Injury, Hamstring Injury",2024-07-09,634.0,0.3,1,1,1,1,1.12,92,0,0.569,5030,0.46,0.227,0.313,8.29,78801,82.9,0,5.46,4521,3518,1605,86.53,119.51,85.03,3,Stable,0.2186666666666666,0.1066666666666666,122,0.3253333333333333,482.8795180722892,977.5365853658536,3.3,17.5,3.72,75.46666666666667,34.0,296.66878478504486,1,Prime,0.0,0.471701,40.20484062990805,0.5748,0.0,51.58293333333334,98.65872761152876,58.93171864884421,26-29,28,0.3,0.8,0.9,0.2,1.86,0.5,0.6560000000000001,1,2,High,1.0,Very High,Likely (6 months)
PL0477,Billy Mitchell,Ivory Coast,CDM,PSG,24,2002-09-23,Left,2029-04-03,3,323,29880,93,22,914.5,427.0,46.795,544.0,504.0,6.95,6,43,7,53.8,92.5,80.45,322.0,783.0,1271.0,94.0,756.0,72.12,246.0,2,192,96.0,141,51,"Groin Strain, Concussion",2024-05-17,687.0,0.2,0,0,0,0,0.53,35,0,0.307,2040,0.259,0.391,0.35,11.7,28174,12.8,0,7.17,1538,3206,8988,79.31,109.41,65.65,4,Rising,0.2879256965944272,0.0681114551083591,115,0.3560371517027864,317.8723404255319,1299.1304347826087,-1.3000000000000007,12.46,0.93,89.16408668730651,32.0,203.9362185482079,0,Prime,37.9523389232127,0.039296,27.37457090529668,0.394,0.0,48.912817337461306,83.65826502667566,60.90501473971025,22-25,37,0.1,0.8,0.9,0.2,0.465,0.4,0.4365000000000001,0,1,Medium,0.0,Low,Possible (1 year)
PL0478,Devon Flores,Kosovo,CM,Nice,26,2000-10-08,Both,2028-04-03,2,284,20142,91,115,914.5,427.0,46.795,600.0,231.0,6.76,8,24,1,35.5,70.9,92.1,687.0,783.0,1271.0,94.0,756.0,72.12,246.0,3,398,132.7,160,92,"Ankle Injury, Shoulder Injury, Meniscus Tear",2025-12-22,103.0,0.3,0,0,0,1,1.09,95,0,0.13,16927,0.189,0.478,0.333,4.33,212308,92.2,1,8.87,2156,4650,13294,55.46,62.75,50.86,3,Stable,0.3204225352112676,0.4049295774647887,206,0.7253521126760564,218.93478260869568,173.63793103448276,6.6,13.68,1.69,66.54929577464789,33.175,95.07252284859923,1,Prime,0.0,0.11986,5.480802127979003,0.3018,8.091106,43.68945915492958,46.68593276943329,77.38125957302441,26-29,42,0.1,0.8,0.3,0.2,0.845,0.5,0.3945000000000001,0,1,Medium,0.0,Low,Possible (1 year)
PL0479,Joshua Taylor,Ukraine,LW,AS Roma,23,2003-04-02,Both,2027-04-04,1,290,30217,178,113,959.0,476.0,35.45,776.0,641.0,6.51,5,29,3,58.0,104.2,85.79,643.0,783.0,1271.0,94.0,756.0,72.12,246.0,13,1106,85.1,169,19,"Ligament Damage, Concussion, Hip Injury, Ankle Injury, Knee Injury, Hamstring Injury, Back Injury, Meniscus Tear",2023-05-06,1064.0,1.3,1,1,0,1,3.03,166,0,0.123,31783,0.104,0.492,0.404,2.68,591451,39.1,1,9.42,1250,2896,11949,40.95,53.95,12.11,1,Rising,0.6137931034482759,0.3896551724137931,291,1.0034482758620689,168.81005586592178,265.06140350877195,4.1,10.8,5.63,42.75862068965517,6.078571428571428,35.09934917643472,0,Emerging,31.746031746031743,0.048093,3.417285019586066,0.2762,15.637236,37.30412413793103,32.51798959834461,88.92520652665323,22-25,17,0.6,0.8,0.1,0.2,2.815,0.7,0.7565000000000001,1,3,Very High,1.0,Very High,Very Likely (now)
PL0480,David Benson,Tunisia,LB,Borussia Dortmund,23,2003-11-25,Right,2028-04-03,2,183,26526,26,6,914.5,427.0,46.795,425.0,459.0,6.84,5,11,0,36.6,145.0,89.63,476.0,809.0,1385.0,94.0,756.0,72.12,246.0,7,659,94.1,153,7,"Hip Injury, Knee Injury, ACL Injury, Groin Strain, Achilles Injury",2026-01-20,74.0,0.7,1,0,1,1,1.81,138,0,0.307,2741,0.288,0.409,0.303,7.41,49047,41.5,1,9.87,5040,403,18735,33.7,43.3,40.29,3,Rising,0.1420765027322404,0.0327868852459016,32,0.174863387978142,982.4444444444443,3789.428571428572,8.9,8.66,5.21,24.59016393442623,11.7625,57.770357374644696,0,Emerging,28.48664688427297,0.127405,18.008878369206325,0.4261,1.121069,34.86223278688525,54.02443394725211,100.46752964520245,22-25,54,0.1,0.8,0.1,0.2,2.605,0.5,0.5405000000000001,0,1,Medium,0.001,Low,Possible (1 year)
PL0481,Michael Brown,Croatia,LW,AC Milan,23,2003-11-16,Left,2030-04-03,4,202,40516,101,115,976.0,690.0,39.05,473.0,174.0,7.61,5,34,3,40.4,200.6,85.79,643.0,783.0,1271.0,94.0,756.0,72.12,246.0,12,1384,115.3,179,9,"Ligament Damage, Shoulder Injury, Concussion, Calf Injury, Ankle Injury, Knee Injury, ACL Injury, Back Injury",2024-12-14,476.0,1.2,1,0,1,1,3.79,318,0,0.298,18348,0.29,0.353,0.357,9.39,193707,11.9,0,4.72,1275,1844,6984,60.16,72.05,153.66,6,Rising,0.5,0.5693069306930693,216,1.0693069306930694,397.2156862745098,349.2758620689655,3.6,9.04,8.19,0.0,8.86923076923077,206.25903262068988,0,Emerging,19.763962765957448,0.035462,27.47105014900404,0.3828,0.0,33.013600000000004,61.33337522350607,53.97907128842382,22-25,60,0.1,0.8,0.6,0.2,4.095,0.7,0.7845,1,3,Very High,1.0,Very High,Very Likely (now)
PL0482,Jason Daniels,England,CDM,Eintracht Frankfurt,20,2006-05-21,Left,2027-04-04,1,409,42753,10,103,914.5,427.0,46.795,597.0,245.0,7.34,2,72,3,204.5,104.5,87.32,645.0,783.0,1271.0,94.0,756.0,72.12,246.0,6,558,93.0,172,14,"Ligament Damage, Knee Injury, ACL Injury, Back Injury, Achilles Injury, Fracture",2023-06-25,1014.0,0.6,1,0,1,1,1.53,109,0,0.37,10840,0.296,0.354,0.349,6.83,66336,14.9,0,4.55,6720,601,19646,38.89,48.58,52.26,4,Rising,0.0244498777506112,0.2518337408312958,113,0.2762836185819071,3886.636363636364,411.08653846153845,-0.1999999999999993,10.18,4.73,73.34963325183374,13.285714285714286,33.33366763056279,0,Emerging,24.91643095911545,0.05513,23.47951485729025,0.4115,0.0,46.88892665036675,69.20373561111876,117.54556693498807,18-21,18,0.6,0.3,0.1,0.2,2.365,0.4,0.5815000000000001,1,2,High,0.998,Very High,Likely (6 months)
PL0483,Jason Clark,Slovakia,GK,AS Roma,25,2001-12-24,Both,2027-04-04,1,333,15049,1,2,914.5,427.0,46.795,425.0,459.0,6.91,7,57,5,47.6,45.2,85.79,643.0,783.0,1271.0,51.0,1012.0,71.24,341.0,8,858,107.2,175,39,"Muscle Injury, Concussion, Hip Injury, Knee Injury, Hamstring Injury, Back Injury",2024-01-13,812.0,0.8,1,1,0,0,2.35,203,0,0.079,3286,0.141,0.546,0.313,12.99,60395,55.8,1,7.84,6454,4799,16128,23.41,29.59,31.78,3,Rising,0.003003003003003,0.006006006006006,3,0.009009009009009,7524.5,5016.333333333333,-0.6999999999999993,13.66,3.95,39.03903903903904,11.911111111111111,20.06534222760285,1,Prime,0.0,0.0440819999999999,8.309972091999958,0.2430999999999999,1.794156,38.6660078078078,43.89796204190384,158.40232612784845,22-25,28,0.3,0.8,0.1,0.2,1.975,0.3,0.5275000000000001,0,1,Medium,0.154,Low,Possible (1 year)
PL0484,Jason Stein,Iran,CB,LA Galaxy,21,2005-07-26,Right,2030-04-03,4,432,31219,11,25,914.5,427.0,46.795,425.0,459.0,6.78,3,54,4,144.0,72.3,86.12,1110.0,716.0,856.0,94.0,756.0,72.12,246.0,2,233,116.5,124,109,"Ankle Injury, Shoulder Injury",2025-05-14,325.0,0.2,0,0,0,0,0.64,38,0,0.216,8944,0.302,0.468,0.23,9.88,99504,19.8,1,6.14,3777,528,11587,33.56,42.44,64.52,4,Rising,0.0254629629629629,0.0578703703703703,36,0.0833333333333333,2601.583333333333,1200.7307692307693,0.5999999999999996,11.64,1.04,91.20370370370372,38.833333333333336,115.06072364944072,0,Emerging,26.46007151370678,0.042768,19.417673799341653,0.3448,4.185792,48.37834074074074,71.23568106938285,139.9836248285322,18-21,30,0.3,0.5,0.1,0.2,0.52,0.4,0.3320000000000001,0,0,Low,0.0,Low,Unlikely
PL0485,Kevin Dominguez,Iran,RB,Celta Vigo,18,2008-05-19,Right,2031-04-03,5,225,40180,33,48,914.5,427.0,46.795,425.0,459.0,6.63,1,27,5,225.0,178.6,79.21,1235.0,668.0,1384.0,94.0,756.0,72.12,246.0,6,640,106.7,138,9,"Shoulder Injury, Concussion, ACL Injury, Groin Strain, Fracture",2024-01-12,813.0,0.6,0,0,1,1,1.75,101,0,0.022,5934,0.157,0.547,0.296,13.38,117721,18.0,1,4.13,9330,693,14026,12.72,16.91,16.31,2,Rising,0.1466666666666666,0.2133333333333333,81,0.36,1181.764705882353,820.0,2.3,5.5,4.95,55.11111111111112,15.242857142857144,54.5132749113858,0,Emerging,32.94025157232704,0.00396,2.557582862301404,0.1878,3.245898,39.01782222222222,33.44528540456322,284.386459345643,18-21,40,0.1,0.3,0.1,0.2,2.475,0.5,0.42750000000000005,0,1,Medium,0.0,Low,Possible (1 year)
PL0486,Scott Cannon,Central African Republic,LB,Eintracht Frankfurt,24,2002-11-18,Left,2031-04-03,5,333,34650,31,33,914.5,427.0,46.795,425.0,459.0,7.42,6,28,5,55.5,104.1,85.09,736.0,343.0,1203.0,94.0,756.0,72.12,246.0,8,997,124.6,180,50,"Shoulder Injury, Calf Injury, Hamstring Injury, Groin Strain, Meniscus Tear, Fracture",2024-06-22,651.0,0.8,0,1,0,1,2.73,214,0,0.255,2194,0.203,0.445,0.352,7.27,41139,76.6,1,2.0,6497,1719,3736,32.32,35.7,77.81,5,Rising,0.093093093093093,0.0990990990990991,64,0.1921921921921922,1082.8125,1019.1176470588236,2.2,12.66,4.33,35.735735735735744,13.844444444444443,138.51171738490478,0,Prime,10.457920792079216,0.1953299999999999,14.263405710895364,0.2939,0.97633,39.94694714714716,52.70858213991663,119.88879696022556,22-25,46,0.1,0.8,0.1,0.2,2.165,0.5,0.49650000000000005,0,1,Medium,0.001,Low,Possible (1 year)
PL0487,James Smith,Portugal,RW,Bayern Munich,20,2006-05-07,Left,2027-04-04,1,446,36032,242,120,726.0,342.0,54.54,410.0,555.0,6.55,2,63,1,223.0,80.8,85.79,643.0,783.0,1271.0,94.0,756.0,72.12,246.0,8,808,101.0,166,34,"Ligament Damage, Shoulder Injury, Muscle Injury, Calf Injury, Ankle Injury, Achilles Injury, Fracture",2026-02-12,51.0,0.8,0,0,0,1,2.21,185,0,0.239,11701,0.268,0.444,0.288,8.07,178236,1.7,1,5.72,5767,1903,12924,55.18,76.33,148.54,6,Rising,0.5426008968609866,0.2690582959641255,362,0.8116591928251121,148.2798353909465,297.78512396694214,2.7,10.92,3.81,58.52017937219731,11.22222222222222,47.29626587437529,0,Emerging,38.32910474809714,0.004063,18.067407295343127,0.3444,5.195244,40.77683587443947,59.869528880234434,72.58247752659214,18-21,35,0.3,0.3,0.3,0.2,1.905,0.7,0.4905,0,1,Medium,0.001,Low,Possible (1 year)
PL0488,Guy Molina,Norway,RW,Juventus,29,1997-05-23,Both,2028-04-03,2,426,33125,40,91,612.0,204.0,40.09,763.0,318.0,7.73,10,52,7,42.6,77.8,85.79,643.0,783.0,1271.0,94.0,756.0,72.12,246.0,15,1187,79.1,149,13,"Muscle Injury, Shoulder Injury, Ligament Damage, Ankle Injury, Knee Injury, Groin Strain, Back Injury, Achilles Injury, Meniscus Tear",2023-04-06,1094.0,1.5,1,0,0,1,3.25,281,0,0.234,9988,0.166,0.411,0.422,7.42,80815,73.7,1,5.41,6222,3257,9680,68.83,93.51,119.09,4,Stable,0.0938967136150234,0.2136150234741784,131,0.3075117370892019,807.9268292682926,360.05434782608694,-2.1999999999999997,18.52,6.25,34.037558685446015,4.94375,117.99209786637373,0,Experienced,0.0,0.172458,15.989818821834442,0.3153,4.105068,42.06211173708921,52.51578410129626,60.23501609206532,26-29,22,0.6,0.5,0.6,0.2,3.125,0.7,0.8025,1,3,Very High,1.0,Very High,Very Likely (now)
PL0489,Scott Ashley,Croatia,LB,Eintracht Frankfurt,30,1996-11-25,Both,2028-04-03,2,209,24165,25,40,914.5,427.0,46.795,425.0,459.0,6.58,10,54,6,20.9,115.6,89.47,1208.0,835.0,1845.0,94.0,756.0,72.12,246.0,7,588,84.0,172,17,"Muscle Injury, Concussion, ACL Injury, Hamstring Injury, Achilles Injury, Meniscus Tear",2025-03-24,376.0,0.7,0,1,1,1,1.61,117,0,0.011,10678,0.168,0.495,0.337,5.87,54735,97.4,1,1.32,2710,3890,6859,21.54,28.82,21.79,2,Stable,0.1196172248803827,0.1913875598086124,65,0.3110047846889952,929.4230769230768,589.390243902439,-1.4000000000000004,14.18,5.01,44.019138755980855,10.5,36.925029609787735,0,Experienced,0.0,0.010714,0.5989535460618267,0.1689999999999999,5.285609999999999,38.29782775119617,30.027344194690823,169.910504663692,30-33,54,0.1,0.5,0.1,0.2,2.505,0.5,0.47050000000000003,0,1,Medium,0.0,Low,Possible (1 year)
PL0490,Jason Adkins,Iran,GK,Everton,28,1998-07-17,Left,2029-04-03,3,326,16987,0,5,914.5,427.0,46.795,425.0,459.0,7.13,10,74,1,32.6,52.1,85.79,643.0,783.0,1271.0,122.0,864.0,67.65,196.0,6,793,132.2,170,53,"Muscle Injury, Concussion, Hip Injury, Achilles Injury, Fracture",2025-12-24,101.0,0.6,0,0,0,1,2.17,193,0,0.09,8048,0.216,0.481,0.303,7.78,144647,98.7,1,2.86,5422,1093,7712,27.07,35.73,45.49,3,Stable,0.0,0.0153374233128834,5,0.0153374233128834,16987.0,2831.1666666666665,1.5999999999999996,16.52,3.37,40.79754601226993,18.885714285714283,69.60728074769875,1,Prime,0.0,0.0888299999999999,6.297110857993432,0.2332,3.871088,40.44990920245399,42.93062088821714,144.10370218188098,26-29,25,0.3,0.8,0.1,0.2,1.685,0.3,0.49850000000000005,0,1,Medium,0.114,Low,Possible (1 year)
PL0491,Joshua Morrison,Slovakia,CB,Napoli,22,2004-03-05,Right,2030-04-03,4,403,18230,6,49,914.5,427.0,46.795,425.0,459.0,6.57,4,22,3,100.8,45.2,82.24,1027.0,547.0,1331.0,94.0,756.0,72.12,246.0,3,225,75.0,171,11,"Groin Strain, Shoulder Injury, Hamstring Injury",2025-07-26,252.0,0.3,0,1,0,0,0.62,35,0,0.257,13009,0.203,0.449,0.348,11.79,67555,24.3,1,9.78,154,3566,19293,28.75,34.7,82.93,6,Rising,0.0148883374689826,0.1215880893300248,55,0.1364764267990074,2604.285714285714,364.6,4.8,12.06,1.22,91.3151364764268,18.75,98.56960086178248,0,Emerging,20.695652173913054,0.062451,28.704909125871996,0.3717,5.841041000000001,47.69842729528536,84.46657733645067,160.33084805137938,22-25,53,0.1,0.5,0.1,0.2,0.61,0.4,0.271,0,0,Low,0.0,Low,Unlikely
PL0492,Daniel Robinson,Mali,CDM,Al Nassr,18,2008-07-08,Left,2030-04-03,4,192,16731,13,57,914.5,427.0,46.795,256.0,323.0,6.6,1,67,1,192.0,87.1,82.41,273.0,783.0,1271.0,94.0,756.0,72.12,246.0,2,263,131.5,169,94,"Knee Injury, Hamstring Injury",2023-06-01,1038.0,0.2,1,1,0,0,0.72,49,0,0.082,16949,0.251,0.558,0.191,9.31,135559,64.9,1,6.98,1149,893,3276,22.02,27.74,57.76,6,Rising,0.0677083333333333,0.296875,70,0.3645833333333333,1195.071428571429,288.4655172413793,2.3,4.84,1.12,74.47916666666667,43.833333333333336,75.49574299048523,0,Emerging,25.976385104450493,0.053218,7.434201604780339,0.2663,9.457542000000002,42.79643333333334,50.30951907383718,185.90978858963223,18-21,30,0.3,0.3,0.1,0.2,0.56,0.4,0.29600000000000004,0,0,Low,0.0,Low,Unlikely
PL0493,Jeffrey Johnson,Belgium,LB,Arsenal,29,1997-12-19,Both,2027-04-04,1,366,25215,27,5,914.5,427.0,46.795,425.0,459.0,6.69,10,71,0,36.6,68.9,83.25,1014.0,651.0,1294.0,94.0,756.0,72.12,246.0,15,1465,97.7,176,12,"Ligament Damage, Shoulder Injury, Concussion, Hip Injury, Ankle Injury, Knee Injury, Hamstring Injury, Groin Strain, Back Injury, Achilles Injury",2026-03-08,27.0,1.5,1,1,0,0,4.01,336,1,0.235,3188,0.18,0.455,0.365,9.84,54652,20.9,1,4.52,6406,3271,7688,17.13,20.56,21.27,2,Stable,0.0737704918032786,0.0136612021857923,32,0.087431693989071,900.5357142857143,4202.5,2.9000000000000004,17.32,10.0,8.196721311475414,6.10625,14.682584893585512,0,Experienced,0.0,0.0491149999999999,18.65520067119405,0.3022,1.45054,32.467744262295085,44.21667313793862,179.08297993543897,26-29,27,0.3,0.5,0.1,0.2,5.0,0.5,0.79,1,3,Very High,1.0,Very High,Very Likely (now)
PL0494,George Shelton,Burkina Faso,LB,Manchester City,22,2004-11-04,Right,2030-04-03,4,401,14532,33,25,914.5,427.0,46.795,425.0,459.0,7.42,4,59,8,100.2,36.2,87.81,1119.0,331.0,1023.0,94.0,756.0,72.12,246.0,3,126,42.0,73,12,"Ankle Injury, Meniscus Tear, Hip Injury",2024-02-06,788.0,0.3,0,0,0,1,0.35,28,0,0.312,35756,0.279,0.37,0.351,2.96,310860,41.4,0,8.64,9627,4272,9371,54.27,67.32,69.46,3,Rising,0.0822942643391521,0.0623441396508728,58,0.1446384039900249,427.4117647058824,558.9230769230769,-3.9,12.02,0.95,93.01745635910224,10.5,186.06512134848472,0,Emerging,24.04643449419567,0.129168,9.682646671191444,0.4209,0.0,51.52929127182045,58.38861564269739,93.23193644259172,22-25,18,0.6,0.5,0.3,0.2,0.475,0.5,0.4725,0,1,Medium,0.001,Low,Possible (1 year)
PL0495,Jared Martin,Poland,RW,Sevilla,30,1996-09-23,Both,2029-04-03,3,220,29151,206,100,1118.0,702.0,54.89,589.0,189.0,8.13,10,21,7,22.0,132.5,85.79,643.0,783.0,1271.0,94.0,756.0,72.12,246.0,18,1816,100.9,176,13,"Muscle Injury, Shoulder Injury, Ligament Damage, Concussion, Hip Injury, Calf Injury, ACL Injury, Hamstring Injury, Groin Strain, Back Injury, Meniscus Tear, Fracture",2024-07-21,622.0,1.8,0,1,1,1,4.98,323,0,0.467,12349,0.464,0.358,0.178,11.32,185452,60.1,0,9.89,605,1892,16274,46.15,57.92,119.56,6,Stable,0.9363636363636364,0.4545454545454545,306,1.3909090909090909,140.82608695652175,288.6237623762376,0.9000000000000004,14.4,10.0,0.0,5.310526315789474,118.66922816794596,0,Experienced,0.0,0.280667,49.80572577509918,0.5533,0.0,36.506600000000006,92.96188866264876,77.42651113467657,30-33,24,0.6,0.5,0.3,0.2,5.0,0.7,0.945,1,3,Very High,1.0,Very High,Very Likely (now)
PL0496,John Anderson,Switzerland,CM,Everton,30,1996-06-20,Left,2028-04-03,2,309,34017,21,30,914.5,427.0,46.795,520.0,451.0,7.18,10,53,3,30.9,110.1,90.8,296.0,783.0,1271.0,94.0,756.0,72.12,246.0,16,1771,110.7,177,23,"Muscle Injury, Concussion, Calf Injury, Hip Injury, ACL Injury, Groin Strain, Back Injury, Achilles Injury, Meniscus Tear",2023-11-08,878.0,1.6,0,0,1,1,4.85,414,0,0.239,15074,0.207,0.492,0.301,10.58,110484,25.1,1,4.09,7443,2753,13784,24.45,27.29,69.98,5,Stable,0.0679611650485436,0.0970873786407767,51,0.1650485436893204,1546.2272727272727,1097.3225806451612,1.6999999999999993,16.18,10.0,0.0,6.511764705882353,41.913508540357945,0,Experienced,0.0,0.059989,24.327329650266524,0.3002,7.416408,32.5564,52.76919447539978,127.9229862475442,30-33,54,0.1,0.5,0.1,0.2,5.0,0.5,0.7200000000000001,1,3,Very High,1.0,Very High,Very Likely (now)
PL0497,Marcus Johnson,France,RW,Borussia Dortmund,27,1999-08-24,Right,2031-04-03,5,410,16425,112,64,1324.0,421.0,47.27,297.0,160.0,7.63,9,13,8,45.6,40.1,85.79,643.0,783.0,1271.0,94.0,756.0,72.12,246.0,4,426,106.5,133,62,"Ligament Damage, Achilles Injury, Calf Injury, Back Injury",2024-07-02,641.0,0.4,0,0,0,0,1.17,75,0,0.388,12368,0.34,0.428,0.232,12.77,197563,5.5,1,4.63,7551,4600,2218,94.85,126.02,99.69,3,Stable,0.2731707317073171,0.1560975609756097,176,0.4292682926829268,145.35398230088495,252.69230769230768,0.6999999999999993,17.2,1.97,81.70731707317073,21.3,406.4924626843508,1,Prime,0.0,0.0213399999999999,46.688448911244045,0.4179,5.293504,51.13726341463414,100.0,53.35134419888799,26-29,41,0.1,0.8,0.9,0.2,0.985,0.7,0.5185000000000001,0,1,Medium,0.0,Low,Possible (1 year)
PL0498,James Elliott,Italy,CB,Barcelona,21,2005-09-26,Left,2028-04-03,2,377,15764,34,16,914.5,427.0,46.795,425.0,459.0,7.34,3,78,0,125.7,41.8,85.91,1348.0,581.0,1927.0,94.0,756.0,72.12,246.0,2,190,95.0,176,14,"Fracture, Meniscus Tear",2023-08-10,968.0,0.2,0,0,0,1,0.52,38,0,0.317,2698,0.394,0.401,0.205,3.97,47857,62.3,1,8.16,9989,641,16600,51.13,68.39,72.19,4,Rising,0.0901856763925729,0.0424403183023872,50,0.1326259946949602,450.4,927.2941176470588,2.2,10.54,0.92,89.92042440318302,31.666666666666668,87.64980334022502,0,Emerging,33.757089771171515,0.1974909999999999,9.94287217111703,0.4464,1.0818980000000002,50.344884880636606,58.24675069699384,96.5756471909392,18-21,17,0.6,0.5,0.3,0.2,0.46,0.4,0.46099999999999997,0,1,Medium,0.0,Low,Possible (1 year)
PL0499,Alexander Day,Guinea,GK,Inter Miami,22,2004-08-17,Both,2029-04-03,3,214,32690,0,5,914.5,427.0,46.795,425.0,459.0,6.58,4,30,0,53.5,152.8,85.79,643.0,783.0,1271.0,106.0,902.0,67.96,331.0,8,804,100.5,173,8,"Ligament Damage, Shoulder Injury, Concussion, Groin Strain, Back Injury, Achilles Injury, Meniscus Tear",2024-11-05,515.0,0.8,0,0,0,1,2.2,152,0,0.087,16631,0.252,0.492,0.256,8.54,125376,0.4,1,7.42,5474,1039,9261,14.96,20.83,20.85,2,Rising,0.0,0.0233644859813084,5,0.0233644859813084,32690.0,5448.333333333333,7.0,8.280000000000001,3.8,28.97196261682244,11.166666666666666,38.46785814501564,0,Emerging,39.237967914438485,0.000348,7.22108490367003,0.2862,8.182452,34.34279252336449,40.40302361718729,215.1804042817324,22-25,46,0.1,0.5,0.1,0.2,1.9,0.3,0.39,0,1,Medium,0.0,Low,Possible (1 year)
PL0500,Chad Murray,Denmark,GK,Liverpool,27,1999-09-17,Right,2028-04-03,2,224,33197,1,3,914.5,427.0,46.795,425.0,459.0,6.46,9,72,3,24.9,148.2,85.79,643.0,783.0,1271.0,54.0,1103.0,67.63,139.0,5,528,105.6,159,15,"Muscle Injury, ACL Injury, Meniscus Tear, Hamstring Injury",2024-07-18,625.0,0.5,0,1,1,1,1.45,95,0,0.15,17369,0.159,0.438,0.403,7.2,108963,85.7,1,4.96,5775,1177,16850,29.46,38.41,61.93,4,Stable,0.0044642857142857,0.0133928571428571,4,0.0178571428571428,16598.5,8299.25,-0.1999999999999993,13.48,4.45,57.58928571428572,17.599999999999998,50.50192071979325,1,Prime,0.0,0.12855,10.543499847973964,0.2697,7.607622,40.59325714285715,47.21187834338952,133.26742331863804,26-29,24,0.6,0.8,0.1,0.2,2.225,0.3,0.6575000000000001,1,2,High,0.985,Very High,Likely (6 months)
PL0501,Anthony Gray,Germany,LW,West Ham,21,2005-06-28,Right,2031-04-03,5,172,27991,228,120,761.0,585.0,35.88,387.0,378.0,7.01,3,73,3,57.3,162.7,85.79,643.0,783.0,1271.0,94.0,756.0,72.12,246.0,0,0,0.0,0,0,,2023-06-26,614.0,0.0,0,0,0,0,0.0,0,0,0.413,23213,0.43,0.414,0.156,7.03,408437,65.6,1,6.91,9333,244,4493,74.19,90.93,141.32,5,Rising,1.3255813953488371,0.6976744186046512,348,2.0232558139534884,122.23144104803494,231.3305785123967,-0.3000000000000007,6.44,0.0,100.0,0.0,317.9512473015497,0,Emerging,22.563687828548336,0.2709279999999999,29.18635940108596,0.4805,9.610181999999998,50.289,88.92403910162895,66.8825641707674,18-21,17,0.6,0.5,0.9,0.2,0.0,0.7,0.535,0,1,Medium,0.002,Low,Possible (1 year)
PL0502,Daniel Murphy,Georgia,CM,Al Ittihad,20,2006-10-16,Both,2027-04-04,1,407,42690,99,34,914.5,427.0,46.795,234.0,303.0,6.54,2,73,5,203.5,104.9,81.81,776.0,783.0,1271.0,94.0,756.0,72.12,246.0,5,443,88.6,159,15,"Ligament Damage, Ankle Injury, ACL Injury, Achilles Injury, Fracture",2026-03-19,16.0,0.5,0,0,1,1,1.21,66,1,0.16,27675,0.228,0.464,0.307,10.72,447510,25.6,1,8.73,7604,3984,13611,26.86,31.47,17.24,1,Rising,0.2432432432432432,0.0835380835380835,133,0.3267813267813267,426.9,1219.7142857142858,-2.3000000000000007,10.14,7.21,83.78378378378378,14.766666666666666,23.022430253456328,0,Emerging,17.16306775874907,0.04096,17.5436159915892,0.3269,12.8412,45.59855675675676,54.69470236576218,163.6703401175763,18-21,14,0.6,0.3,0.1,0.2,3.605,0.5,0.7155000000000001,1,3,Very High,1.0,Very High,Very Likely (now)
PL0503,Philip Gray,Nigeria,CAM,Wolverhampton,23,2003-03-17,Left,2030-04-03,4,400,16872,100,87,914.5,427.0,46.795,475.0,577.0,7.21,5,45,6,80.0,42.2,87.07,628.0,783.0,1271.0,94.0,756.0,72.12,246.0,9,821,91.2,161,18,"Muscle Injury, Shoulder Injury, Hip Injury, Ankle Injury, ACL Injury, Groin Strain, Achilles Injury, Fracture",2024-09-29,552.0,0.9,0,0,1,1,2.25,198,0,0.448,5519,0.361,0.357,0.282,12.98,56011,34.0,0,7.99,656,4822,3162,57.57,74.64,87.85,4,Rising,0.25,0.2175,187,0.4675,167.04950495049505,191.72727272727272,-0.5,13.0,6.05,50.5,9.12,197.37919727348927,0,Emerging,29.650859822824387,0.15232,50.10315885018726,0.496,0.0,42.532,100.0,72.61738091172955,22-25,12,1.0,0.8,0.6,0.2,3.025,0.6,0.9824999999999999,1,3,Very High,1.0,Very High,Very Likely (now)
PL0504,Paul Decker,Turkey,GK,Wolverhampton,29,1997-08-22,Both,2029-04-03,3,292,27336,0,0,914.5,427.0,46.795,425.0,459.0,6.82,10,74,3,29.2,93.6,85.79,643.0,783.0,1271.0,51.0,669.0,79.92,283.0,14,1231,87.9,177,8,"Muscle Injury, Concussion, Calf Injury, Ankle Injury, ACL Injury, Hamstring Injury, Back Injury",2025-09-24,192.0,1.4,0,1,1,1,3.37,254,0,0.284,8667,0.279,0.425,0.297,4.44,166331,56.4,1,6.86,6073,4892,6369,15.87,18.55,16.17,2,Stable,0.0,0.0,0,0.0,27336.0,27336.0,-0.4000000000000003,15.84,8.17,13.013698630136986,5.86,40.80781475677795,0,Experienced,0.0,0.1601759999999999,11.433620334575023,0.3809,3.683475,33.8125397260274,37.71670036487623,200.4299924482952,26-29,33,0.3,0.5,0.1,0.2,4.085,0.3,0.6785000000000001,1,2,High,1.0,Very High,Likely (6 months)
PL0505,David Miller,Serbia,ST,Sevilla,25,2001-01-24,Left,2028-04-03,2,240,19265,36,45,576.0,391.0,48.29,656.0,532.0,7.4,7,71,1,34.3,80.3,85.79,643.0,783.0,1271.0,94.0,756.0,72.12,246.0,5,349,69.8,125,23,"Shoulder Injury, Concussion, Meniscus Tear, Calf Injury",2024-12-14,476.0,0.5,0,0,0,1,0.96,63,0,0.303,8542,0.328,0.391,0.281,4.01,101608,41.5,0,1.95,5460,1932,13627,113.27,136.37,210.15,4,Rising,0.15,0.1875,81,0.3375,520.6756756756756,418.8043478260869,1.9000000000000004,11.8,1.96,73.75,11.633333333333333,194.17354242807136,1,Prime,0.0,0.125745,10.99950561450461,0.3609,0.0,47.4318,56.29515842175692,41.508532423208194,22-25,19,0.6,0.8,0.9,0.2,0.98,0.7,0.693,1,2,High,1.0,Very High,Likely (6 months)
PL0506,Alec Ryan,Morocco,CM,Celta Vigo,23,2003-06-23,Left,2027-04-04,1,274,35274,62,34,914.5,427.0,46.795,170.0,773.0,6.95,5,60,0,54.8,128.7,83.02,350.0,783.0,1271.0,94.0,756.0,72.12,246.0,14,1165,83.2,175,14,"Ligament Damage, Muscle Injury, Concussion, Hip Injury, Calf Injury, Ankle Injury, Back Injury, Achilles Injury, Fracture",2024-02-16,778.0,1.4,0,0,0,1,3.19,281,0,0.051,19259,0.044,0.615,0.341,3.77,289542,2.9,1,8.72,3761,1808,18241,43.01,51.71,20.47,1,Rising,0.2262773722627737,0.1240875912408759,96,0.3503649635036496,559.9047619047619,1007.8285714285714,4.0,10.48,5.99,0.0,5.546666666666667,36.86503072230665,0,Emerging,20.22785398744479,0.0014789999999999,1.8968946137226517,0.1978,11.844285,30.291600000000003,26.011141920583977,68.82890252215407,22-25,36,0.3,0.8,0.3,0.2,2.995,0.5,0.6795000000000001,1,2,High,1.0,Very High,Likely (6 months)
PL0507,Zachary Bell,Austria,ST,Marseille,19,2007-01-10,Left,2030-04-03,4,360,17265,160,125,424.0,315.0,45.49,472.0,693.0,6.42,1,27,5,360.0,48.0,85.79,643.0,783.0,1271.0,94.0,756.0,72.12,246.0,2,272,136.0,177,95,"Knee Injury, ACL Injury",2025-12-21,104.0,0.2,1,0,1,1,0.75,54,0,0.281,16695,0.228,0.473,0.298,9.51,190387,85.2,1,4.86,3701,3678,5570,35.89,39.87,21.09,1,Rising,0.4444444444444444,0.3472222222222222,285,0.7916666666666666,107.2360248447205,137.02380952380952,2.3,8.2,3.15,85.0,45.333333333333336,123.04914695406517,0,Emerging,11.089439955419328,0.239412,25.982668233657915,0.3348,7.896735,44.98960000000001,75.16880235048687,121.9560856600705,18-21,57,0.1,0.3,0.1,0.2,1.575,0.7,0.3575,0,1,Medium,0.0,Low,Possible (1 year)
PL0508,Matthew Harrington,Iran,RW,Villarreal,24,2002-11-14,Both,2029-04-03,3,294,31041,235,52,786.0,686.0,44.57,419.0,251.0,6.71,6,80,8,49.0,105.6,85.79,643.0,783.0,1271.0,94.0,756.0,72.12,246.0,7,819,117.0,180,56,"Muscle Injury, Concussion, Calf Injury, Knee Injury, Meniscus Tear",2023-11-03,883.0,0.7,1,0,0,1,2.24,122,0,0.355,20717,0.293,0.439,0.268,8.54,410277,37.5,1,4.78,115,3818,3497,56.83,66.23,83.54,4,Rising,0.7993197278911565,0.1768707482993197,287,0.9761904761904762,131.52966101694915,585.6792452830189,-6.0,11.88,3.64,58.50340136054422,14.625,146.1315760950026,0,Prime,16.540559563610778,0.133125,30.13133313373593,0.3898999999999999,9.094763,41.69648027210885,78.76523983665831,72.10181613714136,22-25,24,0.6,0.8,0.6,0.2,1.82,0.7,0.732,1,3,Very High,1.0,Very High,Very Likely (now)
PL0509,Matthew Webster,Mexico,CAM,Aston Villa,33,1993-02-22,Left,2031-04-03,5,216,20987,95,36,914.5,427.0,46.795,224.0,722.0,7.22,10,19,2,21.6,97.2,91.2,269.0,783.0,1271.0,94.0,756.0,72.12,246.0,24,2186,91.1,177,15,"Ligament Damage, Muscle Injury, Concussion, Calf Injury, Ankle Injury, Knee Injury, ACL Injury, Groin Strain, Achilles Injury, Meniscus Tear, Fracture",2024-10-24,527.0,2.4,1,0,1,1,5.99,538,0,0.337,12473,0.317,0.46,0.223,8.37,116061,86.2,1,2.74,6785,4056,15873,16.51,22.28,38.31,3,Declining,0.4398148148148148,0.1666666666666666,131,0.6064814814814815,218.61458333333331,567.2162162162163,6.1,14.32,10.0,0.0,3.644,70.75583087947953,0,Veteran,0.0,0.290494,26.603060622195105,0.3652999999999999,5.73758,32.4746,56.14189093329266,185.46316390633925,30-33,52,0.1,0.7,0.1,0.2,5.0,0.6,0.77,1,3,Very High,1.0,Very High,Very Likely (now)
PL0510,Travis Gonzalez,Kosovo,LB,Liverpool,20,2006-09-13,Right,2031-04-03,5,276,34043,28,58,914.5,427.0,46.795,425.0,459.0,7.28,2,15,5,138.0,123.3,83.69,1140.0,530.0,1037.0,94.0,756.0,72.12,246.0,1,51,51.0,51,51,Meniscus Tear,2023-11-18,868.0,0.1,0,0,0,1,0.14,7,0,0.134,9953,0.184,0.523,0.293,2.99,87276,59.7,1,6.31,5698,2266,14149,41.81,49.9,21.64,1,Rising,0.1014492753623188,0.2101449275362318,86,0.3115942028985507,1173.896551724138,577.0,3.5,7.52,0.34,97.46376811594205,25.5,179.18239182744026,0,Emerging,19.34943793350872,0.079998,3.688367685408617,0.2673,5.205419,50.651353623188406,50.178228339707125,118.31664009154032,18-21,21,0.6,0.3,0.3,0.2,0.17,0.5,0.402,0,1,Medium,0.0,Low,Possible (1 year)
PL0511,Alex Hernandez,Kosovo,CDM,Al Nassr,23,2003-05-15,Right,2031-04-03,5,382,17106,34,105,914.5,427.0,46.795,350.0,582.0,7.62,5,26,7,76.4,44.8,85.85,430.0,783.0,1271.0,94.0,756.0,72.12,246.0,10,1002,100.2,174,10,"Ligament Damage, Shoulder Injury, Hip Injury, Knee Injury, Hamstring Injury, Groin Strain, Achilles Injury",2024-11-28,492.0,1.0,1,1,0,0,2.75,145,0,0.563,11577,0.543,0.255,0.202,10.59,189003,51.7,0,5.52,8845,1070,2104,56.04,74.67,37.05,2,Rising,0.0890052356020942,0.2748691099476439,139,0.3638743455497382,488.74285714285713,161.37735849056602,0.4000000000000003,12.64,4.75,62.04188481675393,9.10909090909091,240.16697531714303,0,Emerging,33.24411134903641,0.2910709999999999,55.7872020574416,0.5923,0.0,46.60097696335079,100.0,81.69876746730503,22-25,58,0.1,0.8,0.3,0.2,2.375,0.4,0.5375000000000001,0,1,Medium,0.053,Low,Possible (1 year)
PL0512,Cameron Caldwell,South Korea,LW,Aston Villa,27,1999-04-15,Right,2029-04-03,3,430,28621,195,136,722.0,447.0,46.98,494.0,659.0,7.79,9,65,0,47.8,66.6,85.79,643.0,783.0,1271.0,94.0,756.0,72.12,246.0,14,1389,99.2,165,15,"Ligament Damage, Concussion, Hip Injury, Ankle Injury, ACL Injury, Groin Strain, Back Injury, Achilles Injury, Meniscus Tear, Fracture",2025-09-12,204.0,1.4,0,0,1,1,3.81,242,0,0.587,18991,0.43,0.351,0.218,12.41,215288,88.2,0,2.15,4558,4107,16858,78.62,95.25,193.25,6,Stable,0.4534883720930232,0.3162790697674418,331,0.7697674418604651,146.02551020408163,208.91240875912408,3.5,17.6,8.61,43.72093023255814,6.613333333333333,202.16196573269585,1,Prime,0.0,0.5177339999999999,71.76691607111967,0.5151,0.0,44.45438604651164,100.0,55.833190211644855,26-29,10,1.0,0.8,0.9,0.2,4.305,0.7,1.0,1,3,Very High,1.0,Very High,Very Likely (now)
PL0513,Justin Robinson,Canada,RB,Atletico Madrid,25,2001-02-02,Both,2030-04-03,4,363,15673,7,50,914.5,427.0,46.795,425.0,459.0,6.66,7,45,7,51.9,43.2,78.56,698.0,1091.0,1813.0,94.0,756.0,72.12,246.0,14,1428,102.0,175,16,"Muscle Injury, Shoulder Injury, Ligament Damage, Concussion, Calf Injury, Ankle Injury, Hamstring Injury, Groin Strain, Achilles Injury",2025-04-10,359.0,1.4,0,1,0,0,3.91,264,0,0.323,6256,0.292,0.346,0.362,2.18,39784,29.4,0,2.1,5268,3874,625,25.93,34.45,62.88,5,Rising,0.0192837465564738,0.1377410468319559,57,0.1570247933884297,1959.125,307.3137254901961,-1.5,14.26,6.71,27.272727272727263,6.8,88.90120870768766,1,Prime,0.0,0.094962,6.1552089095190885,0.3686,0.0,35.68374545454546,33.65468609155137,132.50555311751006,22-25,40,0.1,0.8,0.1,0.2,3.355,0.5,0.6155000000000002,1,2,High,1.0,Very High,Likely (6 months)
PL0514,Michael Wang,Ecuador,ST,Manchester City,25,2001-02-04,Right,2031-04-03,5,344,25244,244,93,1069.0,515.0,52.11,681.0,673.0,7.28,7,27,7,49.1,73.4,85.79,643.0,783.0,1271.0,94.0,756.0,72.12,246.0,3,182,60.7,72,40,"Muscle Injury, Fracture, Meniscus Tear",2024-03-06,759.0,0.3,0,0,0,1,0.5,40,0,0.136,27621,0.23,0.577,0.193,14.03,324855,51.9,1,9.44,4321,3265,14651,135.05,159.23,29.42,1,Rising,0.7093023255813954,0.2703488372093023,337,0.9796511627906976,103.03673469387756,268.5531914893617,0.3000000000000007,13.88,1.1,88.37209302325581,15.175,578.7749824514664,1,Prime,0.0,0.070584,19.512727939823915,0.3024,15.937316999999998,50.17521860465117,72.15670121206145,36.87998427390751,22-25,17,0.6,0.8,0.9,0.2,0.55,0.7,0.65,1,2,High,0.999,Very High,Likely (6 months)
PL0515,Christopher Lawson,Senegal,CAM,RB Leipzig,25,2001-12-28,Both,2027-04-04,1,352,19181,98,82,914.5,427.0,46.795,422.0,550.0,6.88,7,44,4,50.3,54.5,86.72,264.0,783.0,1271.0,94.0,756.0,72.12,246.0,8,735,91.9,163,23,"Shoulder Injury, Concussion, Calf Injury, Hip Injury, ACL Injury, Hamstring Injury, Groin Strain",2025-10-12,174.0,0.8,0,1,1,1,2.01,171,0,0.387,18466,0.333,0.381,0.286,5.17,203648,57.2,0,8.38,631,4592,9253,73.45,82.86,169.57,4,Rising,0.2784090909090909,0.2329545454545454,180,0.5113636363636364,193.74747474747477,231.09638554216863,1.5999999999999996,14.04,5.609999999999999,51.42045454545455,10.211111111111112,62.95597550693847,1,Prime,0.0,0.221364,19.65524202399296,0.4623,0.0,41.53669090909091,59.031208490534894,55.79139141583735,22-25,30,0.3,0.8,0.9,0.2,2.8049999999999997,0.6,0.7605,1,3,Very High,1.0,Very High,Very Likely (now)
PL0516,Paul Wilson,Guinea,ST,Sevilla,22,2004-04-18,Left,2028-04-03,2,317,34778,161,54,1041.0,531.0,53.14,779.0,345.0,7.03,4,49,3,79.2,109.7,85.79,643.0,783.0,1271.0,94.0,756.0,72.12,246.0,3,325,108.3,172,70,"Ligament Damage, Shoulder Injury, Hip Injury",2024-03-03,762.0,0.3,0,0,0,0,0.89,60,0,0.099,12926,0.133,0.537,0.33,8.47,166165,14.3,1,2.81,317,2918,9827,75.4,92.79,144.3,3,Rising,0.5078864353312302,0.1703470031545741,215,0.6782334384858044,214.679012345679,632.3272727272728,2.1,10.34,1.49,81.07255520504732,27.075,129.2547461735374,0,Emerging,23.063660477453578,0.014157,7.938425080141879,0.2002,6.941262000000001,46.802911041009466,52.329093140717546,61.26035476571919,22-25,57,0.1,0.5,0.9,0.2,0.745,0.7,0.43450000000000005,0,1,Medium,0.0,Low,Possible (1 year)
PL0517,Robert Oconnell,Ukraine,RW,Bayern Munich,21,2005-04-27,Left,2031-04-03,5,341,32263,203,77,970.0,470.0,46.96,885.0,342.0,7.78,3,27,4,113.7,94.6,85.79,643.0,783.0,1271.0,94.0,756.0,72.12,246.0,1,16,16.0,16,16,Concussion,2025-05-18,321.0,0.1,0,0,0,0,0.04,4,0,0.295,50279,0.257,0.471,0.271,4.28,726726,10.4,1,9.7,9650,392,6632,112.35,132.99,194.24,4,Rising,0.5953079178885631,0.2258064516129032,280,0.8211143695014663,158.15196078431373,413.62820512820514,3.3,9.82,0.24,98.82697947214076,8.0,481.4910720357071,0,Emerging,18.371161548731656,0.03068,13.6681028979303,0.3979,23.681409,53.64519589442816,66.84475229410953,47.327036519124974,18-21,26,0.3,0.5,0.9,0.2,0.12,0.7,0.44200000000000006,0,1,Medium,0.0,Low,Possible (1 year)
PL0518,Brian Johnson,Mali,GK,RB Leipzig,26,2000-06-08,Both,2029-04-03,3,198,35978,1,5,914.5,427.0,46.795,425.0,459.0,6.96,8,32,1,24.8,181.7,85.79,643.0,783.0,1271.0,109.0,966.0,70.46,336.0,11,1093,99.4,180,11,"Ligament Damage, Shoulder Injury, Muscle Injury, Concussion, Hip Injury, Ankle Injury, Knee Injury, Meniscus Tear, Fracture",2025-11-24,131.0,1.1,1,0,0,1,2.99,272,0,0.342,8281,0.389,0.416,0.195,4.16,113128,6.3,1,2.63,9352,3723,19520,24.36,29.39,84.88,6,Stable,0.005050505050505,0.0252525252525252,6,0.0303030303030303,17989.0,5996.333333333333,5.8,11.96,5.19,0.0,8.283333333333333,62.638838530252734,1,Prime,0.0,0.021546,12.835551869188198,0.3966,3.4448959999999995,31.0252,44.38592780378229,122.3391167192429,26-29,41,0.1,0.8,0.1,0.2,2.595,0.3,0.5195000000000001,0,1,Medium,0.001,Low,Possible (1 year)
PL0519,Eric Byrd,Canada,LW,AS Roma,26,2000-05-09,Left,2027-04-04,1,319,36225,93,51,1090.0,387.0,52.75,708.0,533.0,6.84,8,71,4,39.9,113.6,85.79,643.0,783.0,1271.0,94.0,756.0,72.12,246.0,9,652,72.4,164,20,"Shoulder Injury, Ankle Injury, Knee Injury, ACL Injury, Groin Strain, Back Injury, Achilles Injury, Fracture",2024-11-16,504.0,0.9,1,0,1,1,1.79,143,0,0.025,36250,0.171,0.525,0.304,9.05,424664,41.9,1,5.21,7148,347,12889,65.33,89.64,122.08,5,Stable,0.2915360501567398,0.1598746081504702,144,0.45141065830721,385.3723404255319,696.6346153846154,-1.0999999999999996,14.38,5.59,55.172413793103445,7.24,55.99610455913261,1,Prime,0.0,0.010475,2.375222783182213,0.2084,19.03125,41.6872827586207,33.22647555408366,62.84830809380476,26-29,58,0.1,0.8,0.6,0.2,2.795,0.7,0.6545,1,2,High,1.0,Very High,Likely (6 months)
PL0520,Tyler Sanders,Russia,GK,LA Galaxy,27,1999-11-14,Both,2031-04-03,5,388,32118,1,4,914.5,427.0,46.795,425.0,459.0,6.53,9,58,8,43.1,82.8,85.79,643.0,783.0,1271.0,83.0,549.0,69.33,136.0,11,996,90.5,180,13,"Muscle Injury, Shoulder Injury, Concussion, Calf Injury, Ankle Injury, Hamstring Injury, Back Injury, Fracture",2025-10-21,165.0,1.1,0,1,0,1,2.73,189,0,0.265,17543,0.301,0.415,0.284,14.94,106407,20.2,1,9.54,5174,186,7161,21.44,26.62,38.7,3,Stable,0.0025773195876288,0.0103092783505154,5,0.0128865979381443,16059.0,6423.6,-3.8000000000000007,16.759999999999998,4.93,51.28865979381443,7.541666666666667,91.8840105424616,1,Prime,0.0,0.0535299999999999,38.6901752482259,0.4087,7.280345,40.54713195876289,88.4488288517203,180.6913188893177,26-29,28,0.3,0.8,0.1,0.2,2.465,0.3,0.5765,1,2,High,0.998,Very High,Likely (6 months)
PL0521,Miguel Jones,Portugal,ST,Galatasaray,28,1998-11-13,Both,2031-04-03,5,371,15407,47,49,921.0,706.0,44.1,763.0,433.0,7.32,10,63,3,37.1,41.5,85.79,643.0,783.0,1271.0,94.0,756.0,72.12,246.0,15,1078,71.9,172,8,"Muscle Injury, Shoulder Injury, Concussion, Hip Injury, Calf Injury, Ankle Injury, ACL Injury, Hamstring Injury, Groin Strain, Back Injury, Fracture",2023-06-09,1030.0,1.5,0,1,1,1,2.95,205,0,0.356,37622,0.356,0.365,0.279,10.7,556322,2.1,0,1.9,3320,3387,8025,73.27,87.54,129.54,3,Stable,0.1266846361185983,0.1320754716981132,96,0.2587601078167116,320.9791666666667,308.14,0.6999999999999993,17.42,7.95,44.74393530997305,4.49375,314.00846326707835,1,Prime,0.0,0.007476,40.13133462083953,0.3952,0.0,42.50318706199461,85.5485954622566,57.22793464655259,26-29,21,0.6,0.8,0.9,0.2,3.975,0.7,0.9925,1,3,Very High,1.0,Very High,Very Likely (now)
PL0522,Michael Burton,Mali,CB,Monaco,23,2003-05-13,Right,2028-04-03,2,286,15170,29,45,914.5,427.0,46.795,425.0,459.0,6.8,5,25,2,57.2,53.0,84.67,1402.0,909.0,721.0,94.0,756.0,72.12,246.0,9,691,76.8,173,9,"Ligament Damage, Muscle Injury, Concussion, Calf Injury, ACL Injury, Fracture",2025-11-15,140.0,0.9,0,0,1,1,1.89,166,0,0.064,13772,0.086,0.561,0.353,10.89,161349,0.9,1,4.46,6356,2035,16905,29.21,40.31,33.0,4,Rising,0.1013986013986013,0.1573426573426573,74,0.2587412587412587,505.6666666666667,329.7826086956522,5.5,10.72,5.69,41.95804195804196,7.68,50.07335723778551,0,Emerging,38.00068469702157,0.000576,6.642353188126064,0.1838,7.726092,38.1032083916084,37.6351339779933,126.12780003842568,22-25,44,0.1,0.8,0.1,0.2,2.845,0.4,0.5545000000000001,1,2,High,0.999,Very High,Likely (6 months)
PL0523,Brian Barton,Austria,CAM,Manchester City,23,2003-05-28,Right,2028-04-03,2,272,20227,56,117,914.5,427.0,46.795,171.0,255.0,6.66,5,78,4,54.4,74.4,91.01,484.0,783.0,1271.0,94.0,756.0,72.12,246.0,13,1137,87.5,177,18,"Muscle Injury, Ligament Damage, Calf Injury, Ankle Injury, Knee Injury, Hamstring Injury, Groin Strain, Achilles Injury, Meniscus Tear",2024-07-08,635.0,1.3,1,1,0,1,3.12,182,0,0.032,4733,0.092,0.53,0.378,3.04,46788,22.2,1,8.42,1827,686,15597,57.36,75.4,33.78,2,Rising,0.2058823529411764,0.4301470588235294,173,0.6360294117647058,354.859649122807,171.41525423728814,-1.8000000000000007,10.44,5.720000000000001,33.08823529411765,6.25,98.32960531185816,0,Emerging,31.450488145048823,0.007104,0.8232345088583918,0.2186,2.50849,35.78284705882353,27.68627529269935,61.3139942748861,22-25,50,0.1,0.8,0.6,0.2,2.8600000000000003,0.6,0.651,1,2,High,0.999,Very High,Likely (6 months)
PL0524,Samuel Burke,Turkey,ST,Barcelona,26,2000-07-18,Left,2031-04-03,5,235,40985,54,143,1266.0,409.0,35.8,876.0,211.0,6.42,8,53,4,29.4,174.4,85.79,643.0,783.0,1271.0,94.0,756.0,72.12,246.0,4,250,62.5,144,7,"Ankle Injury, Back Injury, Concussion, Muscle Injury",2024-12-07,483.0,0.4,0,0,0,0,0.68,40,0,0.109,17503,0.242,0.507,0.252,7.88,106280,13.7,1,7.34,9253,4577,4616,82.56,90.89,195.59,6,Stable,0.2297872340425532,0.6085106382978723,197,0.8382978723404255,745.1818181818181,284.61805555555554,0.6999999999999993,12.7,1.48,82.97872340425532,12.5,353.8220107455984,1,Prime,0.0,0.0149329999999999,8.391807047009028,0.2882,8.874021,45.39214468085107,52.32378291093907,54.322815558701606,26-29,58,0.1,0.8,0.9,0.2,0.74,0.7,0.4940000000000001,0,1,Medium,0.0,Low,Possible (1 year)
PL0525,Bryan Riggs,Kosovo,CB,Manchester City,24,2002-04-11,Left,2027-04-04,1,295,27583,17,19,914.5,427.0,46.795,425.0,459.0,6.65,6,80,5,49.2,93.5,85.99,851.0,933.0,1736.0,94.0,756.0,72.12,246.0,2,204,102.0,147,57,"Concussion, ACL Injury",2025-10-29,157.0,0.2,0,0,1,1,0.56,50,0,0.268,27305,0.372,0.446,0.182,14.77,318339,80.4,1,3.43,5957,4174,6285,59.26,65.35,181.59,6,Rising,0.0576271186440678,0.0644067796610169,36,0.1220338983050847,1532.388888888889,1379.15,-3.0,11.9,2.96,83.05084745762713,34.0,50.79334388755852,0,Prime,10.276746540668237,0.215472,40.43410010623992,0.3639,12.17803,46.31796949152543,97.8901349051226,76.86354047714144,22-25,47,0.1,0.8,0.6,0.2,1.48,0.4,0.4930000000000001,0,1,Medium,0.0,Low,Possible (1 year)
PL0526,Richard Reed,Georgia,LB,Inter Miami,25,2001-12-27,Both,2028-04-03,2,271,18471,3,40,914.5,427.0,46.795,425.0,459.0,7.56,7,59,3,38.7,68.2,80.41,1048.0,1080.0,950.0,94.0,756.0,72.12,246.0,8,712,89.0,170,9,"Shoulder Injury, Concussion, Knee Injury, ACL Injury, Back Injury",2023-07-29,980.0,0.8,1,0,1,1,1.95,132,0,0.285,7281,0.283,0.414,0.303,8.35,89065,59.5,1,6.79,4462,4941,15671,39.11,47.72,19.79,1,Rising,0.011070110701107,0.1476014760147601,43,0.1586715867158671,4617.75,450.5121951219512,1.0999999999999996,12.42,5.55,51.291512915129154,9.88888888888889,67.0444711252924,1,Prime,0.0,0.169575,21.163499482183017,0.384,3.014334,43.75030258302583,62.52040051478743,109.07579801302872,22-25,44,0.1,0.8,0.1,0.2,2.775,0.5,0.5575000000000001,1,2,High,0.214,Low,Likely (6 months)
PL0527,Jeffrey Wood,Ukraine,RB,Aston Villa,26,2000-10-20,Both,2027-04-04,1,427,33694,3,15,914.5,427.0,46.795,425.0,459.0,6.65,8,72,1,53.4,78.9,91.7,586.0,884.0,1757.0,94.0,756.0,72.12,246.0,13,1401,107.8,172,10,"Muscle Injury, Calf Injury, Hip Injury, Ankle Injury, Knee Injury, ACL Injury, Hamstring Injury, Meniscus Tear, Fracture",2026-03-17,18.0,1.3,1,1,1,1,3.84,316,1,0.227,2955,0.228,0.518,0.254,2.83,55705,28.2,1,8.57,7909,2169,12110,24.72,30.13,31.93,3,Stable,0.0070257611241217,0.0351288056206089,18,0.0421545667447306,8423.5,2105.875,1.8000000000000007,16.54,10.0,25.995316159250574,7.7,21.18817855046316,1,Prime,0.0,0.064014,5.133878797923363,0.3413,1.53069,35.78966323185012,25.595649812810105,139.15110121248105,26-29,19,0.6,0.8,0.1,0.2,5.0,0.5,0.9550000000000001,1,3,Very High,1.0,Very High,Very Likely (now)
PL0528,Jonathan Peterson,Denmark,CDM,Bayer Leverkusen,28,1998-11-18,Both,2028-04-03,2,228,24267,62,48,914.5,427.0,46.795,385.0,447.0,7.88,10,45,1,22.8,106.4,87.92,377.0,783.0,1271.0,94.0,756.0,72.12,246.0,3,261,87.0,118,68,"Back Injury, Achilles Injury, Muscle Injury",2026-02-07,56.0,0.3,0,0,0,0,0.72,62,0,0.308,10282,0.261,0.4,0.339,4.31,119795,30.0,0,8.26,8590,4406,4991,82.85,98.32,245.52,6,Stable,0.2719298245614035,0.2105263157894736,110,0.4824561403508772,385.1904761904762,495.2448979591837,4.5,14.56,1.3199999999999998,72.80701754385964,21.75,142.02593793736833,1,Prime,0.0,0.0924,12.263588559295243,0.4041,0.0,49.80160350877193,60.65618459332883,59.39368337360994,26-29,36,0.3,0.8,0.9,0.2,0.6599999999999999,0.4,0.526,0,1,Medium,0.003,Low,Possible (1 year)
PL0529,Samuel Short,Brazil,CDM,Tottenham,21,2005-01-07,Left,2028-04-03,2,181,24024,95,59,914.5,427.0,46.795,446.0,645.0,7.17,3,39,1,60.3,132.7,91.19,595.0,783.0,1271.0,94.0,756.0,72.12,246.0,8,673,84.1,162,8,"Muscle Injury, Shoulder Injury, Hip Injury, Knee Injury, Meniscus Tear",2025-10-22,164.0,0.8,1,0,0,1,1.84,129,0,0.486,3705,0.424,0.384,0.192,9.85,72273,70.7,0,8.35,6085,903,3575,34.8,43.15,51.01,4,Rising,0.5248618784530387,0.3259668508287293,154,0.850828729281768,250.25,400.4,5.1,6.62,3.4400000000000004,28.72928176795581,9.344444444444443,59.65603669547879,0,Emerging,23.994252873563223,0.3436019999999999,39.33899191440916,0.5283,0.0,36.80645635359117,90.53171604840934,102.8113305966234,18-21,10,1.0,0.5,0.1,0.2,1.7200000000000002,0.4,0.6970000000000001,1,2,High,1.0,Very High,Likely (6 months)
PL0530,Brian Yu,Czech Republic,CM,Borussia Dortmund,22,2004-12-20,Right,2028-04-03,2,221,29586,66,76,914.5,427.0,46.795,528.0,353.0,6.53,4,44,3,55.2,133.9,91.55,589.0,783.0,1271.0,94.0,756.0,72.12,246.0,4,386,96.5,114,73,"Ankle Injury, Shoulder Injury, Fracture",2024-01-16,809.0,0.4,0,0,0,1,1.06,77,0,0.26,15214,0.277,0.407,0.315,5.02,273380,7.5,1,5.14,4799,3494,16401,45.94,63.57,33.61,2,Rising,0.2986425339366516,0.3438914027149321,142,0.6425339366515838,441.5820895522388,384.23376623376623,2.6,8.42,1.86,65.15837104072398,19.3,78.75282545374412,0,Emerging,38.37614279494994,0.0195,12.569124373754514,0.3571,6.192098,41.54987420814479,55.908623664704166,88.51698808722794,22-25,40,0.1,0.5,0.3,0.2,0.93,0.5,0.343,0,0,Low,0.0,Low,Unlikely
PL0531,Mark Poole,Ghana,CDM,Barcelona,19,2007-05-13,Left,2030-04-03,4,431,30508,77,63,914.5,427.0,46.795,160.0,529.0,7.76,1,36,5,431.0,70.8,86.49,597.0,783.0,1271.0,94.0,756.0,72.12,246.0,5,479,95.8,160,36,"Groin Strain, Ligament Damage, Fracture, Knee Injury",2023-10-04,913.0,0.5,1,0,0,1,1.31,114,0,0.637,22849,0.578,0.294,0.128,13.0,296599,97.1,0,5.9,8357,1766,2418,58.63,73.69,98.17,3,Rising,0.1786542923433874,0.1461716937354988,140,0.3248259860788863,391.12820512820514,476.6875,1.4000000000000004,9.62,2.31,73.54988399071925,15.966666666666669,201.01341560091504,0,Emerging,25.68650861333787,0.6185269999999999,83.1139656679454,0.6284000000000001,0.0,48.930776798143846,100.0,82.0573147713296,18-21,28,0.3,0.3,0.6,0.2,1.155,0.4,0.4305,0,1,Medium,0.0,Low,Possible (1 year)
PL0532,Michael Graham,Austria,LB,Arsenal,23,2003-06-17,Left,2030-04-03,4,223,36550,6,43,914.5,427.0,46.795,425.0,459.0,6.71,5,61,4,44.6,163.9,80.9,1173.0,472.0,1327.0,94.0,756.0,72.12,246.0,12,1220,101.7,179,34,"Ligament Damage, Hip Injury, Ankle Injury, ACL Injury, Hamstring Injury, Groin Strain, Back Injury, Achilles Injury, Meniscus Tear, Fracture",2024-03-03,762.0,1.2,0,1,1,1,3.34,267,0,0.321,3157,0.29,0.348,0.362,11.87,30940,95.3,0,1.46,5002,2868,12547,25.04,34.33,89.74,6,Rising,0.0269058295964125,0.1928251121076233,49,0.2197309417040358,5221.428571428572,830.6818181818181,-0.0999999999999996,9.46,7.74,0.0,7.823076923076924,85.84983671579246,0,Emerging,37.10063897763578,0.305913,30.701990459679987,0.3604,0.0,29.4528,65.29938568951998,113.10599078341016,22-25,34,0.3,0.8,0.1,0.2,3.87,0.5,0.7370000000000001,1,3,Very High,1.0,Very High,Very Likely (now)
PL0533,Nicholas Sheppard,Turkey,CM,Borussia Dortmund,18,2008-04-12,Left,2029-04-03,3,307,39626,47,49,914.5,427.0,46.795,457.0,588.0,7.53,1,41,1,307.0,129.1,91.41,224.0,783.0,1271.0,94.0,756.0,72.12,246.0,7,689,98.4,146,32,"Calf Injury, Ankle Injury, ACL Injury, Hamstring Injury, Achilles Injury",2025-01-14,445.0,0.7,0,1,1,1,1.89,134,0,0.264,13402,0.34,0.455,0.205,5.17,192385,88.6,1,2.25,5359,3753,1956,33.81,46.29,34.66,2,Rising,0.1530944625407166,0.1596091205211726,96,0.3127035830618892,825.5416666666666,792.52,4.9,7.14,5.29,56.351791530944624,12.3,86.93838796009216,0,Emerging,36.91215616681454,0.233904,12.970773805557172,0.3391,6.09791,43.49655830618892,50.62443986143022,124.95420369488345,18-21,48,0.1,0.3,0.1,0.2,2.645,0.5,0.4445,0,1,Medium,0.0,Low,Possible (1 year)
PL0534,Devin Morton,Tunisia,ST,Athletic Bilbao,22,2004-12-05,Right,2027-04-04,1,401,38665,234,27,1196.0,553.0,42.19,220.0,652.0,7.19,4,67,6,100.2,96.4,85.79,643.0,783.0,1271.0,94.0,756.0,72.12,246.0,6,454,75.7,107,24,"Ligament Damage, ACL Injury, Hamstring Injury, Groin Strain, Fracture",2024-08-05,607.0,0.6,0,1,1,1,1.24,107,0,0.233,35127,0.338,0.492,0.17,13.09,670170,63.8,1,4.62,8872,4505,447,68.9,79.73,163.81,5,Rising,0.5835411471321695,0.0673316708229426,261,0.6508728179551122,164.53191489361703,1380.892857142857,-2.6999999999999997,12.02,4.44,73.31670822942644,10.814285714285717,59.05604782066795,0,Emerging,15.71843251088534,0.1486539999999999,31.923285124722373,0.3424,17.282484,46.5121416458853,82.26099851002621,66.54097517294034,22-25,16,0.6,0.5,0.6,0.2,2.22,0.7,0.7120000000000001,1,3,Very High,1.0,Very High,Very Likely (now)
PL0535,Joshua Webb,Burkina Faso,LW,Bayer Leverkusen,23,2003-12-14,Both,2029-04-03,3,215,29631,95,69,868.0,475.0,42.33,466.0,640.0,6.68,5,38,8,43.0,137.8,85.79,643.0,783.0,1271.0,94.0,756.0,72.12,246.0,3,262,87.3,124,25,"Knee Injury, Concussion, Meniscus Tear",2024-08-02,610.0,0.3,1,0,0,1,0.72,42,0,0.3,23828,0.402,0.5,0.098,11.61,443676,46.4,1,4.4,8707,3242,5465,66.55,88.87,74.99,3,Rising,0.4418604651162791,0.3209302325581395,164,0.7627906976744186,308.65625,423.3,-1.8000000000000007,9.3,1.3199999999999998,80.46511627906978,21.825,171.12539836569454,0,Emerging,33.538692712246444,0.1392,35.10396792226422,0.3846,11.914,45.44222325581396,92.7370635113033,67.27198113369943,22-25,23,0.6,0.8,0.6,0.2,0.6599999999999999,0.7,0.6159999999999999,1,2,High,0.999,Very High,Likely (6 months)
PL0536,Jeffrey Simon,Canada,CDM,Tottenham,21,2005-07-19,Right,2028-04-03,2,451,42746,35,24,914.5,427.0,46.795,336.0,590.0,6.63,3,30,1,150.3,94.8,80.62,434.0,783.0,1271.0,94.0,756.0,72.12,246.0,1,102,102.0,102,102,Ankle Injury,2024-08-07,605.0,0.1,0,0,0,0,0.28,22,0,0.244,11904,0.297,0.465,0.238,8.02,190910,48.1,1,7.51,3046,1816,15581,32.48,42.31,61.18,4,Rising,0.0776053215077605,0.0532150776053215,59,0.130820399113082,1187.388888888889,1709.84,6.0,12.02,0.48,95.1219512195122,51.0,55.67896758244687,0,Emerging,30.26477832512317,0.117364,18.364758660557253,0.3687999999999999,5.535360000000001,48.68599024390244,70.9301331127871,145.4181309555031,18-21,52,0.1,0.5,0.1,0.2,0.24,0.4,0.23400000000000004,0,0,Low,0.0,Low,Unlikely
PL0537,Derrick Christian,Portugal,LW,Villarreal,23,2003-06-09,Both,2030-04-03,4,453,16940,94,35,1475.0,461.0,44.06,500.0,295.0,7.95,5,45,2,90.6,37.4,85.79,643.0,783.0,1271.0,94.0,756.0,72.12,246.0,5,560,112.0,160,35,"Groin Strain, Ligament Damage, Calf Injury, Hip Injury",2023-07-28,981.0,0.5,0,0,0,0,1.53,81,0,0.297,52678,0.338,0.393,0.268,9.28,614146,87.0,0,2.67,8727,836,18903,104.84,117.27,125.36,3,Rising,0.2075055187637969,0.0772626931567329,129,0.2847682119205298,178.31578947368422,470.55555555555554,3.5,14.06,2.53,82.11920529801324,18.666666666666668,359.44476362954003,0,Emerging,11.856161770316666,0.25839,29.96489482472424,0.3683,0.0,51.77244105960265,85.77356276688768,48.91576063832449,22-25,17,0.6,0.8,0.9,0.2,1.265,0.7,0.7214999999999999,1,3,Very High,1.0,Very High,Likely (6 months)
PL0538,Ronald Miller,Serbia,CAM,Juventus,18,2008-12-26,Right,2029-04-03,3,297,29617,49,41,914.5,427.0,46.795,184.0,733.0,7.43,1,32,4,297.0,99.7,83.01,294.0,783.0,1271.0,94.0,756.0,72.12,246.0,4,440,110.0,144,87,"Ligament Damage, Shoulder Injury, Back Injury",2023-07-20,989.0,0.4,0,0,0,0,1.21,63,0,0.554,11627,0.547,0.246,0.207,11.41,224067,9.0,0,8.15,2978,1876,4771,44.22,54.51,34.91,2,Rising,0.1649831649831649,0.138047138047138,90,0.303030303030303,592.34,705.1666666666666,2.8,6.94,2.01,78.78787878787878,22.0,113.70646304629622,0,Emerging,23.27001356852103,0.04986,59.17327410904812,0.6180000000000001,0.0,48.10157575757575,100.0,106.37234798225508,18-21,14,0.6,0.3,0.3,0.2,1.005,0.6,0.4955,0,1,Medium,0.001,Low,Possible (1 year)
PL0539,Stephen Sanchez,Japan,RW,PSG,18,2008-03-18,Left,2027-04-04,1,450,30709,138,139,743.0,441.0,35.34,400.0,228.0,6.52,1,22,4,450.0,68.2,85.79,643.0,783.0,1271.0,94.0,756.0,72.12,246.0,3,401,133.7,150,103,"Groin Strain, Meniscus Tear, Hamstring Injury",2026-02-06,57.0,0.3,0,1,0,1,1.1,74,0,0.134,6921,0.247,0.561,0.192,4.41,59588,58.0,1,8.81,1653,4160,12013,42.77,49.35,76.42,5,Rising,0.3066666666666666,0.3088888888888889,277,0.6155555555555555,220.92805755395685,219.35,3.8,10.0,1.7000000000000002,83.55555555555556,33.425,36.65932025094293,0,Emerging,15.38461538461538,0.07772,5.225363326697965,0.3036,3.8826810000000007,45.39831111111111,47.1372005456025,103.72015332673315,18-21,15,0.6,0.3,0.3,0.2,0.8500000000000001,0.7,0.49000000000000005,0,1,Medium,0.001,Low,Possible (1 year)
PL0540,John Bishop,Uruguay,ST,Marseille,26,2000-01-25,Both,2027-04-04,1,261,32796,61,124,1347.0,577.0,49.46,356.0,696.0,8.08,8,41,0,32.6,125.7,85.79,643.0,783.0,1271.0,94.0,756.0,72.12,246.0,10,1041,104.1,171,27,"Shoulder Injury, Concussion, Ankle Injury, Knee Injury, ACL Injury, Meniscus Tear",2023-07-21,988.0,1.0,1,0,1,1,2.85,155,0,0.43,22661,0.47,0.377,0.153,6.14,418392,88.8,0,9.25,1501,2190,317,121.13,145.67,103.73,2,Stable,0.2337164750957854,0.475095785440613,185,0.7088122605363985,528.9677419354839,262.368,5.9,13.22,6.85,40.61302681992337,9.463636363636365,103.8237891511975,1,Prime,0.0,0.3818399999999999,26.47709993968133,0.5301,0.0,44.14680536398468,68.08905259151433,36.14738832717979,26-29,49,0.1,0.8,0.9,0.2,3.425,0.7,0.7625000000000001,1,3,Very High,1.0,Very High,Very Likely (now)
PL0541,James Johnson,Tunisia,RW,Everton,22,2004-02-23,Right,2028-04-03,2,336,20929,226,59,1451.0,221.0,45.02,258.0,553.0,6.64,4,16,7,84.0,62.3,85.79,643.0,783.0,1271.0,94.0,756.0,72.12,246.0,6,434,72.3,160,18,"Ligament Damage, Calf Injury, Hip Injury, ACL Injury, Hamstring Injury",2025-06-11,297.0,0.6,0,1,1,1,1.19,99,0,0.0,17129,0.045,0.53,0.425,13.89,215419,43.1,1,2.72,5060,124,10304,53.59,64.05,45.05,2,Rising,0.6726190476190477,0.175595238095238,285,0.8482142857142857,92.19823788546256,348.81666666666666,1.4000000000000004,10.72,4.39,70.53571428571428,10.328571428571427,91.86686800318128,0,Emerging,19.51856689680909,0.0,0.0,0.1347,9.07837,43.08054285714285,32.76027142857143,78.91654672493652,22-25,22,0.6,0.5,0.3,0.2,2.195,0.7,0.6645,1,2,High,1.0,Very High,Likely (6 months)
PL0542,Samuel White,Croatia,CDM,Bayern Munich,19,2007-06-02,Left,2031-04-03,5,259,20534,40,97,914.5,427.0,46.795,443.0,576.0,6.87,1,32,1,259.0,79.3,90.18,673.0,783.0,1271.0,94.0,756.0,72.12,246.0,1,27,27.0,27,27,Back Injury,2023-09-22,925.0,0.1,0,0,0,0,0.07,4,0,0.411,13126,0.397,0.352,0.251,7.76,149629,79.3,0,6.26,7254,1190,3227,43.17,57.0,104.72,5,Rising,0.1544401544401544,0.3745173745173745,137,0.528957528957529,500.8292682926829,209.53061224489795,5.8,6.18,0.27,98.45559845559846,13.5,185.01085518274567,0,Emerging,32.0361362056984,0.3259229999999999,30.242871644270515,0.4757,0.0,49.3585196911197,89.50356731196561,111.74670520968915,18-21,43,0.1,0.3,0.3,0.2,0.135,0.4,0.21350000000000005,0,0,Low,0.0,Low,Unlikely
PL0543,Daniel Salinas,Hungary,GK,Borussia Dortmund,23,2003-08-01,Both,2027-04-04,1,332,21633,0,5,914.5,427.0,46.795,425.0,459.0,6.38,5,46,7,66.4,65.2,85.79,643.0,783.0,1271.0,117.0,1172.0,65.72,293.0,4,392,98.0,138,47,"Groin Strain, Back Injury, Knee Injury, Hamstring Injury",2025-10-07,179.0,0.4,1,1,0,0,1.07,90,0,0.0,16443,0.073,0.579,0.348,4.24,215377,90.7,1,3.82,4886,1772,9966,19.59,24.52,49.84,5,Rising,0.0,0.0150602409638554,5,0.0150602409638554,21633.0,3605.5,-1.5999999999999996,11.64,1.87,72.89156626506025,19.6,16.791117225063644,0,Emerging,25.165900969882596,0.0,0.0,0.1443,9.520497,42.71491325301205,37.617456626506026,207.45465397286088,22-25,12,1.0,0.8,0.1,0.2,0.935,0.3,0.6685000000000001,1,2,High,0.999,Very High,Likely (6 months)
PL0544,Gerald Beard,Austria,LW,Monaco,25,2001-01-17,Right,2029-04-03,3,440,41476,155,111,1208.0,613.0,52.78,677.0,682.0,7.04,7,61,4,62.9,94.3,85.79,643.0,783.0,1271.0,94.0,756.0,72.12,246.0,3,386,128.7,156,109,"Achilles Injury, Concussion, Hamstring Injury",2023-07-26,983.0,0.3,0,1,0,0,1.06,76,0,0.235,9851,0.269,0.513,0.217,9.0,80418,57.7,1,8.66,9019,3649,6002,82.45,104.35,144.91,5,Rising,0.3522727272727273,0.2522727272727272,266,0.6045454545454545,265.87179487179486,370.32142857142856,-0.0999999999999996,15.8,1.66,82.72727272727272,32.175,212.01035454923397,1,Prime,0.0,0.135595,19.448333940793503,0.3587,5.0535630000000005,48.58285454545455,70.14392818391754,58.217920366033006,22-25,51,0.1,0.8,0.9,0.2,0.83,0.7,0.5030000000000001,0,1,Medium,0.0,Low,Possible (1 year)
PL0545,Michael Hill,Austria,RB,Crystal Palace,20,2006-12-22,Both,2030-04-03,4,418,26858,12,37,914.5,427.0,46.795,425.0,459.0,7.08,2,57,4,209.0,64.3,80.9,1423.0,429.0,574.0,94.0,756.0,72.12,246.0,7,972,138.9,174,71,"Calf Injury, Shoulder Injury, Hip Injury, Fracture",2025-12-09,116.0,0.7,0,0,0,1,2.66,178,0,0.278,15500,0.253,0.431,0.316,13.38,127131,20.9,1,4.57,4099,184,18357,21.89,28.82,74.22,6,Rising,0.0287081339712918,0.0885167464114832,49,0.1172248803827751,2066.0,706.7894736842105,0.3000000000000007,10.36,4.0600000000000005,57.41626794258373,17.3625,75.05003696919718,0,Emerging,31.65829145728643,0.058102,35.8895410015396,0.3466,6.6805,42.56845358851674,86.99853829656776,185.9696530734676,18-21,18,0.6,0.3,0.1,0.2,2.0300000000000002,0.5,0.5580000000000002,1,2,High,0.996,Very High,Likely (6 months)
PL0546,Adam Vaughan,Iran,CM,Real Madrid,24,2002-03-08,Both,2028-04-03,2,239,36004,62,68,914.5,427.0,46.795,303.0,584.0,7.23,6,12,3,39.8,150.6,84.86,522.0,783.0,1271.0,94.0,756.0,72.12,246.0,4,245,61.2,132,34,"Back Injury, Knee Injury, Achilles Injury, Calf Injury",2023-12-18,838.0,0.4,1,0,0,0,0.67,60,0,0.225,5579,0.189,0.447,0.364,13.6,70921,1.4,1,9.5,6739,2602,1808,82.96,97.57,81.53,4,Rising,0.2594142259414226,0.2845188284518828,130,0.5439330543933054,571.4920634920635,521.7971014492754,5.8,10.78,1.4700000000000002,74.89539748953975,12.24,142.21450586945173,0,Prime,17.61089681774349,0.00315,26.39844880944859,0.3522999999999999,2.4938130000000003,46.75967949790795,80.03751296312686,55.692805500128586,22-25,45,0.1,0.8,0.9,0.2,0.7350000000000001,0.5,0.4735000000000001,0,1,Medium,0.0,Low,Possible (1 year)
PL0547,Bradley Cortez,Ecuador,LW,Inter Milan,19,2007-05-26,Left,2030-04-03,4,392,40697,193,121,701.0,660.0,52.3,343.0,459.0,7.11,1,28,0,392.0,103.8,85.79,643.0,783.0,1271.0,94.0,756.0,72.12,246.0,5,529,105.8,148,31,"Shoulder Injury, Concussion, Hip Injury, Knee Injury, Back Injury",2026-03-16,19.0,0.5,1,0,0,0,1.45,102,1,0.284,30290,0.332,0.4,0.268,3.05,192480,80.7,1,3.16,3746,333,7695,46.2,56.24,9.39,1,Rising,0.4923469387755102,0.3086734693877551,314,0.8010204081632653,209.77835051546396,333.58196721311475,7.2,8.84,5.45,73.9795918367347,17.633333333333333,158.3970629500644,0,Emerging,21.731601731601728,0.2291879999999999,8.937976445887857,0.3648,12.116,45.73351836734695,45.37372385250526,96.89304738844692,18-21,47,0.1,0.3,0.3,0.2,2.725,0.7,0.5025000000000001,0,1,Medium,0.001,Low,Possible (1 year)
PL0548,John Chang,Slovakia,LB,Sevilla,19,2007-10-08,Left,2028-04-03,2,266,27886,18,36,914.5,427.0,46.795,425.0,459.0,7.45,1,69,2,266.0,104.8,84.51,1217.0,777.0,1959.0,94.0,756.0,72.12,246.0,1,133,133.0,133,133,Groin Strain,2024-07-02,641.0,0.1,0,0,0,0,0.36,25,0,0.54,1819,0.516,0.288,0.196,5.05,19336,17.9,0,7.77,2454,4343,9182,31.49,42.14,24.93,2,Rising,0.0676691729323308,0.1353383458646616,54,0.2030075187969924,1467.6842105263158,753.6756756756756,1.0999999999999996,6.32,0.56,90.6015037593985,66.5,53.98185619369618,0,Emerging,33.82026040012703,0.09666,20.470475784253185,0.5909,0.0,50.366100751879706,74.76876405231963,155.02031625693974,18-21,14,0.6,0.3,0.1,0.2,0.28,0.5,0.38300000000000006,0,1,Medium,0.0,Low,Possible (1 year)
PL0549,Michael Brewer,Poland,CM,Villarreal,23,2003-01-03,Both,2030-04-03,4,392,17882,41,38,914.5,427.0,46.795,301.0,303.0,7.2,5,59,6,78.4,45.6,84.86,558.0,783.0,1271.0,94.0,756.0,72.12,246.0,15,1264,84.3,159,31,"Ligament Damage, Shoulder Injury, Calf Injury, Hip Injury, Knee Injury, Groin Strain, Back Injury, Achilles Injury, Fracture",2023-04-24,1076.0,1.5,1,0,0,1,3.46,193,0,0.245,10014,0.23,0.378,0.393,10.26,118222,91.4,0,8.68,6299,1297,5535,49.14,66.82,61.1,3,Rising,0.1045918367346938,0.096938775510204,79,0.2015306122448979,425.7619047619048,458.5128205128205,-1.9000000000000004,12.84,6.46,50.765306122448976,5.26875,168.47687604688667,0,Emerging,35.97883597883597,0.22393,23.155800317948767,0.3782,0.0,42.2774612244898,62.95243108916806,84.3188297257475,22-25,55,0.1,0.8,0.3,0.2,3.23,0.5,0.6330000000000001,1,2,High,1.0,Very High,Likely (6 months)
PL0550,John Mcguire,Mexico,CB,Barcelona,23,2003-01-21,Left,2027-04-04,1,189,33103,20,27,914.5,427.0,46.795,425.0,459.0,7.58,5,71,1,37.8,175.1,78.57,1449.0,864.0,1477.0,94.0,756.0,72.12,246.0,8,621,77.6,171,10,"Ligament Damage, Muscle Injury, Concussion, Knee Injury, ACL Injury, Groin Strain, Meniscus Tear, Fracture",2025-04-18,351.0,0.8,1,0,1,1,1.7,102,0,0.553,10114,0.555,0.319,0.127,8.65,130528,8.0,0,4.44,6892,408,2170,63.12,80.82,33.12,1,Rising,0.1058201058201058,0.1428571428571428,47,0.2486772486772486,1576.3333333333333,1182.25,1.9000000000000004,8.78,5.3,46.03174603174603,8.622222222222222,54.101853968658354,0,Emerging,28.04182509505703,0.04424,44.11189842598295,0.5683,0.0,42.41894920634921,96.77732224214904,66.15556644783095,22-25,32,0.3,0.8,0.6,0.2,2.65,0.4,0.68,1,2,High,1.0,Very High,Likely (6 months)
PL0551,Brandon Walker,Switzerland,RW,Inter Miami,24,2002-07-21,Left,2029-04-03,3,350,26161,79,64,1437.0,369.0,35.22,303.0,299.0,7.74,6,44,0,58.3,74.7,85.79,643.0,783.0,1271.0,94.0,756.0,72.12,246.0,8,655,81.9,164,26,"Muscle Injury, Shoulder Injury, Calf Injury, Hamstring Injury, Back Injury, Achilles Injury, Meniscus Tear",2026-01-02,92.0,0.8,0,1,0,1,1.79,132,0,0.308,42459,0.275,0.435,0.29,10.28,493923,61.2,1,4.02,8474,917,12643,102.79,134.82,229.53,6,Rising,0.2257142857142857,0.1828571428571428,143,0.4085714285714286,327.0125,402.4769230769231,5.6,13.0,3.39,62.285714285714285,9.1,264.3122418934597,0,Prime,31.160618737231232,0.188496,33.7404594660809,0.3589,18.469665,46.734942857142855,87.19816062769277,45.02836772053459,22-25,7,1.0,0.8,0.9,0.2,1.695,0.7,0.9045,1,3,Very High,1.0,Very High,Very Likely (now)
PL0552,Michael Torres,Germany,CM,Al Hilal,25,2001-04-07,Right,2031-04-03,5,192,32895,37,100,914.5,427.0,46.795,340.0,733.0,7.0,7,68,5,27.4,171.3,80.31,613.0,783.0,1271.0,94.0,756.0,72.12,246.0,13,1414,108.8,179,21,"Muscle Injury, Ligament Damage, Shoulder Injury, Concussion, Hip Injury, ACL Injury, Groin Strain, Back Injury, Achilles Injury",2025-07-25,253.0,1.3,0,0,1,1,3.87,241,0,0.406,8961,0.34,0.441,0.219,7.41,129014,54.6,1,3.59,7810,1859,5033,51.16,70.27,53.37,2,Rising,0.1927083333333333,0.5208333333333334,137,0.7135416666666666,865.6578947368421,325.6930693069307,-1.8000000000000007,10.84,8.47,0.0,7.771428571428571,219.2530773951649,1,Prime,0.0,0.221676,27.37923842000089,0.4121,3.951801,30.9922,59.62495763000134,59.41756134969326,22-25,10,1.0,0.8,0.3,0.2,4.235,0.5,1.0,1,3,Very High,1.0,Very High,Very Likely (now)
PL0553,Kevin Kennedy,Brazil,RB,Celta Vigo,31,1995-11-09,Right,2031-04-03,5,317,22836,25,8,914.5,427.0,46.795,425.0,459.0,7.29,10,65,8,31.7,72.0,90.37,1458.0,899.0,752.0,94.0,756.0,72.12,246.0,20,1844,92.2,168,24,"Ligament Damage, Hip Injury, Ankle Injury, Knee Injury, ACL Injury, Hamstring Injury, Groin Strain, Back Injury, Achilles Injury, Meniscus Tear",2024-10-17,534.0,2.0,1,1,1,1,5.05,354,0,0.486,6414,0.515,0.394,0.091,5.56,118361,77.4,0,6.15,5777,2229,8531,13.63,15.73,42.63,5,Declining,0.0788643533123028,0.0252365930599369,33,0.1041009463722397,878.3076923076923,2537.333333333333,-4.5,16.34,10.0,0.0,4.390476190476191,58.41320259765632,0,Experienced,0.0,0.376164,23.688199959672712,0.5316,0.0,33.491200000000006,52.27789993950907,228.9213943950786,30-33,34,0.3,0.7,0.1,0.2,5.0,0.5,0.8300000000000001,1,3,Very High,1.0,Very High,Very Likely (now)
PL0554,Joseph Coleman,Germany,ST,LA Galaxy,23,2003-01-07,Left,2031-04-03,5,188,37133,229,95,1436.0,268.0,54.97,357.0,536.0,6.99,5,66,4,37.6,197.5,85.79,643.0,783.0,1271.0,94.0,756.0,72.12,246.0,6,466,77.7,149,32,"Muscle Injury, Ligament Damage, Knee Injury, Hamstring Injury, Groin Strain, Meniscus Tear",2024-11-24,496.0,0.6,1,1,0,1,1.28,66,0,0.386,5684,0.43,0.403,0.166,2.2,67985,17.2,1,5.64,492,1433,8191,82.03,95.14,145.59,4,Rising,1.2180851063829787,0.5053191489361702,324,1.7234042553191489,161.44782608695652,386.8020833333333,-0.5999999999999996,8.76,2.48,64.8936170212766,11.1,351.5506242909573,0,Emerging,15.981957820309642,0.0663919999999999,7.341831976131993,0.4592,2.290652,43.60912340425532,47.85730966632565,52.52212863333171,22-25,42,0.1,0.8,0.9,0.2,1.24,0.7,0.544,0,1,Medium,0.0,Low,Possible (1 year)
PL0555,Patrick Rivera,Canada,CB,Marseille,21,2005-03-19,Left,2028-04-03,2,223,18159,14,10,914.5,427.0,46.795,425.0,459.0,6.36,3,11,2,74.3,81.4,81.08,1186.0,582.0,1307.0,94.0,756.0,72.12,246.0,7,862,123.1,176,18,"Ligament Damage, Shoulder Injury, Muscle Injury, Concussion, Calf Injury, ACL Injury",2023-08-27,951.0,0.7,0,0,1,1,2.36,140,0,0.154,1368,0.236,0.535,0.229,12.93,15739,9.4,1,5.87,3933,1871,6727,21.46,24.54,28.81,3,Rising,0.0627802690582959,0.0448430493273542,24,0.1076233183856502,1210.6,1650.8181818181818,6.9,7.46,5.76,37.21973094170403,15.3875,36.787889295545256,0,Emerging,14.352283317800552,0.014476,14.380263932030866,0.2841,0.73188,34.9441461883408,47.5224689922167,155.5839100104221,18-21,43,0.1,0.5,0.1,0.2,2.88,0.4,0.498,0,1,Medium,0.003,Low,Possible (1 year)
PL0556,Michael Nelson,Germany,CB,PSG,26,2000-07-25,Left,2028-04-03,2,249,27209,14,31,914.5,427.0,46.795,425.0,459.0,7.59,8,36,0,31.1,109.3,85.95,710.0,737.0,1620.0,94.0,756.0,72.12,246.0,12,1222,101.8,169,15,"Ligament Damage, Concussion, Hip Injury, Knee Injury, Groin Strain, Back Injury, Meniscus Tear",2023-08-15,963.0,1.2,1,0,0,1,3.35,223,0,0.508,10977,0.407,0.332,0.261,6.12,96949,81.0,0,2.54,9150,1408,9791,58.79,67.02,69.73,2,Stable,0.0562248995983935,0.1244979919678714,45,0.180722891566265,1813.9333333333332,850.28125,6.4,12.98,5.75,10.441767068273094,7.8307692307692305,100.78098842894248,1,Prime,0.0,0.41148,28.92467119324051,0.4843,0.0,36.01295341365462,69.89348349668808,60.23240243126714,26-29,24,0.6,0.8,0.6,0.2,2.875,0.4,0.8075000000000001,1,3,Very High,1.0,Very High,Very Likely (now)
PL0557,David Martinez,Switzerland,CM,Bayern Munich,21,2005-06-02,Both,2027-04-04,1,213,21554,14,53,914.5,427.0,46.795,552.0,694.0,7.87,3,31,7,71.0,101.2,80.86,679.0,783.0,1271.0,94.0,756.0,72.12,246.0,6,472,78.7,129,14,"Concussion, Calf Injury, ACL Injury, Hamstring Injury, Groin Strain",2025-03-31,369.0,0.6,0,1,1,1,1.29,86,0,0.569,14214,0.399,0.333,0.268,8.6,214234,54.9,0,4.21,3065,439,16879,67.93,89.21,26.87,1,Rising,0.0657276995305164,0.2488262910798122,67,0.3145539906103286,1436.9333333333334,399.14814814814815,-0.0999999999999996,7.26,4.49,59.624413145539904,11.242857142857144,58.224634665572914,0,Emerging,31.326365376122457,0.3123809999999999,46.79095026805802,0.5228,0.0,45.90248262910799,100.0,66.59289515321048,18-21,13,0.6,0.5,0.6,0.2,2.245,0.5,0.6945000000000001,1,2,High,1.0,Very High,Likely (6 months)
PL0558,Corey Wilson,South Korea,CDM,Marseille,22,2004-10-25,Left,2031-04-03,5,238,18820,95,78,914.5,427.0,46.795,465.0,550.0,7.78,4,43,8,59.5,79.1,89.46,581.0,783.0,1271.0,94.0,756.0,72.12,246.0,2,223,111.5,173,50,"Ankle Injury, Concussion",2024-09-28,553.0,0.2,0,0,0,0,0.61,34,0,0.48,9944,0.358,0.326,0.316,7.1,50254,97.2,0,2.42,7146,1411,11149,59.54,73.47,44.39,3,Rising,0.3991596638655462,0.3277310924369748,173,0.726890756302521,196.04166666666663,238.22784810126583,-2.3000000000000007,8.76,1.01,85.71428571428572,37.16666666666666,255.16669718741431,0,Emerging,23.39603627813235,0.46656,31.37004425190975,0.4584,0.0,50.93165714285715,90.5008949492932,84.12893482467318,22-25,53,0.1,0.5,0.6,0.2,0.505,0.4,0.3355,0,0,Low,0.0,Low,Unlikely
PL0559,Joshua Gill,Egypt,CB,Porto,19,2007-11-09,Right,2030-04-03,4,430,40185,23,45,914.5,427.0,46.795,425.0,459.0,7.39,1,76,4,430.0,93.5,87.35,1068.0,839.0,818.0,94.0,756.0,72.12,246.0,8,686,85.8,179,22,"Muscle Injury, Calf Injury, Hip Injury, Knee Injury, Hamstring Injury, Back Injury",2024-07-09,634.0,0.8,1,1,0,0,1.88,135,0,0.533,11953,0.385,0.344,0.271,14.83,84125,75.0,0,6.4,3895,4971,9877,31.73,37.94,104.63,6,Rising,0.0534883720930232,0.1046511627906976,68,0.1581395348837209,1674.375,873.5869565217391,-1.5999999999999996,9.6,3.48,68.6046511627907,9.533333333333331,108.78655427284724,0,Emerging,19.571383548692083,0.39975,74.21290463733217,0.5239,0.0,46.24873023255814,100.0,141.30378928370953,18-21,50,0.1,0.3,0.1,0.2,1.74,0.4,0.3440000000000001,0,0,Low,0.0,Low,Unlikely
PL0560,Cody Robinson,Portugal,CDM,Galatasaray,18,2008-07-14,Both,2028-04-03,2,305,23612,12,75,914.5,427.0,46.795,289.0,694.0,6.95,1,61,0,305.0,77.4,84.27,721.0,783.0,1271.0,94.0,756.0,72.12,246.0,4,356,89.0,148,50,"Ankle Injury, Concussion, Hamstring Injury",2025-05-17,322.0,0.4,0,1,0,0,0.98,67,0,0.133,5994,0.231,0.459,0.31,2.6,97911,48.6,1,6.4,2589,2013,18587,22.75,27.69,24.44,3,Rising,0.0393442622950819,0.2459016393442623,87,0.2852459016393442,1816.3076923076924,310.6842105263158,3.9,7.1,1.78,78.0327868852459,17.8,38.99927686270525,0,Emerging,21.71428571428572,0.064638,3.008003913128226,0.2946999999999999,2.751246,45.415957377049175,43.65998455821693,191.22508369283864,18-21,6,1.0,0.3,0.1,0.2,0.89,0.4,0.5740000000000001,1,2,High,0.998,Very High,Likely (6 months)
PL0561,John Hardy,Netherlands,GK,Napoli,30,1996-02-25,Left,2031-04-03,5,393,32888,1,2,914.5,427.0,46.795,425.0,459.0,7.34,10,41,7,39.3,83.7,85.79,643.0,783.0,1271.0,53.0,551.0,74.44,212.0,12,1180,98.3,178,8,"Muscle Injury, Ligament Damage, Shoulder Injury, Concussion, Calf Injury, Knee Injury, Hamstring Injury, Meniscus Tear",2023-06-26,1013.0,1.2,1,1,0,1,3.23,257,0,0.227,4069,0.311,0.526,0.163,14.65,61798,23.2,1,6.78,5912,2154,7097,17.88,23.77,12.73,1,Stable,0.0025445292620865,0.005089058524173,3,0.0076335877862595,16444.0,10962.666666666666,-1.0999999999999996,17.86,5.63,34.605597964376585,7.561538461538461,76.62715058298569,0,Experienced,0.0,0.052664,27.63997054485497,0.3467,2.140294,40.54651959287531,70.47321561372011,214.7591080131108,30-33,27,0.3,0.5,0.1,0.2,2.815,0.3,0.5515000000000001,1,2,High,0.998,Very High,Likely (6 months)
PL0562,William Warren,Argentina,CDM,Marseille,27,1999-05-05,Right,2030-04-03,4,258,19430,99,89,914.5,427.0,46.795,335.0,717.0,7.13,9,52,4,28.7,75.3,85.36,609.0,783.0,1271.0,94.0,756.0,72.12,246.0,5,554,110.8,165,23,"Muscle Injury, Calf Injury, Hamstring Injury, Achilles Injury, Fracture",2025-07-04,274.0,0.5,0,1,0,1,1.52,98,0,0.321,7811,0.393,0.424,0.183,6.63,100513,19.1,1,9.87,8664,3415,8544,60.49,69.26,92.53,3,Stable,0.3837209302325581,0.3449612403100775,188,0.7286821705426356,194.3,215.88888888888889,0.8000000000000007,14.16,2.52,62.01550387596899,18.466666666666665,207.3904402131904,1,Prime,0.0,0.061311,19.07621145511586,0.4602,3.311864,44.6755007751938,65.9120675702707,72.65490449698129,26-29,57,0.1,0.8,0.6,0.2,1.26,0.4,0.4710000000000001,0,1,Medium,0.0,Low,Possible (1 year)
PL0563,Douglas Garcia,Scotland,RW,Aston Villa,25,2001-06-04,Left,2027-04-04,1,211,23246,71,104,1385.0,267.0,50.5,258.0,596.0,7.13,7,65,2,30.1,110.2,85.79,643.0,783.0,1271.0,94.0,756.0,72.12,246.0,15,1328,88.5,177,13,"Ligament Damage, Shoulder Injury, Muscle Injury, Concussion, Calf Injury, Ankle Injury, ACL Injury, Hamstring Injury, Groin Strain, Fracture",2024-02-13,781.0,1.5,0,1,1,1,3.64,299,0,0.411,25189,0.419,0.419,0.162,9.68,143630,31.9,1,1.18,1037,2281,16949,65.55,87.24,150.78,6,Rising,0.3364928909952606,0.4928909952606635,175,0.8293838862559242,322.8611111111111,221.3904761904762,1.5,11.22,8.64,0.0,5.53125,56.18467249121602,1,Prime,0.0,0.131109,40.31872144239828,0.4180999999999999,10.554191,31.6002,78.99818216359742,47.48339594290008,22-25,22,0.6,0.8,0.6,0.2,4.32,0.7,0.982,1,3,Very High,1.0,Very High,Very Likely (now)
PL0564,Cory Perez,Croatia,RB,Al Ahli,22,2004-05-04,Left,2028-04-03,2,362,29004,3,26,914.5,427.0,46.795,425.0,459.0,7.44,4,72,6,90.5,80.1,81.3,1158.0,421.0,1130.0,94.0,756.0,72.12,246.0,6,573,95.5,160,49,"Ligament Damage, Shoulder Injury, Calf Injury, Knee Injury, Groin Strain, Back Injury",2025-09-26,190.0,0.6,1,0,0,0,1.57,134,0,0.502,6861,0.468,0.374,0.157,3.53,47195,21.1,0,5.39,1816,536,1903,37.01,48.43,97.95,6,Rising,0.0082872928176795,0.0718232044198895,29,0.080110497237569,7251.0,1074.2222222222222,-3.1999999999999997,11.24,2.77,62.98342541436464,13.642857142857142,63.4445378764273,0,Emerging,30.85652526344232,0.105922,15.6539425091508,0.5203,0.0,45.64528508287293,60.763556305162666,120.08756927880276,22-25,12,1.0,0.5,0.1,0.2,1.385,0.5,0.6735,1,2,High,1.0,Very High,Likely (6 months)
PL0565,Christopher Smith,Slovakia,RW,Chelsea,20,2006-09-18,Left,2031-04-03,5,279,28581,140,133,881.0,493.0,39.86,368.0,494.0,6.69,2,51,6,139.5,102.4,85.79,643.0,783.0,1271.0,94.0,756.0,72.12,246.0,1,167,167.0,167,167,Achilles Injury,2025-03-08,392.0,0.1,0,0,0,0,0.46,23,0,0.166,18122,0.231,0.452,0.318,3.39,110106,12.5,1,9.46,261,292,6767,58.8,66.09,94.38,6,Rising,0.5017921146953405,0.4767025089605735,273,0.978494623655914,202.70212765957447,213.2910447761194,-1.0999999999999996,7.58,0.66,91.75627240143368,83.5,251.99532742055695,0,Emerging,12.39795918367348,0.02075,5.517630319864767,0.3399,8.191144,47.30705448028674,50.60997271994052,79.10878675633234,18-21,30,0.3,0.3,0.6,0.2,0.33,0.7,0.37800000000000006,0,1,Medium,0.0,Low,Possible (1 year)
PL0566,Joseph Hill,Tunisia,CM,Crystal Palace,20,2006-06-18,Right,2027-04-04,1,222,19498,20,30,914.5,427.0,46.795,226.0,208.0,7.84,2,29,0,111.0,87.8,87.02,704.0,783.0,1271.0,94.0,756.0,72.12,246.0,3,202,67.3,85,39,"Achilles Injury, Concussion",2025-06-04,304.0,0.3,0,0,0,0,0.55,37,0,0.544,12239,0.517,0.304,0.18,5.6,235246,39.6,0,7.07,8075,1754,15891,61.88,70.94,155.66,4,Rising,0.09009009009009,0.1351351351351351,50,0.2252252252252252,928.4761904761904,628.9677419354839,7.1,6.44,1.15,83.33333333333334,16.825,53.03901653327914,0,Emerging,14.64124111182934,0.215424,28.67413202360043,0.5826,0.0,50.479866666666666,85.95113136873398,80.27968617472435,18-21,50,0.1,0.3,0.6,0.2,0.575,0.5,0.3125,0,0,Low,0.0,Low,Possible (1 year)
PL0567,William Tran,Egypt,GK,Porto,21,2005-01-10,Left,2030-04-03,4,150,28940,0,0,914.5,427.0,46.795,425.0,459.0,7.08,3,55,1,50.0,192.9,85.79,643.0,783.0,1271.0,57.0,698.0,81.72,287.0,0,0,0.0,0,0,,2023-06-26,614.0,0.0,0,0,0,0,0.0,0,0,0.188,5555,0.212,0.548,0.24,7.75,46033,37.8,1,1.52,4887,3899,8828,23.62,30.62,52.4,4,Rising,0.0,0.0,0,0.0,28940.0,28940.0,3.5,6.0,0.0,100.0,0.0,80.98135556018444,0,Emerging,29.635901778154107,0.071064,12.56317730654476,0.2443999999999999,3.0441400000000005,50.0088,63.849165959817135,203.12266450040616,18-21,9,1.0,0.5,0.1,0.2,0.0,0.3,0.515,0,1,Medium,0.001,Low,Possible (1 year)
PL0568,Michael Martinez,Mexico,CM,Barcelona,23,2003-10-17,Right,2028-04-03,2,200,21613,49,62,914.5,427.0,46.795,169.0,302.0,7.98,5,10,3,40.0,108.1,92.95,284.0,783.0,1271.0,94.0,756.0,72.12,246.0,8,781,97.6,179,52,"Shoulder Injury, Concussion, Calf Injury, Groin Strain, Back Injury, Meniscus Tear",2024-12-03,487.0,0.8,0,0,0,1,2.14,143,0,0.336,5184,0.344,0.361,0.295,8.72,42304,63.9,0,4.2,2275,4420,19389,89.47,111.23,119.32,4,Rising,0.245,0.31,111,0.555,432.26,343.06349206349205,6.0,9.0,3.74,28.5,10.844444444444443,153.37429894093356,0,Emerging,24.321001453001013,0.214704,25.061144321534776,0.4074,0.0,40.23480000000001,70.22911648230217,44.47308500055268,22-25,41,0.1,0.8,0.9,0.2,1.87,0.5,0.5870000000000002,1,2,High,1.0,Very High,Likely (6 months)
PL0569,Sean Henry,Netherlands,CB,AC Milan,25,2001-05-10,Right,2029-04-03,3,237,26307,33,11,914.5,427.0,46.795,425.0,459.0,6.98,7,46,2,33.9,111.0,86.62,947.0,907.0,1096.0,94.0,756.0,72.12,246.0,5,506,101.2,141,33,"Ligament Damage, Shoulder Injury, Hip Injury, Calf Injury, ACL Injury",2026-01-18,76.0,0.5,0,0,1,1,1.39,104,0,0.295,465,0.323,0.469,0.209,3.52,2452,39.6,1,7.97,5483,4007,14655,44.76,50.86,32.88,3,Rising,0.1392405063291139,0.0464135021097046,44,0.1856540084388185,773.7352941176471,2192.25,3.4000000000000004,11.74,4.39,56.11814345991561,16.866666666666667,115.09500872800132,1,Prime,0.0,0.11682,6.380122362476071,0.4008,0.2180849999999999,42.29322869198312,41.93679788970567,92.42401374996312,22-25,11,1.0,0.8,0.3,0.2,2.195,0.4,0.8345000000000001,1,3,Very High,1.0,Very High,Very Likely (now)
PL0570,Shane Andrews,Portugal,RW,Marseille,24,2002-07-09,Right,2030-04-03,4,203,30449,185,134,932.0,361.0,47.87,727.0,248.0,7.29,6,38,4,33.8,150.0,85.79,643.0,783.0,1271.0,94.0,756.0,72.12,246.0,8,686,85.8,150,51,"Muscle Injury, Shoulder Injury, Calf Injury, Ankle Injury, Hamstring Injury, Back Injury, Fracture",2025-02-10,418.0,0.8,0,1,0,1,1.88,141,0,0.272,30517,0.248,0.448,0.304,2.67,457650,9.9,1,2.77,7798,4336,2477,90.4,120.59,231.81,5,Rising,0.9113300492610836,0.6600985221674877,319,1.5714285714285714,163.70430107526883,225.54814814814816,2.2,10.06,3.48,30.541871921182263,9.533333333333331,309.9371101880048,0,Prime,33.396017699115035,0.026928,7.499206494748509,0.3213,13.671616,37.92297438423646,43.25029693424099,41.491219238770746,22-25,36,0.3,0.8,0.9,0.2,1.74,0.7,0.664,1,2,High,1.0,Very High,Likely (6 months)
PL0571,John Alexander,Poland,CAM,Marseille,21,2005-05-08,Left,2030-04-03,4,196,29090,53,105,914.5,427.0,46.795,505.0,366.0,7.04,3,75,4,65.3,148.4,86.14,663.0,783.0,1271.0,94.0,756.0,72.12,246.0,0,0,0.0,0,0,,2023-06-26,614.0,0.0,0,0,0,0,0.0,0,0,0.244,5252,0.3,0.388,0.312,6.4,64664,88.6,0,2.41,8540,1934,7415,54.98,66.11,111.22,5,Rising,0.2704081632653061,0.5357142857142857,158,0.8061224489795918,538.7037037037037,274.4339622641509,-1.5,6.92,0.0,100.0,0.0,188.49936192628877,0,Emerging,20.24372499090579,0.216184,13.377531696081707,0.3341,0.0,50.2122,65.17239754412256,89.69667738478029,18-21,24,0.6,0.5,0.3,0.2,0.0,0.6,0.435,0,1,Medium,0.0,Low,Possible (1 year)
PL0572,Cody Williams,Egypt,GK,Atletico Madrid,30,1996-02-05,Left,2029-04-03,3,225,34913,2,3,914.5,427.0,46.795,425.0,459.0,7.07,10,36,3,22.5,155.2,85.79,643.0,783.0,1271.0,93.0,640.0,78.5,258.0,23,2537,110.3,169,9,"Ligament Damage, Muscle Injury, Shoulder Injury, Calf Injury, Ankle Injury, Knee Injury, Hamstring Injury, Groin Strain, Back Injury, Achilles Injury, Meniscus Tear, Fracture",2023-05-29,1041.0,2.3,1,1,0,1,6.95,595,0,0.072,13544,0.122,0.554,0.324,3.76,209563,84.9,1,1.38,8903,2882,6367,10.82,13.01,20.04,3,Stable,0.0088888888888888,0.0133333333333333,5,0.0222222222222222,11637.666666666666,8728.25,3.4000000000000004,14.5,10.0,0.0,4.595833333333333,27.82234125194313,0,Experienced,0.0,0.061128,2.575568560103436,0.1684,7.503376,31.5168,19.621752840155157,266.6395939086294,30-33,49,0.1,0.5,0.1,0.2,5.0,0.3,0.7000000000000001,1,3,Very High,1.0,Very High,Very Likely (now)
PL0573,Todd Woods,Croatia,CB,Tottenham,25,2001-07-26,Both,2029-04-03,3,386,18373,11,7,914.5,427.0,46.795,425.0,459.0,6.49,7,67,2,55.1,47.6,90.25,562.0,360.0,1703.0,94.0,756.0,72.12,246.0,5,600,120.0,172,77,"Ligament Damage, Concussion, Back Injury",2023-09-26,921.0,0.5,0,0,0,0,1.64,118,0,0.0,14508,0.094,0.536,0.371,11.16,79111,8.4,1,6.57,9969,4054,10180,37.84,50.21,76.67,5,Rising,0.0284974093264248,0.0181347150259067,18,0.0466321243523316,1531.0833333333333,2296.625,1.3000000000000007,14.72,2.64,69.43005181347151,20.0,97.30105295503957,1,Prime,0.0,0.0,0.0,0.1867,7.776288,43.1634103626943,36.301705181347145,111.13133461043844,22-25,59,0.1,0.8,0.1,0.2,1.32,0.4,0.402,0,1,Medium,0.0,Low,Possible (1 year)
PL0574,Rodney Morales,Georgia,LB,Chelsea,23,2003-10-05,Both,2029-04-03,3,226,37183,6,23,914.5,427.0,46.795,425.0,459.0,7.23,5,65,6,45.2,164.5,86.11,1081.0,1004.0,1155.0,94.0,756.0,72.12,246.0,9,756,84.0,171,11,"Shoulder Injury, Calf Injury, Hip Injury, Knee Injury, Hamstring Injury, Achilles Injury, Fracture",2025-01-19,440.0,0.9,1,1,0,1,2.07,175,0,0.29,4549,0.301,0.456,0.243,10.5,81168,3.7,1,7.85,752,4767,13864,41.92,57.92,54.0,2,Rising,0.0265486725663716,0.1017699115044247,29,0.1283185840707964,5311.857142857143,1549.2916666666667,-2.5,9.52,3.87,22.56637168141593,8.4,107.79228699458928,0,Emerging,38.167938931297705,0.01073,25.647677248872508,0.3936,2.074344,36.12447433628319,68.79375304145036,84.16699519171293,22-25,44,0.1,0.8,0.3,0.2,1.935,0.5,0.5035000000000001,0,1,Medium,0.0,Low,Possible (1 year)
PL0575,Benjamin Soto,Mali,GK,Atletico Madrid,24,2002-06-06,Left,2030-04-03,4,181,34612,2,5,914.5,427.0,46.795,425.0,459.0,7.36,6,14,5,30.2,191.2,85.79,643.0,783.0,1271.0,110.0,1146.0,74.99,207.0,6,581,96.8,129,33,"Ligament Damage, Muscle Injury, Concussion, ACL Injury, Hamstring Injury",2024-05-11,693.0,0.6,0,1,1,1,1.59,87,0,0.324,1777,0.299,0.457,0.244,14.7,17851,47.9,1,5.06,6406,820,1226,27.03,30.0,44.56,3,Rising,0.011049723756906,0.0276243093922651,7,0.0386740331491712,11537.333333333334,5768.666666666667,3.6,9.62,4.79,51.93370165745856,13.828571428571427,92.67256734935586,0,Prime,10.98779134295227,0.155196,35.64119650487653,0.3784999999999999,0.8120890000000001,42.50774033149172,85.13566492306065,151.65087524613529,22-25,32,0.3,0.8,0.1,0.2,2.395,0.3,0.5695000000000001,1,2,High,0.997,Very High,Likely (6 months)
PL0576,Anthony Hernandez,Mali,RB,Everton,22,2004-10-26,Left,2028-04-03,2,230,26305,14,27,914.5,427.0,46.795,425.0,459.0,7.34,4,59,2,57.5,114.4,89.78,535.0,350.0,564.0,94.0,756.0,72.12,246.0,8,788,98.5,176,12,"Shoulder Injury, Concussion, Calf Injury, Hip Injury, Ankle Injury, ACL Injury, Groin Strain",2025-02-04,424.0,0.8,0,0,1,1,2.16,159,0,0.4,15633,0.284,0.37,0.345,13.81,172306,90.4,0,7.56,1682,469,17202,32.17,42.23,42.95,2,Rising,0.0608695652173913,0.117391304347826,41,0.1782608695652174,1753.6666666666667,939.4642857142856,2.1,8.6,5.76,30.869565217391298,10.944444444444445,55.14754886475727,0,Emerging,31.271370842399737,0.3616,53.34639107770224,0.4468,0.0,38.14751304347826,100.0,115.00606886788742,22-25,15,0.6,0.5,0.1,0.2,2.88,0.5,0.683,1,2,High,1.0,Very High,Very Likely (now)
PL0577,Justin Torres,Mali,CB,Newcastle,21,2005-06-04,Left,2031-04-03,5,404,28688,27,55,914.5,427.0,46.795,425.0,459.0,7.27,3,64,5,134.7,71.0,89.42,1062.0,760.0,772.0,94.0,756.0,72.12,246.0,6,561,93.5,154,11,"Muscle Injury, Concussion, Hip Injury, Hamstring Injury, Meniscus Tear",2023-12-19,837.0,0.6,0,1,0,1,1.54,106,0,0.464,658,0.346,0.369,0.284,14.56,6386,62.5,0,3.5,3615,309,15725,36.34,50.51,27.75,1,Rising,0.0668316831683168,0.1361386138613861,82,0.2029702970297029,1024.571428571429,512.2857142857143,-1.4000000000000004,11.08,2.74,73.76237623762376,13.357142857142858,155.73996936161635,0,Emerging,38.99284534947714,0.29,43.85028968333342,0.4505999999999999,0.0,46.94967524752475,100.0,125.735605911957,18-21,31,0.3,0.5,0.1,0.2,1.37,0.4,0.41700000000000004,0,1,Medium,0.0,Low,Possible (1 year)
PL0578,Xavier Wilson,Sweden,GK,PSG,22,2004-11-25,Right,2031-04-03,5,395,32065,2,1,914.5,427.0,46.795,425.0,459.0,6.32,4,52,2,98.8,81.2,85.79,643.0,783.0,1271.0,40.0,568.0,81.22,312.0,3,311,103.7,131,86,"Ankle Injury, Achilles Injury, Hamstring Injury",2024-10-10,541.0,0.3,0,1,0,0,0.85,55,0,0.222,4105,0.335,0.464,0.201,12.31,48622,45.4,1,1.62,7052,4770,19473,23.31,28.92,64.63,6,Rising,0.0050632911392405,0.0025316455696202,3,0.0075949367088607,10688.333333333334,16032.5,2.8,11.9,1.45,86.07594936708861,25.925,99.89814765600651,0,Emerging,24.06692406692408,0.1007879999999999,22.73762152835551,0.3127,1.90472,45.50058987341773,73.95672722924212,187.16820186514903,22-25,24,0.6,0.5,0.1,0.2,0.725,0.3,0.4475,0,1,Medium,0.0,Low,Possible (1 year)
PL0579,Phillip Obrien,USA,CAM,Al Ittihad,25,2001-05-27,Left,2027-04-04,1,201,20798,40,85,914.5,427.0,46.795,292.0,707.0,7.13,7,11,5,28.7,103.5,91.79,384.0,783.0,1271.0,94.0,756.0,72.12,246.0,14,1249,89.2,157,15,"Muscle Injury, Ligament Damage, Concussion, Ankle Injury, ACL Injury, Hamstring Injury, Groin Strain, Back Injury, Achilles Injury, Meniscus Tear, Fracture",2024-02-24,770.0,1.4,0,1,1,1,3.42,255,0,0.123,12572,0.122,0.5,0.378,6.01,76087,3.2,1,5.84,5536,3651,18416,61.45,70.3,138.85,5,Rising,0.1990049751243781,0.4228855721393035,125,0.6218905472636815,507.2682926829268,241.8372093023256,3.9,11.02,8.219999999999999,0.0,5.946666666666667,52.67045193875247,1,Prime,0.0,0.003936,6.977818866737778,0.2442,6.286,31.2124,29.63292830010667,49.97982385908726,22-25,44,0.1,0.8,0.6,0.2,4.109999999999999,0.6,0.776,1,3,Very High,1.0,Very High,Very Likely (now)
PL0580,Richard Perez,Tunisia,CAM,Manchester United,18,2008-05-08,Both,2029-04-03,3,355,42421,88,67,914.5,427.0,46.795,151.0,545.0,6.8,1,28,5,355.0,119.5,81.36,713.0,783.0,1271.0,94.0,756.0,72.12,246.0,8,919,114.9,172,25,"Ligament Damage, ACL Injury, Hamstring Injury, Groin Strain, Back Injury, Achilles Injury, Meniscus Tear",2024-02-05,789.0,0.8,0,1,1,1,2.52,156,0,0.367,14948,0.439,0.458,0.103,7.01,256182,69.4,1,5.94,1192,4582,4904,38.26,49.53,39.05,3,Rising,0.2478873239436619,0.1887323943661971,155,0.4366197183098591,476.6404494382023,623.8382352941177,2.2,8.1,6.12,56.05633802816901,12.766666666666667,98.38103292969907,0,Emerging,29.456351280710933,0.254698,24.729532302624406,0.4463,6.846184,40.92386760563381,65.31623225675352,104.23807337145648,18-21,8,1.0,0.3,0.1,0.2,3.06,0.6,0.8110000000000002,1,3,Very High,1.0,Very High,Very Likely (now)
PL0581,Joseph Hayes,Slovenia,RW,Chelsea,19,2007-02-15,Left,2031-04-03,5,428,24260,165,75,1482.0,401.0,43.7,240.0,615.0,8.14,1,80,4,428.0,56.7,85.79,643.0,783.0,1271.0,94.0,756.0,72.12,246.0,5,336,67.2,138,11,"Knee Injury, Achilles Injury, Meniscus Tear, Hamstring Injury",2025-06-19,289.0,0.5,1,1,0,1,0.92,76,0,0.671,58237,0.503,0.238,0.259,9.31,851429,53.4,0,4.3,2796,2165,19121,97.72,121.16,215.83,6,Rising,0.3855140186915888,0.175233644859813,240,0.5607476635514018,146.14457831325302,319.2105263157895,-2.0,9.56,1.92,82.24299065420561,11.2,418.7922346179733,0,Emerging,23.9869013507982,0.358314,68.54402622804339,0.6147,0.0,52.14999813084113,100.0,52.82617314712432,18-21,50,0.1,0.3,0.9,0.2,0.96,0.7,0.416,0,1,Medium,0.0,Low,Possible (1 year)
PL0582,Jeremy Dalton,Brazil,GK,Sevilla,18,2008-09-28,Both,2030-04-03,4,287,28456,0,2,914.5,427.0,46.795,425.0,459.0,6.82,1,63,7,287.0,99.1,85.79,643.0,783.0,1271.0,82.0,418.0,71.92,132.0,8,933,116.6,173,28,"Muscle Injury, Concussion, Hip Injury, Calf Injury, Hamstring Injury, Back Injury, Achilles Injury, Meniscus Tear",2025-06-07,301.0,0.8,0,1,0,1,2.56,223,0,0.387,5664,0.447,0.31,0.243,8.89,36809,69.6,0,7.1,9279,2792,12255,11.01,15.4,20.19,3,Rising,0.0,0.0069686411149825,2,0.0069686411149825,28456.0,9485.333333333334,-3.3000000000000007,6.74,4.16,22.29965156794425,12.955555555555556,37.74787149524261,0,Emerging,39.87284287011808,0.269352,29.73240996344424,0.4979,0.0,34.08373031358885,73.32048010196078,283.7945904545284,18-21,18,0.6,0.3,0.1,0.2,2.08,0.3,0.5430000000000001,0,1,Medium,0.001,Low,Possible (1 year)
PL0583,William Torres,Austria,ST,Lyon,18,2008-09-20,Both,2027-04-04,1,462,22867,110,131,856.0,660.0,40.29,867.0,189.0,7.87,1,42,6,462.0,49.5,85.79,643.0,783.0,1271.0,94.0,756.0,72.12,246.0,7,673,96.1,141,19,"Ligament Damage, Muscle Injury, Ankle Injury, ACL Injury, Hamstring Injury, Groin Strain",2023-11-21,865.0,0.7,0,1,1,1,1.84,123,0,0.345,11161,0.4,0.36,0.24,13.69,89824,53.0,0,4.32,6711,4097,914,55.84,70.06,145.77,4,Rising,0.238095238095238,0.2835497835497835,241,0.5216450216450217,206.00900900900905,173.2348484848485,-0.1999999999999993,10.24,5.24,73.37662337662337,12.0125,47.86196967062552,0,Emerging,25.46561604584527,0.18285,44.02010326077995,0.4292,0.0,49.06172467532468,100.0,86.31549028030379,18-21,55,0.1,0.3,0.3,0.2,2.62,0.7,0.49200000000000005,0,1,Medium,0.0,Low,Possible (1 year)
PL0584,Marc Lynch,Central African Republic,CDM,Napoli,27,1999-06-06,Both,2031-04-03,5,315,16340,77,49,914.5,427.0,46.795,263.0,241.0,6.86,9,10,6,35.0,51.9,92.38,660.0,783.0,1271.0,94.0,756.0,72.12,246.0,6,623,103.8,167,61,"Ligament Damage, Shoulder Injury, ACL Injury, Back Injury, Meniscus Tear",2024-11-20,500.0,0.6,0,0,1,1,1.71,118,0,0.212,2355,0.273,0.432,0.295,9.12,44343,9.5,1,7.75,137,89,2136,50.73,56.51,134.89,6,Stable,0.2444444444444444,0.1555555555555555,126,0.4,209.48717948717947,326.8,3.0,15.3,4.91,62.53968253968254,14.828571428571427,217.41025442253152,1,Prime,0.0,0.0201399999999999,15.012621290082963,0.3578,1.01736,43.72353650793652,54.56070018909271,84.52259135499037,26-29,33,0.3,0.8,0.3,0.2,2.455,0.4,0.6155,1,2,High,1.0,Very High,Likely (6 months)
PL0585,Patrick Meza,Senegal,GK,Villarreal,25,2001-11-13,Both,2029-04-03,3,162,15993,1,4,914.5,427.0,46.795,425.0,459.0,6.85,7,49,0,23.1,98.7,85.79,643.0,783.0,1271.0,144.0,959.0,80.98,108.0,3,348,116.0,179,25,"Ankle Injury, Groin Strain",2024-03-06,759.0,0.3,0,0,0,0,0.95,77,0,0.311,2655,0.307,0.406,0.287,3.94,44108,99.5,1,1.46,7027,2608,1522,25.79,34.6,6.74,1,Rising,0.0061728395061728,0.0246913580246913,5,0.0308641975308641,7996.5,3198.6,5.1,10.24,1.5499999999999998,52.46913580246913,29.0,66.31591320587923,1,Prime,0.0,0.309445,9.6612869814941,0.3499,1.07793,40.64162716049383,51.71274405248808,151.70446868418753,22-25,25,0.3,0.8,0.1,0.2,0.7749999999999999,0.3,0.4075000000000001,0,1,Medium,0.0,Low,Possible (1 year)
PL0586,Daniel Clark,South Korea,CM,Al Nassr,22,2004-05-08,Right,2031-04-03,5,434,35211,37,88,914.5,427.0,46.795,297.0,765.0,7.89,4,59,8,108.5,81.1,90.14,440.0,783.0,1271.0,94.0,756.0,72.12,246.0,6,399,66.5,129,19,"Muscle Injury, Calf Injury, Hip Injury, Achilles Injury, Fracture",2023-09-03,944.0,0.6,0,0,0,1,1.09,86,0,0.45,21597,0.432,0.353,0.214,4.1,345436,50.3,0,9.09,5105,1310,15058,67.58,83.59,121.42,4,Rising,0.0852534562211981,0.2027649769585253,125,0.2880184331797235,926.6052631578948,395.6292134831461,-3.9,12.68,2.29,80.18433179723502,9.5,289.6232011408374,0,Emerging,23.690440958863576,0.2263499999999999,18.41375681408254,0.5299,0.0,51.192666359447,68.63696840084731,74.64664094407554,22-25,33,0.3,0.5,0.6,0.2,1.145,0.5,0.47950000000000004,0,1,Medium,0.004,Low,Possible (1 year)
PL0587,Matthew Moore,Czech Republic,LW,Barcelona,19,2007-12-19,Both,2028-04-03,2,338,21107,169,108,810.0,214.0,48.7,281.0,486.0,7.56,1,71,0,338.0,62.4,85.79,643.0,783.0,1271.0,94.0,756.0,72.12,246.0,6,558,93.0,179,41,"Ligament Damage, Muscle Injury, ACL Injury, Hamstring Injury, Back Injury, Fracture",2023-05-27,1043.0,0.6,0,1,1,1,1.53,118,0,0.56,42520,0.509,0.293,0.198,12.7,594774,89.6,0,4.37,9874,3985,6586,79.13,96.63,48.18,1,Rising,0.5,0.3195266272189349,277,0.8195266272189349,124.15882352941176,193.6422018348624,2.9000000000000004,7.76,4.73,65.0887573964497,13.285714285714286,135.64891332509302,0,Emerging,22.11550612915456,0.50176,75.79794182892415,0.5618,0.0,45.93335147928994,100.0,57.32353859888924,18-21,13,0.6,0.3,0.9,0.2,2.365,0.7,0.7315,1,3,Very High,1.0,Very High,Very Likely (now)
PL0588,Christopher Jones,Georgia,LB,Sevilla,23,2003-11-19,Left,2031-04-03,5,200,17755,18,15,914.5,427.0,46.795,425.0,459.0,7.48,5,36,2,40.0,88.8,83.82,998.0,987.0,1026.0,94.0,756.0,72.12,246.0,10,1227,122.7,173,74,"Muscle Injury, Shoulder Injury, Calf Injury, Ankle Injury, ACL Injury, Groin Strain, Back Injury, Achilles Injury",2025-03-11,389.0,1.0,0,0,1,1,3.36,289,0,0.495,8123,0.522,0.401,0.077,7.79,155106,50.9,1,8.52,9279,2043,16070,30.14,41.58,9.48,1,Rising,0.09,0.075,33,0.165,934.4736842105264,1109.6875,4.4,9.0,7.359999999999999,0.0,11.154545454545454,129.16903347713583,0,Emerging,37.95620437956204,0.251955,34.7143905988284,0.5596000000000001,3.2573230000000004,32.839200000000005,73.7711858982426,105.45664739884396,22-25,46,0.1,0.8,0.1,0.2,3.6799999999999997,0.5,0.6480000000000001,1,2,High,1.0,Very High,Likely (6 months)
PL0589,Aaron Hayes,Canada,LB,Crystal Palace,22,2004-02-10,Left,2030-04-03,4,335,16698,20,24,914.5,427.0,46.795,425.0,459.0,7.41,4,10,3,83.8,49.8,90.23,540.0,378.0,818.0,94.0,756.0,72.12,246.0,7,627,89.6,128,14,"Calf Injury, Ankle Injury, Hamstring Injury, Back Injury, Achilles Injury, Fracture",2026-02-17,46.0,0.7,0,1,0,1,1.72,150,0,0.516,1982,0.426,0.388,0.186,11.68,14157,64.8,0,6.31,7147,4109,15259,36.18,45.18,11.99,1,Rising,0.0597014925373134,0.0716417910447761,44,0.1313432835820895,795.1428571428571,667.92,6.0,10.7,3.12,55.223880597014926,11.2,124.04341423232314,0,Emerging,24.875621890547265,0.334368,45.758279572653386,0.5197,0.0,43.86417611940298,100.0,117.97788090210592,22-25,44,0.1,0.5,0.1,0.2,1.56,0.5,0.37600000000000006,0,1,Medium,0.0,Low,Possible (1 year)
PL0590,Kirk Carter,Slovakia,CM,West Ham,20,2006-05-11,Left,2030-04-03,4,213,41715,44,42,914.5,427.0,46.795,541.0,316.0,7.25,2,78,7,106.5,195.8,85.87,324.0,783.0,1271.0,94.0,756.0,72.12,246.0,6,614,102.3,159,27,"Groin Strain, Muscle Injury, Knee Injury, Calf Injury",2023-08-14,964.0,0.6,1,0,0,0,1.68,113,0,0.161,8764,0.193,0.535,0.272,3.39,81874,22.4,1,1.18,1103,1342,11675,40.54,56.53,20.61,1,Rising,0.2065727699530516,0.1971830985915492,86,0.4037558685446009,927.0,970.1162790697674,-4.800000000000001,6.26,2.88,46.948356807511736,14.614285714285714,138.99170848475347,0,Emerging,39.44252590034535,0.036064,4.954966411778568,0.2271,4.688740000000001,40.09587136150235,41.72038529841903,96.52352277684724,18-21,6,1.0,0.3,0.1,0.2,1.44,0.5,0.639,1,2,High,0.998,Very High,Likely (6 months)
PL0591,David Mann,Ivory Coast,LW,Borussia Dortmund,22,2004-08-04,Left,2030-04-03,4,431,19300,153,110,969.0,285.0,42.13,294.0,511.0,6.72,4,34,8,107.8,44.8,85.79,643.0,783.0,1271.0,94.0,756.0,72.12,246.0,3,345,115.0,166,22,"Meniscus Tear, Hamstring Injury",2025-12-30,95.0,0.3,0,1,0,1,0.95,85,0,0.131,4843,0.116,0.57,0.315,7.32,53043,49.4,1,4.17,7969,54,14546,62.48,76.18,124.38,4,Rising,0.3549883990719257,0.2552204176334107,263,0.6102088167053364,125.32467532467533,173.87387387387386,-1.4000000000000004,12.62,1.5499999999999998,80.2784222737819,28.75,214.2131708467537,0,Emerging,21.92701664532652,0.064714,8.136911924693017,0.2149,2.76051,45.88948445475639,52.05011011441772,72.2896730541216,22-25,8,1.0,0.5,0.6,0.2,0.7749999999999999,0.7,0.7074999999999999,1,3,Very High,1.0,Very High,Very Likely (now)
PL0592,Michael Gibson,Serbia,CAM,Porto,22,2004-05-02,Right,2027-04-04,1,308,39967,12,99,914.5,427.0,46.795,182.0,288.0,6.74,4,78,3,77.0,129.8,82.11,550.0,783.0,1271.0,94.0,756.0,72.12,246.0,4,336,84.0,111,15,"Ankle Injury, Muscle Injury, ACL Injury, Back Injury",2024-11-25,495.0,0.4,0,0,1,1,0.92,66,0,0.029,9811,0.136,0.591,0.273,10.95,64152,43.0,1,7.67,5437,125,13649,51.71,63.04,161.51,6,Rising,0.0389610389610389,0.3214285714285714,111,0.3603896103896103,3074.3846153846152,399.67,-0.8000000000000007,10.16,3.72,78.57142857142857,16.8,44.3220353092415,0,Emerging,21.910655579191644,0.01247,2.9187168142779045,0.2109,5.798301,45.12808571428572,39.50211807855972,85.6157953221129,22-25,18,0.6,0.5,0.3,0.2,1.86,0.6,0.621,1,2,High,0.999,Very High,Likely (6 months)
PL0593,Michael Bradshaw,USA,LB,Villarreal,24,2002-11-26,Right,2028-04-03,2,395,38315,24,6,914.5,427.0,46.795,425.0,459.0,6.86,6,75,6,65.8,97.0,89.1,1096.0,1173.0,1297.0,94.0,756.0,72.12,246.0,13,1308,100.6,175,53,"Ligament Damage, Concussion, Hip Injury, Ankle Injury, Hamstring Injury, Achilles Injury, Meniscus Tear",2026-01-19,75.0,1.3,0,1,0,1,3.58,252,0,0.364,10318,0.455,0.387,0.158,9.4,145611,2.4,0,3.65,8484,4537,3499,31.76,35.66,23.16,2,Rising,0.060759493670886,0.0151898734177215,30,0.0759493670886076,1532.6,5473.571428571428,-3.5,13.9,6.18,36.20253164556962,7.185714285714285,54.44470475426456,0,Prime,12.27959697732996,0.0087359999999999,31.62154488951193,0.4412,0.0,38.34290632911393,74.24377049882487,117.04183861145889,22-25,33,0.3,0.8,0.1,0.2,3.09,0.5,0.659,1,2,High,1.0,Very High,Likely (6 months)
PL0594,Richard Weber,Czech Republic,CDM,Al Hilal,24,2002-09-06,Right,2029-04-03,3,288,21689,34,99,914.5,427.0,46.795,546.0,695.0,7.96,6,39,7,48.0,75.3,87.62,268.0,783.0,1271.0,94.0,756.0,72.12,246.0,9,727,80.8,177,14,"Muscle Injury, Shoulder Injury, Ligament Damage, Knee Injury, ACL Injury, Achilles Injury, Meniscus Tear",2023-06-12,1027.0,0.9,1,0,1,1,1.99,175,0,0.485,11144,0.419,0.398,0.184,4.18,203460,3.5,0,7.64,5211,2069,2554,78.44,101.11,48.26,2,Rising,0.1180555555555555,0.34375,133,0.4618055555555556,619.6857142857143,216.89,-0.9000000000000004,11.76,5.79,39.23611111111112,8.08,201.69911717212744,0,Prime,28.90107088220296,0.016975,18.891894264150825,0.5165,0.0,43.07222222222222,58.29395250733735,54.21981649323039,22-25,54,0.1,0.8,0.9,0.2,2.895,0.4,0.6795000000000002,1,2,High,1.0,Very High,Likely (6 months)
PL0595,Matthew Peck,Russia,CB,Juventus,18,2008-07-21,Right,2028-04-03,2,435,38758,31,29,914.5,427.0,46.795,425.0,459.0,6.35,1,67,3,435.0,89.1,80.79,1059.0,957.0,1255.0,94.0,756.0,72.12,246.0,6,411,68.5,147,27,"Hip Injury, ACL Injury, Groin Strain, Back Injury, Meniscus Tear, Fracture",2024-09-15,566.0,0.6,0,0,1,1,1.13,83,0,0.046,4623,0.096,0.523,0.381,7.47,84540,12.6,1,4.77,4732,3195,15515,18.0,24.81,41.39,4,Rising,0.0712643678160919,0.0666666666666666,60,0.1379310344827586,1211.1875,1291.9333333333334,0.3000000000000007,9.7,4.33,80.91954022988506,9.785714285714286,30.856570704558,0,Emerging,37.83333333333332,0.005796,2.899814475305228,0.1903,2.417829,43.90450804597702,37.64197573594635,231.07635813672115,18-21,30,0.3,0.3,0.1,0.2,2.165,0.4,0.4565,0,1,Medium,0.0,Low,Possible (1 year)
PL0596,Jeffery Stephens,Iran,CB,Sevilla,22,2004-12-20,Right,2028-04-03,2,151,32208,24,6,914.5,427.0,46.795,425.0,459.0,7.39,4,50,7,37.8,213.3,83.82,1162.0,964.0,1193.0,94.0,756.0,72.12,246.0,6,560,93.3,127,26,"Concussion, Hip Injury, Knee Injury, Back Injury, Meniscus Tear",2023-12-20,836.0,0.6,1,0,0,1,1.53,112,0,0.543,5848,0.511,0.331,0.158,7.67,31120,69.4,0,1.97,5849,318,6254,41.09,53.07,94.84,5,Rising,0.1589403973509933,0.0397350993377483,30,0.1986754966887417,1288.32,4601.142857142857,-2.0,7.02,2.73,25.82781456953643,13.328571428571427,70.43869390279379,0,Emerging,29.155512290094904,0.376842,36.12567016443297,0.5240000000000001,0.0,37.17756291390729,87.3172867036031,88.32873108554831,22-25,38,0.1,0.5,0.1,0.2,1.365,0.4,0.34650000000000003,0,0,Low,0.0,Low,Unlikely
PL0597,Matthew Kerr,Georgia,GK,Chelsea,24,2002-01-23,Left,2028-04-03,2,171,17893,0,4,914.5,427.0,46.795,425.0,459.0,6.82,6,80,8,28.5,104.6,85.79,643.0,783.0,1271.0,106.0,974.0,78.02,169.0,9,1116,124.0,178,7,"Ligament Damage, Shoulder Injury, Hip Injury, Ankle Injury, ACL Injury, Back Injury, Achilles Injury, Meniscus Tear",2026-03-03,32.0,0.9,0,0,1,1,3.06,253,0,0.162,1149,0.119,0.513,0.368,14.88,9647,86.5,1,2.39,1008,3588,12778,26.29,30.44,41.45,3,Rising,0.0,0.023391812865497,4,0.023391812865497,17893.0,3578.6,-6.0,9.42,6.86,0.0,12.4,45.06773576793498,0,Prime,15.785469760365167,0.14013,16.988463113115046,0.2218,0.589437,29.6076,46.56649466967257,108.4924880908758,22-25,43,0.1,0.8,0.1,0.2,3.43,0.3,0.6030000000000001,1,2,High,1.0,Very High,Likely (6 months)
PL0598,Ronald Jones,Ivory Coast,RB,Marseille,23,2003-02-26,Both,2031-04-03,5,324,17424,4,55,914.5,427.0,46.795,425.0,459.0,6.85,5,14,1,64.8,53.8,85.52,1049.0,551.0,1139.0,94.0,756.0,72.12,246.0,7,765,109.3,160,41,"Shoulder Injury, Concussion, Calf Injury, Knee Injury, ACL Injury, Hamstring Injury, Back Injury",2025-05-03,336.0,0.7,1,1,1,1,2.1,138,0,0.188,10512,0.189,0.407,0.404,5.05,152674,27.8,1,6.64,1966,3424,18720,33.54,44.79,17.91,2,Rising,0.0123456790123456,0.1697530864197531,59,0.1820987654320987,3484.8,311.1428571428572,7.6,11.48,5.5,57.407407407407405,13.6625,143.74019186539934,0,Emerging,33.54203935599285,0.052264,8.791793251577692,0.3169,4.278384,41.81128148148148,43.09333061810728,121.05177035750285,22-25,58,0.1,0.8,0.1,0.2,2.75,0.5,0.5550000000000002,1,2,High,0.099,Low,Likely (6 months)
PL0599,Christopher Parker,Iran,LB,Porto,27,1999-08-04,Right,2029-04-03,3,178,23337,10,49,914.5,427.0,46.795,425.0,459.0,6.66,9,62,1,19.8,131.1,91.99,928.0,1135.0,1277.0,94.0,756.0,72.12,246.0,13,1037,79.8,154,7,"Ligament Damage, Shoulder Injury, Muscle Injury, Hip Injury, Calf Injury, Ankle Injury, Knee Injury, Hamstring Injury, Groin Strain, Back Injury",2025-10-06,180.0,1.3,1,1,0,0,2.84,216,0,0.076,4332,0.087,0.607,0.307,11.69,81018,46.6,1,6.99,6091,4588,2421,29.71,34.81,47.72,3,Stable,0.0561797752808988,0.2752808988764045,59,0.3314606741573033,2121.5454545454545,466.74,2.8,12.56,5.44,0.0,5.7,76.3957263027015,1,Prime,0.0,0.0354159999999999,7.439810261290604,0.205,2.629524,29.562,35.06071539193591,96.26180397264734,26-29,11,1.0,0.8,0.1,0.2,2.72,0.5,0.8670000000000001,1,3,Very High,1.0,Very High,Very Likely (now)
PL0600,Paul Carroll,Slovenia,CAM,Al Hilal,24,2002-06-20,Both,2030-04-03,4,451,28120,19,83,914.5,427.0,46.795,528.0,515.0,6.54,6,46,5,75.2,62.4,83.9,223.0,783.0,1271.0,94.0,756.0,72.12,246.0,8,671,83.9,131,15,"Shoulder Injury, Calf Injury, Knee Injury, ACL Injury, Back Injury, Achilles Injury, Fracture",2023-06-15,1024.0,0.8,1,0,1,1,1.84,138,0,0.031,10116,0.088,0.518,0.394,3.5,107962,80.6,1,8.72,9276,3202,9919,57.41,76.18,19.16,1,Rising,0.0421286031042128,0.1840354767184035,102,0.2261640798226164,1406.0,334.7619047619048,0.4000000000000003,15.02,5.44,69.40133037694014,9.322222222222225,196.83063601651935,0,Prime,32.694652499564555,0.0249859999999999,1.000584011498339,0.2224,5.240088,43.48906607538804,32.36540905494153,74.45482978152378,22-25,49,0.1,0.8,0.6,0.2,2.72,0.6,0.637,1,2,High,0.987,Very High,Likely (6 months)
PL0601,Dylan Martinez,Ecuador,CB,Bayer Leverkusen,20,2006-06-12,Right,2030-04-03,4,244,36824,7,60,914.5,427.0,46.795,425.0,459.0,6.43,2,24,1,122.0,150.9,86.39,681.0,837.0,1734.0,94.0,756.0,72.12,246.0,2,196,98.0,123,73,"Achilles Injury, Calf Injury",2024-07-24,619.0,0.2,0,0,0,0,0.54,32,0,0.05,12328,0.117,0.522,0.361,2.39,63698,73.5,1,6.99,8254,118,12133,21.13,29.53,27.92,2,Rising,0.0286885245901639,0.2459016393442623,67,0.2745901639344262,4603.0,603.672131147541,6.6,6.88,0.94,86.88524590163934,32.666666666666664,72.44437099859005,0,Emerging,39.75390440132514,0.03675,1.1256552840392922,0.2206,6.4352160000000005,44.91424918032787,42.26560751622287,202.9563903313505,18-21,50,0.1,0.3,0.1,0.2,0.47,0.4,0.217,0,0,Low,0.0,Low,Unlikely
PL0602,Michael Lyons,Ecuador,RW,Arsenal,19,2007-10-03,Both,2028-04-03,2,305,40465,115,65,653.0,387.0,46.53,796.0,230.0,6.82,1,45,4,305.0,132.7,85.79,643.0,783.0,1271.0,94.0,756.0,72.12,246.0,0,0,0.0,0,0,,2023-06-26,614.0,0.0,0,0,0,0,0.0,0,0,0.391,17126,0.348,0.389,0.263,8.91,314129,26.7,0,1.83,3228,2865,19424,53.91,64.69,77.98,4,Rising,0.3770491803278688,0.2131147540983606,180,0.5901639344262295,348.83620689655174,613.1060606060606,1.5,7.1,0.0,100.0,0.0,92.4154292601512,0,Emerging,19.996290113151552,0.104397,33.961613274924694,0.4013,0.0,49.5026,95.69371991238704,90.15224913494812,18-21,37,0.1,0.3,0.3,0.2,0.0,0.7,0.23000000000000004,0,0,Low,0.0,Low,Unlikely
PL0603,Tommy Mason,Mali,CM,Manchester City,24,2002-02-06,Left,2029-04-03,3,461,40934,79,30,914.5,427.0,46.795,445.0,762.0,6.95,6,80,4,76.8,88.8,91.31,759.0,783.0,1271.0,94.0,756.0,72.12,246.0,5,438,87.6,162,33,"Achilles Injury, ACL Injury, Hip Injury, Hamstring Injury",2025-04-29,340.0,0.5,0,1,1,1,1.2,108,0,0.271,88178,0.299,0.43,0.272,4.25,1675823,56.1,1,6.37,6639,2069,10477,78.19,97.09,165.3,4,Rising,0.1713665943600867,0.0650759219088937,109,0.2364425162689804,511.675,1320.451612903226,-2.0,15.22,4.2,76.57266811279827,14.6,201.05627194911585,0,Prime,24.17188898836169,0.152031,13.115120203375971,0.3758,37.91654,46.91013362255966,54.727747116343785,59.237446170677686,22-25,50,0.1,0.8,0.9,0.2,2.1,0.5,0.6100000000000001,1,2,High,0.999,Very High,Likely (6 months)
PL0604,Johnny Miller,Switzerland,RW,Bayern Munich,18,2008-07-20,Left,2028-04-03,2,221,28526,222,144,483.0,519.0,53.38,630.0,245.0,7.58,1,44,0,221.0,129.1,85.79,643.0,783.0,1271.0,94.0,756.0,72.12,246.0,3,438,146.0,172,130,"Groin Strain, Muscle Injury, Achilles Injury",2025-10-18,168.0,0.3,0,0,0,0,1.2,96,0,0.367,6438,0.295,0.416,0.289,2.82,40629,80.0,1,9.56,7419,3025,2675,54.45,73.74,55.85,3,Rising,1.004524886877828,0.6515837104072398,366,1.6561085972850678,127.91928251121077,196.73103448275864,5.6,5.42,1.7999999999999998,56.56108597285068,36.5,93.34112638128796,0,Emerging,35.426997245179045,0.2935999999999999,9.076556818290369,0.4477,2.678208,43.61161719457014,51.82064382472062,78.65034660878293,18-21,52,0.1,0.3,0.3,0.2,0.8999999999999999,0.7,0.32,0,0,Low,0.0,Low,Unlikely
PL0605,Andrew Reynolds,Germany,CB,Chelsea,23,2003-08-21,Right,2031-04-03,5,220,15752,8,42,914.5,427.0,46.795,425.0,459.0,7.35,5,61,8,44.0,71.6,78.6,408.0,409.0,1476.0,94.0,756.0,72.12,246.0,13,1097,84.4,136,26,"Muscle Injury, Ligament Damage, Concussion, Calf Injury, Hip Injury, Ankle Injury, Hamstring Injury, Groin Strain, Back Injury, Meniscus Tear",2023-04-06,1094.0,1.3,0,1,0,1,3.01,260,0,0.484,3692,0.443,0.346,0.211,4.83,64708,17.3,0,8.22,4476,2107,11152,54.99,63.15,124.32,3,Rising,0.0363636363636363,0.1909090909090909,50,0.2272727272727272,1750.2222222222222,366.3255813953488,-4.1,9.4,5.609999999999999,0.0,6.028571428571429,235.6670587560617,0,Emerging,14.83906164757228,0.083732,19.20248656748913,0.5395000000000001,0.0,32.359,53.7632298512337,57.7942489730309,22-25,26,0.3,0.8,0.3,0.2,2.8049999999999997,0.4,0.6505000000000001,1,2,High,1.0,Very High,Likely (6 months)
PL0606,Frank Wright,Switzerland,RW,Barcelona,29,1997-08-10,Right,2028-04-03,2,224,23960,70,100,907.0,283.0,41.68,389.0,256.0,7.54,10,12,7,22.4,107.0,85.79,643.0,783.0,1271.0,94.0,756.0,72.12,246.0,3,322,107.3,166,60,"Back Injury, Meniscus Tear, Hip Injury",2024-03-19,746.0,0.3,0,0,0,1,0.88,56,0,0.397,15779,0.403,0.375,0.222,10.94,105403,93.8,0,4.75,1561,3299,9284,101.41,132.68,262.6,6,Stable,0.3125,0.4464285714285714,170,0.7589285714285714,337.4647887323944,237.2277227722772,1.8000000000000007,14.48,1.48,75.0,26.825,173.8424908416237,0,Experienced,0.0,0.372386,41.98334336522561,0.4522,0.0,48.96040000000001,100.0,47.80822185333464,26-29,21,0.6,0.5,0.9,0.2,0.74,0.7,0.609,1,2,High,1.0,Very High,Likely (6 months)
PL0607,Brandon Hayden,Iran,LB,Al Ahli,23,2003-01-28,Both,2029-04-03,3,261,37379,10,15,914.5,427.0,46.795,425.0,459.0,6.98,5,44,3,52.2,143.2,78.07,1443.0,544.0,1335.0,94.0,756.0,72.12,246.0,13,1571,120.8,180,21,"Ligament Damage, Muscle Injury, Hip Injury, Ankle Injury, Knee Injury, Back Injury, Achilles Injury, Meniscus Tear",2025-08-21,226.0,1.3,1,0,0,1,4.3,320,0,0.318,1442,0.411,0.462,0.128,7.61,14464,15.1,1,2.27,4387,3733,1482,21.59,26.36,35.33,3,Rising,0.0383141762452107,0.057471264367816,25,0.0957854406130268,3398.090909090909,2336.1875,2.6,10.22,6.9,0.0,8.628571428571428,55.51611345928393,0,Emerging,22.09356183418249,0.048018,17.604095042641593,0.3808,0.666204,30.725600000000007,47.96894256396239,136.01416555998233,22-25,59,0.1,0.8,0.1,0.2,3.45,0.5,0.6250000000000001,1,2,High,1.0,Very High,Likely (6 months)
PL0608,Russell Johnston,Croatia,CAM,Manchester United,22,2004-07-18,Right,2031-04-03,5,432,34142,40,27,914.5,427.0,46.795,258.0,640.0,6.79,4,77,4,108.0,79.0,87.97,597.0,783.0,1271.0,94.0,756.0,72.12,246.0,7,608,86.9,165,31,"Shoulder Injury, Calf Injury, Knee Injury, Groin Strain, Back Injury, Meniscus Tear",2026-01-10,84.0,0.7,1,0,0,1,1.67,93,0,0.294,11130,0.404,0.369,0.227,8.86,73704,58.3,0,4.98,9248,4434,9128,66.93,85.78,167.05,5,Rising,0.0925925925925925,0.0625,67,0.1550925925925926,832.7317073170732,1219.357142857143,-1.6999999999999993,12.64,3.07,78.47222222222223,10.8625,286.8375385077871,0,Emerging,28.1637531749589,0.1714019999999999,24.27056879563385,0.4148,0.0,46.212044444444444,73.371875415673,68.02891865809575,22-25,26,0.3,0.5,0.6,0.2,1.535,0.6,0.5285,0,1,Medium,0.253,Low,Possible (1 year)
PL0609,Trevor Key,England,CAM,Monaco,24,2002-08-14,Both,2030-04-03,4,356,20663,61,95,914.5,427.0,46.795,446.0,621.0,7.42,6,25,6,59.3,58.0,83.74,455.0,783.0,1271.0,94.0,756.0,72.12,246.0,5,399,79.8,143,23,"Shoulder Injury, Calf Injury, Ankle Injury, ACL Injury, Achilles Injury",2025-04-15,354.0,0.5,0,0,1,1,1.09,76,0,0.172,31167,0.297,0.513,0.191,5.2,514904,94.8,1,5.98,2056,1162,13367,79.2,95.68,117.75,5,Rising,0.1713483146067415,0.2668539325842696,156,0.4382022471910112,333.2741935483871,215.23958333333331,1.5,13.12,4.09,78.65168539325843,13.3,271.5378222001104,0,Prime,20.808080808080813,0.1630559999999999,9.25448846144196,0.3151,15.988671,48.66453707865169,50.03400123148878,60.67897391353079,22-25,16,0.6,0.8,0.9,0.2,2.045,0.6,0.7895000000000001,1,3,Very High,1.0,Very High,Very Likely (now)
PL0610,Michael Adams,Portugal,RW,Inter Miami,22,2004-01-26,Both,2028-04-03,2,300,36544,184,88,402.0,317.0,43.11,395.0,409.0,7.64,4,33,1,75.0,121.8,85.79,643.0,783.0,1271.0,94.0,756.0,72.12,246.0,2,195,97.5,162,33,"Muscle Injury, Hip Injury",2023-08-30,948.0,0.2,0,0,0,0,0.53,34,0,0.416,46338,0.412,0.293,0.295,2.18,823665,32.4,0,5.88,9811,147,11003,80.84,111.3,111.03,3,Rising,0.6133333333333333,0.2933333333333333,272,0.9066666666666666,197.53513513513516,410.6067415730337,5.7,10.0,0.93,88.66666666666667,32.5,138.58028754202604,0,Emerging,37.67936665017317,0.134784,9.743282222132922,0.4902,0.0,51.27373333333334,58.39178999986605,62.65118931247964,22-25,42,0.1,0.5,0.9,0.2,0.465,0.7,0.40650000000000003,0,1,Medium,0.0,Low,Possible (1 year)
PL0611,Andrew Avila,Argentina,ST,Newcastle,23,2003-09-10,Right,2028-04-03,2,297,19640,212,30,872.0,455.0,49.9,273.0,554.0,6.64,5,37,4,59.4,66.1,85.79,643.0,783.0,1271.0,94.0,756.0,72.12,246.0,14,961,68.6,157,20,"Ligament Damage, Muscle Injury, Concussion, Hip Injury, Knee Injury, ACL Injury, Hamstring Injury, Groin Strain, Achilles Injury",2025-11-27,128.0,1.4,1,1,1,1,2.63,178,0,0.301,20741,0.235,0.352,0.413,4.82,325342,2.5,0,9.95,9158,970,1780,53.98,65.8,131.05,4,Rising,0.7138047138047138,0.101010101010101,242,0.8148148148148148,92.20657276995306,633.5483870967741,2.3,10.94,7.43,40.06734006734006,4.573333333333333,92.53542703511336,0,Emerging,21.896998888477214,0.007525,14.421028799312538,0.42,0.0,37.601468013468015,45.57227720570282,68.39117499721357,22-25,41,0.1,0.8,0.3,0.2,3.715,0.7,0.7015,1,3,Very High,1.0,Very High,Likely (6 months)
PL0612,John Pearson,Turkey,GK,Real Sociedad,29,1997-09-04,Both,2031-04-03,5,395,17190,2,0,914.5,427.0,46.795,425.0,459.0,6.74,10,53,3,39.5,43.5,85.79,643.0,783.0,1271.0,123.0,615.0,77.19,107.0,5,260,52.0,85,16,"Back Injury, Fracture, Knee Injury, Hamstring Injury",2025-09-12,204.0,0.5,1,1,0,1,0.71,65,0,0.121,8753,0.276,0.517,0.207,12.71,100499,80.2,1,6.31,3120,915,7930,19.92,24.5,50.18,4,Stable,0.0050632911392405,0.0,2,0.0050632911392405,5730.0,17190.0,1.6999999999999993,17.9,1.71,83.54430379746836,8.666666666666666,85.3698456159438,0,Experienced,0.0,0.097042,13.960018181359196,0.2909,4.525301000000001,47.83066075949368,61.43535765178564,228.6360456954765,26-29,40,0.1,0.5,0.1,0.2,0.855,0.3,0.2855000000000001,0,0,Low,0.0,Low,Unlikely
PL0613,Thomas White,Colombia,RB,PSG,22,2004-09-27,Left,2027-04-04,1,378,18231,11,51,914.5,427.0,46.795,425.0,459.0,6.83,4,76,4,94.5,48.2,82.55,652.0,1189.0,1255.0,94.0,756.0,72.12,246.0,0,0,0.0,0,0,,2023-06-26,614.0,0.0,0,0,0,0,0.0,0,0,0.407,1905,0.368,0.342,0.29,2.29,13442,63.6,0,2.45,4861,3573,14880,42.65,54.34,5.88,1,Rising,0.0291005291005291,0.1349206349206349,62,0.164021164021164,1519.25,350.59615384615387,-1.5999999999999996,11.56,0.0,100.0,0.0,36.55646501526107,0,Emerging,27.409144196951942,0.2588519999999999,7.039400845350111,0.4293,0.0,50.49060000000001,55.80440126802517,115.67147766323028,22-25,24,0.6,0.5,0.3,0.2,0.0,0.5,0.425,0,1,Medium,0.0,Low,Possible (1 year)
PL0614,Kevin Walters,Serbia,CAM,PSG,30,1996-07-04,Right,2028-04-03,2,407,37929,35,101,914.5,427.0,46.795,255.0,349.0,7.8,10,41,7,40.7,93.2,85.06,392.0,783.0,1271.0,94.0,756.0,72.12,246.0,24,2540,105.8,176,32,"Muscle Injury, Shoulder Injury, Ligament Damage, Concussion, Calf Injury, Hip Injury, Ankle Injury, Knee Injury, ACL Injury, Hamstring Injury, Achilles Injury, Meniscus Tear",2024-02-15,779.0,2.4,1,1,1,1,6.96,409,0,0.582,20792,0.508,0.231,0.26,10.91,330768,56.6,0,8.78,6596,1350,1889,49.15,68.15,66.41,2,Stable,0.085995085995086,0.2481572481572481,136,0.3341523341523341,1053.5833333333333,371.8529411764706,-1.0999999999999996,18.14,10.0,0.0,4.232,84.25558056272364,0,Experienced,0.0,0.329412,63.13028200698688,0.6268,0.0,36.0816,100.0,71.94735792622134,30-33,25,0.3,0.5,0.3,0.2,5.0,0.6,0.8300000000000001,1,3,Very High,1.0,Very High,Very Likely (now)
PL0615,John Davis,Poland,ST,Al Ahli,28,1998-06-28,Left,2027-04-04,1,420,24275,141,31,916.0,203.0,43.67,362.0,212.0,7.81,10,17,7,42.0,57.8,85.79,643.0,783.0,1271.0,94.0,756.0,72.12,246.0,2,163,81.5,141,22,"Ankle Injury, Concussion",2025-05-12,327.0,0.2,0,0,0,0,0.45,31,0,0.435,25275,0.469,0.4,0.131,5.42,468138,72.4,0,6.39,2920,3234,347,144.27,183.14,400.46,6,Stable,0.3357142857142857,0.0738095238095238,172,0.4095238095238095,170.95070422535213,758.59375,1.3000000000000007,18.4,0.8500000000000001,92.61904761904762,27.166666666666668,123.65770709851618,1,Prime,0.0,0.31494,23.901444530230144,0.4986,0.0,54.44100952380953,81.37267155724999,37.475741394513335,26-29,23,0.6,0.8,0.9,0.2,0.42500000000000004,0.7,0.6375,1,2,High,0.999,Very High,Likely (6 months)
PL0616,Gregory Cook,Georgia,CM,Manchester City,20,2006-12-19,Right,2029-04-03,3,448,25672,36,72,914.5,427.0,46.795,297.0,313.0,6.77,2,11,7,224.0,57.3,81.83,486.0,783.0,1271.0,94.0,756.0,72.12,246.0,2,148,74.0,110,38,"Ankle Injury, Back Injury",2023-12-02,854.0,0.2,0,0,0,0,0.41,37,0,0.337,10310,0.281,0.44,0.279,5.38,118472,41.7,1,7.18,8217,1032,13948,46.25,59.34,37.07,2,Rising,0.0803571428571428,0.1607142857142857,108,0.2410714285714285,693.8378378378378,351.67123287671234,1.9000000000000004,10.96,0.81,91.74107142857144,24.666666666666668,118.92636625715062,0,Emerging,28.30270270270271,0.140529,16.754426841277965,0.4029,4.5364,48.42601428571428,67.72464740477409,102.48891912320484,18-21,52,0.1,0.3,0.3,0.2,0.405,0.5,0.25050000000000006,0,0,Low,0.0,Low,Unlikely
PL0617,Michael Hodge,Scotland,GK,Everton,19,2007-03-20,Left,2028-04-03,2,351,30853,0,4,914.5,427.0,46.795,425.0,459.0,6.78,1,45,7,351.0,87.9,85.79,643.0,783.0,1271.0,98.0,756.0,70.15,214.0,2,73,36.5,45,28,"Concussion, Meniscus Tear",2023-06-17,1022.0,0.2,0,0,0,1,0.2,15,0,0.151,11539,0.29,0.519,0.191,4.74,107095,57.5,1,4.11,1039,2533,7904,16.08,18.97,33.81,3,Rising,0.0,0.0113960113960113,4,0.0113960113960113,30853.0,6170.6,-1.5,8.02,0.6000000000000001,95.72649572649571,12.166666666666666,27.565203162738477,0,Emerging,17.972636815920403,0.0868249999999999,6.694727441304041,0.2847,5.988741,48.43869914529915,53.06144073460564,283.59894113172805,18-21,46,0.1,0.3,0.1,0.2,0.30000000000000004,0.3,0.19,0,0,Low,0.0,Low,Unlikely
PL0618,Gary Steele,Ivory Coast,CDM,Wolverhampton,19,2007-06-18,Both,2029-04-03,3,379,25035,30,81,914.5,427.0,46.795,374.0,425.0,7.67,1,72,6,379.0,66.1,91.76,217.0,783.0,1271.0,94.0,756.0,72.12,246.0,6,748,124.7,173,50,"Concussion, Calf Injury, Ankle Injury, Hamstring Injury, Groin Strain, Back Injury",2023-06-23,1016.0,0.6,0,1,0,0,2.05,179,0,0.588,11560,0.491,0.303,0.206,7.17,118786,52.8,0,2.3,9333,2695,6426,34.22,42.07,90.62,6,Rising,0.079155672823219,0.2137203166226912,111,0.2928759894459103,807.5806451612904,305.3048780487805,-3.1999999999999997,8.58,3.25,52.770448548812666,17.814285714285713,87.99265412583122,0,Emerging,22.939801285797785,0.3104639999999999,39.44196117002941,0.5449,0.0,44.03988970976253,94.68288660992538,125.04227629120538,18-21,54,0.1,0.3,0.1,0.2,1.625,0.4,0.3325,0,0,Low,0.0,Low,Unlikely
PL0619,Dwayne Landry,Egypt,LW,AC Milan,18,2008-12-10,Left,2029-04-03,3,282,33379,160,107,696.0,312.0,40.35,579.0,684.0,6.86,1,22,4,282.0,118.4,85.79,643.0,783.0,1271.0,94.0,756.0,72.12,246.0,1,7,7.0,7,7,Hamstring Injury,2024-04-27,707.0,0.1,0,1,0,0,0.02,1,0,0.333,17168,0.402,0.337,0.261,14.95,341613,89.3,0,9.81,9153,4057,12833,47.5,53.6,12.11,1,Rising,0.5673758865248227,0.3794326241134751,267,0.946808510638298,207.32298136645963,309.06481481481484,3.8,6.64,0.22,99.645390070922,3.5,122.14059237220874,0,Emerging,12.842105263157896,0.297369,48.543197420991234,0.4845000000000001,0.0,49.6660780141844,100.0,102.40428456532868,18-21,19,0.6,0.3,0.3,0.2,0.11,0.7,0.41600000000000004,0,1,Medium,0.0,Low,Possible (1 year)
PL0620,Robert Pierce,Germany,RB,Bayern Munich,19,2007-02-05,Both,2030-04-03,4,414,39696,21,52,914.5,427.0,46.795,425.0,459.0,7.45,1,40,4,414.0,95.9,85.94,1226.0,320.0,628.0,94.0,756.0,72.12,246.0,2,345,172.5,176,169,"Concussion, Hip Injury",2024-04-14,720.0,0.2,0,0,0,0,0.95,80,0,0.264,3244,0.364,0.468,0.168,9.39,55865,93.2,1,4.27,4217,2676,18028,29.71,37.96,94.79,5,Rising,0.0507246376811594,0.1256038647342995,73,0.1763285024154589,1804.3636363636365,748.9811320754717,2.0,9.28,1.35,80.67632850241546,57.5,101.86096840360202,0,Emerging,27.768428138673844,0.246048,20.04207089480841,0.3639,1.518192,48.5190657004831,71.62263919245417,157.99109638711525,18-21,20,0.6,0.3,0.1,0.2,0.675,0.5,0.42250000000000004,0,1,Medium,0.0,Low,Possible (1 year)
PL0621,Jesse Edwards,Ukraine,RB,Villarreal,24,2002-12-28,Right,2028-04-03,2,279,40032,17,53,914.5,427.0,46.795,425.0,459.0,6.99,6,29,0,46.5,143.5,84.96,1485.0,487.0,1785.0,94.0,756.0,72.12,246.0,4,478,119.5,167,40,"Groin Strain, ACL Injury, Ankle Injury, Hamstring Injury",2025-06-10,298.0,0.4,0,1,1,1,1.31,69,0,0.206,10910,0.282,0.525,0.193,4.6,94709,88.5,1,1.33,3692,3072,9089,33.31,45.52,108.52,6,Rising,0.060931899641577,0.1899641577060931,70,0.2508960573476702,2224.0,741.3333333333334,7.1,11.58,4.11,75.26881720430107,23.9,57.101798342712605,0,Prime,36.65565896127289,0.1823099999999999,8.810336332811572,0.2753,5.72775,45.88036344086022,47.93568621964747,133.72300623975582,22-25,36,0.3,0.8,0.1,0.2,2.055,0.5,0.5555000000000001,1,2,High,0.983,Very High,Likely (6 months)
PL0622,Frank Cordova,Guinea,RW,Porto,19,2007-11-13,Right,2030-04-03,4,337,40481,206,123,1259.0,549.0,35.03,398.0,341.0,6.6,1,49,6,337.0,120.1,85.79,643.0,783.0,1271.0,94.0,756.0,72.12,246.0,0,0,0.0,0,0,,2023-06-26,614.0,0.0,0,0,0,0,0.0,0,0,0.203,31232,0.277,0.469,0.253,8.9,420663,92.8,1,2.12,2917,174,14400,37.24,47.21,22.93,1,Rising,0.6112759643916914,0.3649851632047478,329,0.9762611275964392,195.56038647343,326.4596774193548,-0.9000000000000004,7.74,0.0,100.0,0.0,127.67763255974889,0,Emerging,26.772287862513423,0.188384,18.69795475725501,0.2917,14.647808,48.5314,72.31263213588252,126.91265690376568,18-21,6,1.0,0.3,0.1,0.2,0.0,0.7,0.515,0,1,Medium,0.004,Low,Possible (1 year)
PL0623,Jared Robertson,Canada,GK,Everton,21,2005-11-14,Left,2030-04-03,4,214,22410,2,1,914.5,427.0,46.795,425.0,459.0,6.93,3,22,6,71.3,104.7,85.79,643.0,783.0,1271.0,120.0,811.0,76.39,389.0,7,726,103.7,164,39,"Shoulder Injury, Ankle Injury, Knee Injury, Groin Strain, Back Injury, Meniscus Tear, Fracture",2024-04-18,716.0,0.7,1,0,0,1,1.99,114,0,0.277,5821,0.233,0.417,0.35,13.9,65322,14.2,1,5.13,2774,1187,8064,18.78,23.54,17.67,2,Rising,0.0093457943925233,0.0046728971962616,3,0.014018691588785,7470.0,11205.0,1.8000000000000007,7.28,3.39,46.728971962616825,12.9625,64.38737753684435,0,Emerging,25.346112886048974,0.039334,33.379787448313735,0.3486,2.427357,39.21899439252336,82.89917836873228,198.2760080511798,18-21,58,0.1,0.5,0.1,0.2,1.695,0.3,0.36950000000000005,0,1,Medium,0.0,Low,Possible (1 year)
PL0624,William Sandoval,Georgia,CM,Everton,27,1999-07-17,Right,2029-04-03,3,421,36667,35,51,914.5,427.0,46.795,173.0,532.0,7.21,9,40,8,46.8,87.1,91.15,565.0,783.0,1271.0,94.0,756.0,72.12,246.0,6,573,95.5,180,18,"Concussion, Hip Injury, ACL Injury, Hamstring Injury, Meniscus Tear",2025-06-07,301.0,0.6,0,1,1,1,1.57,139,0,0.268,5672,0.223,0.417,0.36,13.78,38804,20.6,1,7.66,5742,2828,15610,73.13,80.57,135.34,3,Stable,0.0831353919239905,0.1211401425178147,86,0.2042755344418052,1018.5277777777778,705.1346153846154,-2.0,17.42,4.77,66.9833729216152,13.642857142857142,188.04508463536047,1,Prime,0.0,0.055208,31.920692847541304,0.3673,2.3652239999999995,46.45527458432304,81.56867656347347,62.667306872147634,26-29,59,0.1,0.8,0.9,0.2,2.385,0.5,0.6385000000000001,1,2,High,1.0,Very High,Likely (6 months)
PL0625,Joshua Gutierrez,Switzerland,LB,Juventus,18,2008-06-19,Left,2027-04-04,1,320,29659,16,32,914.5,427.0,46.795,425.0,459.0,7.46,1,39,6,320.0,92.7,79.44,433.0,1006.0,656.0,94.0,756.0,72.12,246.0,8,535,66.9,148,11,"Ligament Damage, Calf Injury, Hip Injury, Ankle Injury, Hamstring Injury, Achilles Injury, Meniscus Tear",2024-03-31,734.0,0.8,0,1,0,1,1.47,130,0,0.499,17420,0.54,0.275,0.186,14.5,329668,85.0,0,2.21,8520,195,3081,22.86,25.69,74.71,6,Rising,0.05,0.1,48,0.15,1744.6470588235295,898.7575757575758,0.0999999999999996,7.4,3.0700000000000003,59.375,7.433333333333334,19.593922397394326,0,Emerging,12.37970253718286,0.4241499999999999,70.65778073280758,0.5287000000000001,0.0,44.2524,100.0,185.4668901927913,18-21,59,0.1,0.3,0.1,0.2,1.5350000000000001,0.5,0.3335,0,0,Low,0.0,Low,Unlikely
PL0626,Cody Cox,Serbia,CM,Juventus,26,2000-11-23,Both,2029-04-03,3,202,22916,69,72,914.5,427.0,46.795,528.0,747.0,7.16,8,27,3,25.2,113.4,80.94,761.0,783.0,1271.0,94.0,756.0,72.12,246.0,6,690,115.0,162,74,"Shoulder Injury, Calf Injury, ACL Injury, Hamstring Injury, Achilles Injury",2025-10-16,170.0,0.6,0,1,1,1,1.89,162,0,0.434,10620,0.499,0.346,0.155,9.33,110902,91.4,0,2.2,6433,4730,9580,74.16,92.56,60.05,2,Stable,0.3415841584158416,0.3564356435643564,141,0.698019801980198,327.37142857142857,313.9178082191781,4.3,12.04,5.09,19.80198019801979,16.428571428571427,190.6936069541684,1,Prime,0.0,0.396676,37.53865217290942,0.4761000000000001,0.0,35.96059603960396,84.10827627916612,47.84539121820644,26-29,8,1.0,0.8,0.9,0.2,2.545,0.5,0.9695,1,3,Very High,1.0,Very High,Very Likely (now)
PL0627,Peter Garrett,Denmark,LW,Sevilla,21,2005-07-27,Right,2028-04-03,2,279,22458,124,37,474.0,462.0,35.23,801.0,568.0,6.62,3,45,7,93.0,80.5,85.79,643.0,783.0,1271.0,94.0,756.0,72.12,246.0,8,601,75.1,118,16,"Muscle Injury, Ligament Damage, Concussion, Ankle Injury, Groin Strain, Achilles Injury, Meniscus Tear",2023-05-16,1054.0,0.8,0,0,0,1,1.65,147,0,0.062,25063,0.177,0.511,0.313,14.92,440710,28.2,1,3.22,1299,301,7309,37.72,51.79,45.97,3,Rising,0.4444444444444444,0.1326164874551971,161,0.5770609318996416,179.664,591.0,-1.5,8.58,3.25,47.31182795698925,8.344444444444443,64.66165816532931,0,Emerging,37.30116648992577,0.017484,9.36990391269793,0.2079,12.807193000000002,38.07416559139785,46.59193866474582,98.33203923398204,18-21,21,0.6,0.5,0.1,0.2,1.625,0.7,0.5775,1,2,High,0.997,Very High,Likely (6 months)
PL0628,Peter Harris,Portugal,RB,Porto,19,2007-06-18,Left,2031-04-03,5,257,16563,23,20,914.5,427.0,46.795,425.0,459.0,7.0,1,40,0,257.0,64.4,89.08,643.0,395.0,1012.0,94.0,756.0,72.12,246.0,8,1038,129.8,166,95,"Ligament Damage, Concussion, Knee Injury, Hamstring Injury, Groin Strain, Achilles Injury",2025-07-16,262.0,0.8,1,1,0,0,2.84,165,0,0.125,5443,0.112,0.517,0.371,12.89,88319,96.6,1,8.71,918,3527,14029,17.56,22.6,51.47,5,Rising,0.0894941634241245,0.0778210116731517,43,0.1673151750972762,690.125,788.7142857142857,6.0,6.14,4.44,35.797665369649806,14.422222222222224,75.2557474405609,0,Emerging,28.701594533029628,0.12075,13.860406512376596,0.2673,2.814031,36.92213307392996,50.37167630552988,198.93390664832955,18-21,28,0.3,0.3,0.1,0.2,2.22,0.5,0.47200000000000003,0,1,Medium,0.0,Low,Possible (1 year)
PL0629,Joshua Pennington,Kosovo,GK,Real Sociedad,25,2001-11-25,Left,2027-04-04,1,271,22579,2,1,914.5,427.0,46.795,425.0,459.0,7.4,7,72,3,38.7,83.3,85.79,643.0,783.0,1271.0,124.0,1175.0,76.83,103.0,15,1316,87.7,177,9,"Muscle Injury, Shoulder Injury, Calf Injury, Knee Injury, ACL Injury, Hamstring Injury, Groin Strain, Back Injury, Achilles Injury, Meniscus Tear",2023-05-03,1067.0,1.5,1,1,1,1,3.61,270,0,0.406,9613,0.381,0.392,0.227,11.77,150793,9.8,0,6.96,1107,2468,250,26.19,36.61,60.71,5,Rising,0.007380073800738,0.003690036900369,3,0.011070110701107,7526.333333333333,11289.5,-0.1999999999999993,12.42,8.61,0.3690036900368909,5.48125,22.448155187565945,1,Prime,0.0,0.039788,43.824607653214805,0.4679,0.0,33.09360073800738,85.06371184882589,121.71239697685684,22-25,16,0.6,0.8,0.1,0.2,4.305,0.3,0.8655,1,3,Very High,1.0,Very High,Very Likely (now)
PL0630,Jeffrey Wolfe,Senegal,CM,Everton,24,2002-01-04,Left,2028-04-03,2,390,27037,22,31,914.5,427.0,46.795,448.0,715.0,6.92,6,64,5,65.0,69.3,82.98,789.0,783.0,1271.0,94.0,756.0,72.12,246.0,13,1174,90.3,157,19,"Muscle Injury, Shoulder Injury, Ligament Damage, Calf Injury, Hip Injury, Ankle Injury, Knee Injury, ACL Injury, Groin Strain, Back Injury, Fracture",2023-08-07,971.0,1.3,1,0,1,1,3.22,194,0,0.251,14022,0.324,0.502,0.175,4.25,73863,8.5,1,5.92,7780,3946,11530,46.35,56.77,123.43,6,Rising,0.0564102564102564,0.0794871794871794,53,0.1358974358974359,1175.5217391304348,844.90625,-1.4000000000000004,13.8,7.82,50.256410256410255,6.45,79.45566956423684,0,Prime,22.48112189859763,0.021335,10.185813430084906,0.3564,7.039044,41.20408205128206,40.24076117076839,87.02023664473508,22-25,17,0.6,0.8,0.3,0.2,3.91,0.5,0.8760000000000001,1,3,Very High,1.0,Very High,Very Likely (now)
PL0631,Bryan Dudley,Georgia,CAM,Al Nassr,27,1999-04-23,Left,2028-04-03,2,362,40885,67,91,914.5,427.0,46.795,163.0,368.0,6.53,9,45,3,40.2,112.9,89.61,785.0,783.0,1271.0,94.0,756.0,72.12,246.0,12,1147,95.6,175,9,"Ligament Damage, Muscle Injury, Concussion, ACL Injury, Back Injury, Achilles Injury, Meniscus Tear",2024-02-16,778.0,1.2,0,0,1,1,3.14,251,0,0.19,11168,0.283,0.447,0.27,3.73,91311,22.6,1,6.54,2294,2210,4399,43.03,52.47,137.03,5,Stable,0.1850828729281768,0.2513812154696133,158,0.43646408839779,601.25,444.4021739130435,2.5,16.240000000000002,7.54,30.662983425414367,7.3538461538461535,73.76434652317393,1,Prime,0.0,0.04294,6.605719960832684,0.3369,4.992096,36.17439668508288,32.915778283790466,82.15852074740603,26-29,15,0.6,0.8,0.3,0.2,3.77,0.6,0.8720000000000001,1,3,Very High,1.0,Very High,Very Likely (now)
PL0632,Lee Allen,England,RB,AC Milan,25,2001-02-21,Left,2029-04-03,3,238,40445,12,19,914.5,427.0,46.795,425.0,459.0,6.57,7,26,4,34.0,169.9,80.74,492.0,1050.0,867.0,94.0,756.0,72.12,246.0,12,1315,109.6,176,45,"Muscle Injury, Hip Injury, Ankle Injury, Knee Injury, ACL Injury, Hamstring Injury, Groin Strain, Back Injury, Meniscus Tear",2025-01-30,429.0,1.2,1,1,1,1,3.6,197,0,0.087,12922,0.151,0.484,0.365,7.93,134798,67.4,1,1.43,1847,4319,17420,20.98,23.59,52.05,6,Rising,0.0504201680672268,0.0798319327731092,31,0.1302521008403361,3111.153846153846,2022.25,3.4000000000000004,11.76,8.0,17.226890756302524,8.430769230769231,53.94757111513557,1,Prime,0.0,0.058638,6.531215115727014,0.1976,6.254248,32.47257815126051,30.03311174922077,147.73693426415153,22-25,37,0.1,0.8,0.1,0.2,4.0,0.5,0.6800000000000002,1,2,High,1.0,Very High,Likely (6 months)
PL0633,Christopher Pierce,Burkina Faso,CM,Lyon,26,2000-11-06,Both,2027-04-04,1,415,18207,94,77,914.5,427.0,46.795,466.0,431.0,7.59,8,36,5,51.9,43.9,81.75,320.0,783.0,1271.0,94.0,756.0,72.12,246.0,8,958,119.8,144,83,"Ligament Damage, Shoulder Injury, Concussion, Hip Injury, Hamstring Injury, Back Injury, Fracture",2024-09-11,570.0,0.8,0,1,0,1,2.62,177,0,0.548,4815,0.571,0.268,0.161,6.02,95959,22.7,0,4.41,8803,1936,19285,73.34,102.3,159.08,6,Stable,0.2265060240963855,0.1855421686746988,171,0.4120481927710843,191.65263157894736,233.42307692307693,1.4000000000000004,16.3,4.220000000000001,57.34939759036145,13.31111111111111,62.86169154089677,1,Prime,0.0,0.124396,27.9741877701161,0.5810000000000001,0.0,46.25187951807229,76.64722141421029,62.21667947009993,26-29,21,0.6,0.8,0.9,0.2,2.1100000000000003,0.5,0.7860000000000001,1,3,Very High,1.0,Very High,Very Likely (now)
PL0634,Juan Davis,Ghana,RB,AS Roma,21,2005-11-03,Left,2027-04-04,1,303,36003,29,14,914.5,427.0,46.795,425.0,459.0,6.31,3,57,0,101.0,118.8,84.63,529.0,1153.0,825.0,94.0,756.0,72.12,246.0,8,871,108.9,154,63,"Muscle Injury, Concussion, Ankle Injury, Knee Injury, Groin Strain",2023-07-31,978.0,0.8,1,0,0,0,2.39,165,0,0.208,15389,0.244,0.521,0.236,13.35,117651,78.4,1,7.82,4775,3835,11053,20.0,24.23,34.88,3,Rising,0.0957095709570957,0.0462046204620462,43,0.1419141914191419,1200.1,2400.2,4.3,9.06,3.99,45.54455445544554,12.1,17.142539280309997,0,Emerging,21.15,0.163072,26.772442856269663,0.3303999999999999,8.017669,36.82171089108911,70.58951972994905,175.34148043375768,18-21,13,0.6,0.5,0.1,0.2,1.995,0.5,0.5945,1,2,High,0.998,Very High,Likely (6 months)
PL0635,Willie Durham,Croatia,CDM,Borussia Dortmund,20,2006-03-19,Right,2028-04-03,2,452,21937,97,73,914.5,427.0,46.795,193.0,311.0,6.61,2,63,1,226.0,48.5,89.94,416.0,783.0,1271.0,94.0,756.0,72.12,246.0,5,600,120.0,167,47,"Shoulder Injury, Calf Injury, ACL Injury, Back Injury, Fracture",2023-09-11,936.0,0.5,0,0,1,1,1.64,120,0,0.313,12816,0.336,0.428,0.236,6.79,160770,59.4,1,5.02,7879,508,12760,23.88,27.84,52.19,3,Rising,0.2146017699115044,0.161504424778761,170,0.3761061946902654,223.8469387755102,296.44594594594594,2.7,11.04,4.64,73.45132743362831,20.0,40.93638380138027,0,Emerging,16.582914572864325,0.1859219999999999,20.101925151653184,0.3906,5.485248,44.11946548672567,62.93262047084261,177.3290413453604,18-21,43,0.1,0.3,0.1,0.2,2.32,0.4,0.402,0,1,Medium,0.0,Low,Possible (1 year)
PL0636,Joel Wilson,Uruguay,CAM,Al Nassr,25,2001-12-11,Right,2027-04-04,1,402,23712,99,41,914.5,427.0,46.795,515.0,472.0,7.83,7,77,5,57.4,59.0,86.76,768.0,783.0,1271.0,94.0,756.0,72.12,246.0,3,273,91.0,169,23,"Back Injury, Concussion, Ligament Damage",2025-05-19,320.0,0.3,0,0,0,0,0.75,52,0,0.488,34121,0.478,0.283,0.239,6.42,237551,63.9,0,2.35,5297,2593,13546,111.53,156.06,330.7,5,Rising,0.2462686567164179,0.1019900497512437,140,0.3482587064676617,237.12,564.5714285714286,-2.6999999999999997,15.04,1.35,87.06467661691542,22.75,95.59537029664872,1,Prime,0.0,0.311832,32.70088912469904,0.5055000000000001,0.0,52.75193532338309,92.7273013487401,46.87810834744786,22-25,17,0.6,0.8,0.9,0.2,0.675,0.6,0.6525000000000001,1,2,High,0.999,Very High,Likely (6 months)
PL0637,Ronnie Jimenez,South Korea,RW,Borussia Dortmund,26,2000-04-13,Right,2027-04-04,1,401,20457,242,101,1491.0,420.0,54.07,635.0,326.0,7.5,8,66,4,50.1,51.0,85.79,643.0,783.0,1271.0,94.0,756.0,72.12,246.0,9,985,109.4,173,37,"Muscle Injury, Shoulder Injury, Ligament Damage, Calf Injury, Knee Injury, Groin Strain, Meniscus Tear",2024-04-01,733.0,0.9,1,0,0,1,2.7,239,0,0.207,39417,0.286,0.467,0.247,14.35,440391,98.7,1,6.8,8707,609,17233,87.24,103.83,170.81,5,Stable,0.6034912718204489,0.2518703241895262,343,0.8553615960099751,84.18518518518519,200.55882352941177,-0.5999999999999996,16.02,4.5,40.39900249376559,10.94,74.7757563407122,1,Prime,0.0,0.204309,31.43323608597444,0.3431999999999999,18.407739000000003,41.97020049875312,79.13495437833822,47.563690501760114,26-29,29,0.3,0.8,0.9,0.2,2.25,0.7,0.715,1,3,Very High,1.0,Very High,Very Likely (now)
PL0638,Mitchell Hicks,Serbia,CM,Real Madrid,33,1993-06-10,Left,2028-04-03,2,341,24727,87,47,914.5,427.0,46.795,250.0,220.0,7.66,10,69,1,34.1,72.5,85.28,584.0,783.0,1271.0,94.0,756.0,72.12,246.0,25,2149,86.0,163,9,"Ligament Damage, Shoulder Injury, Concussion, Calf Injury, Hip Injury, Ankle Injury, ACL Injury, Groin Strain, Back Injury, Meniscus Tear, Fracture",2025-12-26,99.0,2.5,0,0,1,1,5.89,452,0,0.612,47007,0.516,0.301,0.183,11.7,290335,22.5,0,6.17,4860,2737,19394,20.59,28.77,68.06,6,Declining,0.2551319648093841,0.1378299120234604,134,0.3929618768328445,280.9886363636364,515.1458333333334,2.1,16.82,10.0,0.0,3.3076923076923075,35.29648837815829,0,Veteran,0.0,0.1377,77.03210647468259,0.6011,0.0,35.206199999999995,100.0,163.0671607225567,30-33,33,0.3,0.7,0.1,0.2,5.0,0.5,0.8300000000000001,1,3,Very High,1.0,Very High,Very Likely (now)
PL0639,Donald Davenport,Mexico,RW,Villarreal,22,2004-03-03,Both,2031-04-03,5,467,19079,233,113,659.0,255.0,39.59,746.0,265.0,7.41,4,60,2,116.8,40.9,85.79,643.0,783.0,1271.0,94.0,756.0,72.12,246.0,8,731,91.4,174,15,"Hip Injury, Calf Injury, Hamstring Injury, Groin Strain, Back Injury, Meniscus Tear",2026-03-25,10.0,0.8,0,1,0,1,2.0,113,1,0.207,5677,0.257,0.509,0.234,4.25,109525,33.2,1,6.67,1531,2350,15293,67.06,82.83,145.16,6,Rising,0.4989293361884368,0.2419700214132762,346,0.7408993576017131,81.53418803418803,167.359649122807,2.0,13.34,6.6,75.80299785867237,10.155555555555557,287.3946710343972,0,Emerging,23.51625410080524,0.068724,7.604870728004709,0.3248,2.889593,48.11819957173447,42.26640587787431,70.69967612655668,22-25,58,0.1,0.5,0.6,0.2,3.3,0.7,0.6449999999999999,1,2,High,1.0,Very High,Likely (6 months)
PL0640,William Sanchez,Germany,ST,Nice,22,2004-03-15,Both,2029-04-03,3,197,32272,76,93,874.0,329.0,39.81,251.0,670.0,7.94,4,79,1,49.2,163.8,85.79,643.0,783.0,1271.0,94.0,756.0,72.12,246.0,5,493,98.6,141,63,"Ligament Damage, Fracture, Knee Injury, ACL Injury",2024-04-26,708.0,0.5,1,0,1,1,1.35,90,0,0.371,39564,0.287,0.416,0.297,8.57,661868,37.9,1,8.48,4885,4659,16369,82.84,91.16,216.86,5,Rising,0.3857868020304568,0.4720812182741117,169,0.8578680203045685,419.1168831168831,343.3191489361702,1.0999999999999996,7.939999999999999,4.35,54.31472081218274,16.433333333333334,213.01319309713205,0,Emerging,10.043457267020754,0.140609,33.65691611328861,0.4361,16.458624,45.08314416243656,84.3269462511512,53.772834163211535,22-25,13,0.6,0.5,0.9,0.2,2.175,0.7,0.7525,1,3,Very High,1.0,Very High,Very Likely (now)
PL0641,Juan Reyes,Serbia,CDM,Everton,26,2000-03-14,Both,2031-04-03,5,303,33862,80,30,914.5,427.0,46.795,418.0,547.0,6.89,8,80,2,37.9,111.8,86.99,465.0,783.0,1271.0,94.0,756.0,72.12,246.0,6,520,86.7,156,11,"Ligament Damage, Shoulder Injury, Hip Injury, Ankle Injury, Hamstring Injury",2023-10-22,895.0,0.6,0,1,0,0,1.42,105,0,0.294,5766,0.302,0.447,0.251,4.0,103655,13.5,1,1.4,2120,240,1188,51.41,56.96,169.89,6,Stable,0.264026402640264,0.099009900990099,110,0.363036303630363,418.04938271604937,1092.3225806451612,0.0,14.06,2.62,65.34653465346534,12.385714285714286,220.32448610018423,1,Prime,0.0,0.0396899999999999,10.184050977291726,0.3328,2.577402,44.10690693069306,52.08952993128412,84.15742593148839,26-29,33,0.3,0.8,0.3,0.2,1.31,0.4,0.501,0,1,Medium,0.001,Low,Possible (1 year)
PL0642,Thomas Romero,Netherlands,CAM,Al Ittihad,21,2005-02-05,Right,2027-04-04,1,271,17642,64,82,914.5,427.0,46.795,221.0,410.0,7.55,3,21,8,90.3,65.1,90.44,425.0,783.0,1271.0,94.0,756.0,72.12,246.0,4,454,113.5,169,42,"Ankle Injury, Muscle Injury, Concussion, Hamstring Injury",2025-02-06,422.0,0.4,0,1,0,0,1.24,89,0,0.226,7031,0.322,0.487,0.191,9.75,76825,32.0,1,3.9,5397,4851,11347,65.24,82.15,115.42,6,Rising,0.2361623616236162,0.3025830258302583,146,0.5387453874538746,271.4153846153846,212.55421686746988,-0.0999999999999996,8.42,2.04,67.15867158671587,22.7,55.91896313237121,0,Emerging,25.91968117719193,0.07232,19.519101959140805,0.3286,3.424097,45.97293431734318,68.18512009738279,69.40358441627896,18-21,41,0.1,0.5,0.6,0.2,1.02,0.6,0.407,0,1,Medium,0.0,Low,Possible (1 year)
PL0643,Shawn Shields,Morocco,CB,Galatasaray,29,1997-06-26,Left,2028-04-03,2,225,33974,30,9,914.5,427.0,46.795,425.0,459.0,7.26,10,51,7,22.5,151.0,85.65,1264.0,1038.0,1798.0,94.0,756.0,72.12,246.0,13,1347,103.6,167,23,"Muscle Injury, Hip Injury, Ankle Injury, Knee Injury, ACL Injury, Hamstring Injury, Back Injury, Meniscus Tear",2025-01-14,445.0,1.3,1,1,1,1,3.69,334,0,0.158,15920,0.262,0.427,0.311,11.09,185938,63.2,1,8.06,329,4238,459,30.12,39.25,84.58,5,Stable,0.1333333333333333,0.04,39,0.1733333333333333,1095.9354838709678,3397.4,-2.1,14.5,8.29,0.0,7.399999999999999,51.63332831229372,0,Experienced,0.0,0.099856,16.95341935040073,0.337,6.79784,32.614,45.15712902560109,104.80077120822622,26-29,31,0.3,0.5,0.1,0.2,4.145,0.4,0.6945000000000001,1,2,High,1.0,Very High,Likely (6 months)
PL0644,Donald Tyler,Guinea,RB,Villarreal,27,1999-04-18,Right,2031-04-03,5,234,35826,19,59,914.5,427.0,46.795,425.0,459.0,7.31,9,13,0,26.0,153.1,88.72,1091.0,330.0,567.0,94.0,756.0,72.12,246.0,5,542,108.4,179,12,"Muscle Injury, Ankle Injury, Knee Injury, Back Injury, Achilles Injury",2025-05-14,325.0,0.5,1,0,0,0,1.48,101,0,0.128,5479,0.16,0.54,0.3,13.7,49823,65.9,1,5.35,4900,4876,13113,39.16,49.12,47.59,2,Stable,0.0811965811965812,0.2521367521367521,78,0.3333333333333333,1791.3,597.1,8.7,13.68,2.48,56.83760683760684,18.066666666666663,167.82545955423487,1,Prime,0.0,0.084352,15.0964975622664,0.2447,2.9586600000000005,43.83292136752137,59.60120702716028,109.1457205366568,26-29,13,0.6,0.8,0.1,0.2,1.24,0.5,0.5790000000000001,1,2,High,0.999,Very High,Likely (6 months)
PL0645,Jason Villa,Egypt,GK,Eintracht Frankfurt,22,2004-01-28,Both,2029-04-03,3,171,24067,0,5,914.5,427.0,46.795,425.0,459.0,7.09,4,71,1,42.8,140.7,85.79,643.0,783.0,1271.0,143.0,1052.0,74.96,142.0,2,186,93.0,113,73,"Groin Strain, Shoulder Injury",2024-03-06,759.0,0.2,0,0,0,0,0.51,38,0,0.242,13945,0.293,0.501,0.205,4.58,79111,99.4,1,2.03,2136,4853,15428,23.64,27.37,7.98,1,Rising,0.0,0.0292397660818713,5,0.0292397660818713,24067.0,4011.1666666666665,1.9000000000000004,7.42,0.91,77.77777777777777,31.0,60.787444287979255,0,Emerging,15.778341793570222,0.240548,10.5770218539041,0.3047999999999999,6.986445,46.00915555555556,57.05011055863393,186.72546897546897,22-25,55,0.1,0.5,0.1,0.2,0.455,0.3,0.24550000000000005,0,0,Low,0.0,Low,Unlikely
PL0646,Jordan Hoover,Ivory Coast,LW,RB Leipzig,25,2001-04-24,Both,2030-04-03,4,394,40978,167,107,1160.0,258.0,50.75,819.0,176.0,7.69,7,55,5,56.3,104.0,85.79,643.0,783.0,1271.0,94.0,756.0,72.12,246.0,9,1013,112.6,171,7,"Muscle Injury, Concussion, Knee Injury, Hamstring Injury, Achilles Injury, Meniscus Tear, Fracture",2025-09-12,204.0,0.9,1,1,0,1,2.78,221,0,0.285,15085,0.33,0.487,0.183,5.33,247137,23.5,1,3.09,7178,3845,12427,83.4,110.54,72.88,2,Rising,0.4238578680203045,0.2715736040609137,274,0.6954314720812182,243.91666666666663,379.4259259259259,-0.5,14.88,4.58,43.90862944162437,11.26,285.9375551955708,1,Prime,0.0,0.0669749999999999,14.615573663110244,0.3465,7.346394999999999,43.21072588832487,54.3687234388278,51.19754252171194,22-25,33,0.3,0.8,0.9,0.2,2.29,0.7,0.719,1,3,Very High,1.0,Very High,Very Likely (now)
PL0647,Douglas Evans,Argentina,ST,Manchester City,25,2001-07-04,Left,2028-04-03,2,364,37325,59,126,1432.0,496.0,50.05,467.0,313.0,6.55,7,28,8,52.0,102.5,85.79,643.0,783.0,1271.0,94.0,756.0,72.12,246.0,10,959,95.9,180,23,"Muscle Injury, Shoulder Injury, Concussion, Calf Injury, Ankle Injury, Knee Injury, Groin Strain, Meniscus Tear",2025-09-11,205.0,1.0,1,0,0,1,2.63,191,0,0.208,110311,0.234,0.434,0.332,11.39,1909672,38.8,1,8.5,5585,4408,15997,90.87,111.12,177.89,6,Rising,0.1620879120879121,0.3461538461538461,185,0.5082417582417582,622.0833333333334,293.8976377952756,-0.8000000000000007,14.28,4.63,47.527472527472526,8.718181818181819,155.77425444017695,1,Prime,0.0,0.080704,27.50801340481184,0.3516,47.874974,39.26469450549451,71.63436735996501,42.73940840915915,22-25,33,0.3,0.8,0.9,0.2,2.315,0.7,0.7215,1,3,Very High,1.0,Very High,Very Likely (now)
PL0648,Kevin Duarte,Portugal,GK,Marseille,19,2007-01-12,Both,2029-04-03,3,272,22910,1,4,914.5,427.0,46.795,425.0,459.0,6.85,1,15,5,272.0,84.2,85.79,643.0,783.0,1271.0,138.0,478.0,67.56,247.0,4,502,125.5,165,52,"Groin Strain, Concussion, Meniscus Tear",2023-05-11,1059.0,0.4,0,0,0,1,1.38,120,0,0.142,4531,0.101,0.536,0.364,9.67,63384,25.7,1,5.23,7921,664,6174,13.36,17.92,26.64,3,Rising,0.0036764705882352,0.0147058823529411,5,0.0183823529411764,11455.0,4582.0,3.5,6.44,2.18,55.88235294117647,25.1,34.35364871774124,0,Emerging,34.13173652694613,0.036494,11.560353916816164,0.2322,2.428616,40.3288705882353,53.14496616934189,280.8417171882681,18-21,42,0.1,0.3,0.1,0.2,1.09,0.3,0.269,0,0,Low,0.0,Low,Unlikely
PL0649,John Hernandez,Kosovo,CB,Athletic Bilbao,28,1998-06-18,Left,2028-04-03,2,344,28864,4,37,914.5,427.0,46.795,425.0,459.0,6.36,10,43,3,34.4,83.9,78.62,1290.0,778.0,553.0,94.0,756.0,72.12,246.0,12,1427,118.9,176,76,"Muscle Injury, Shoulder Injury, Concussion, Calf Injury, Hip Injury, ACL Injury, Hamstring Injury, Meniscus Tear, Fracture",2025-01-29,430.0,1.2,0,1,1,1,3.91,281,0,0.237,1438,0.248,0.523,0.229,14.89,20052,48.1,1,3.38,6560,3269,13710,25.97,35.76,10.04,1,Stable,0.0116279069767441,0.1075581395348837,41,0.1191860465116279,5772.8,759.578947368421,2.7,16.88,8.31,18.313953488372093,9.146153846153847,44.519174510965065,1,Prime,0.0,0.1139969999999999,25.66133336234604,0.2984,0.752074,33.07559069767442,58.40979539235626,122.63845271662746,26-29,46,0.1,0.8,0.1,0.2,4.155,0.4,0.6855000000000001,1,2,High,1.0,Very High,Likely (6 months)
PL0650,Joshua Reed,Brazil,CM,Crystal Palace,23,2003-02-01,Both,2029-04-03,3,373,27516,91,63,914.5,427.0,46.795,335.0,290.0,7.3,5,61,6,74.6,73.8,89.41,481.0,783.0,1271.0,94.0,756.0,72.12,246.0,5,696,139.2,175,117,"Muscle Injury, Ligament Damage, Knee Injury, Achilles Injury, Meniscus Tear",2025-04-12,357.0,0.5,1,0,0,1,1.91,117,0,0.367,24389,0.311,0.339,0.349,12.98,457274,9.0,0,2.08,2889,2424,7745,62.57,79.22,73.98,2,Rising,0.2439678284182305,0.1689008042895442,154,0.4128686327077748,299.0869565217391,429.9375,-2.1,12.46,2.91,68.63270777479893,23.2,160.8913024153495,0,Emerging,26.610196579830586,0.03303,48.12215267643727,0.3931,0.0,46.20474155495979,100.0,72.68324926059428,22-25,41,0.1,0.8,0.6,0.2,1.455,0.5,0.5005000000000001,0,1,Medium,0.002,Low,Possible (1 year)
PL0651,Juan Daniels,Ivory Coast,ST,Wolverhampton,26,2000-09-10,Left,2031-04-03,5,458,19328,90,77,705.0,475.0,45.23,529.0,528.0,7.59,8,56,4,57.2,42.2,85.79,643.0,783.0,1271.0,94.0,756.0,72.12,246.0,13,1102,84.8,163,7,"Muscle Injury, Shoulder Injury, Concussion, Calf Injury, Knee Injury, Hamstring Injury, Fracture",2023-09-16,931.0,1.3,1,1,0,1,3.02,266,0,0.345,32748,0.403,0.445,0.152,11.56,270837,34.8,1,2.78,9485,3095,4931,78.17,106.6,7.14,1,Stable,0.1965065502183406,0.168122270742358,167,0.3646288209606987,212.3956043956044,247.7948717948718,0.4000000000000003,17.16,5.62,41.92139737991266,6.057142857142857,335.00807388545815,1,Prime,0.0,0.1200599999999999,41.46383061805058,0.3977,14.57286,42.97167947598253,92.44158566506714,54.27773080204943,26-29,32,0.3,0.8,0.9,0.2,2.81,0.7,0.771,1,3,Very High,1.0,Very High,Very Likely (now)
PL0652,Jesse Morris,Tunisia,CB,Sevilla,21,2005-11-18,Right,2031-04-03,5,237,39227,26,51,914.5,427.0,46.795,425.0,459.0,6.91,3,62,3,79.0,165.5,78.55,485.0,865.0,1962.0,94.0,756.0,72.12,246.0,3,318,106.0,164,74,"Groin Strain, Knee Injury, Concussion",2024-10-14,537.0,0.3,1,0,0,0,0.87,79,0,0.381,6025,0.412,0.443,0.145,8.37,59060,1.1,1,9.73,1633,503,16558,29.87,40.21,46.9,3,Rising,0.1097046413502109,0.2151898734177215,77,0.3248945147679324,1452.851851851852,754.3653846153846,0.8000000000000007,7.74,1.47,66.66666666666667,26.5,128.01191207571492,0,Emerging,34.61667224640107,0.004191,27.7562805619306,0.4847,2.669075,43.49073333333334,80.43978750956256,140.88348990389807,18-21,59,0.1,0.5,0.1,0.2,0.735,0.4,0.2835000000000001,0,0,Low,0.0,Low,Unlikely
PL0653,Colin Terry,Ecuador,RW,Newcastle,28,1998-05-03,Right,2031-04-03,5,293,28740,184,134,1342.0,563.0,50.73,217.0,688.0,6.73,10,18,0,29.3,98.1,85.79,643.0,783.0,1271.0,94.0,756.0,72.12,246.0,9,824,91.6,135,41,"Muscle Injury, Concussion, Calf Injury, Knee Injury, ACL Injury, Groin Strain, Fracture",2025-09-21,195.0,0.9,1,0,1,1,2.26,167,0,0.053,22679,0.096,0.543,0.361,7.02,435647,41.5,1,7.11,1279,1552,12615,70.37,80.27,70.11,2,Stable,0.6279863481228669,0.4573378839590443,318,1.0853242320819112,155.35135135135135,212.88888888888889,8.2,15.86,6.06,43.00341296928328,9.16,301.58012228885366,1,Prime,0.0,0.021995,3.7314785722425783,0.2125,12.314697,39.11768259385666,33.0360591552922,54.80969958505907,26-29,22,0.6,0.8,0.6,0.2,3.03,0.7,0.8529999999999999,1,3,Very High,1.0,Very High,Very Likely (now)
PL0654,Kenneth Hall,Ivory Coast,RW,PSG,22,2004-07-19,Left,2027-04-04,1,307,41579,42,143,650.0,601.0,40.06,741.0,277.0,8.0,4,77,0,76.8,135.4,85.79,643.0,783.0,1271.0,94.0,756.0,72.12,246.0,8,982,122.8,177,61,"Muscle Injury, Ankle Injury, Groin Strain, Back Injury, Achilles Injury",2026-02-27,36.0,0.8,0,0,0,0,2.69,239,0,0.335,53819,0.392,0.363,0.245,7.26,1021513,10.7,0,6.16,2984,3665,11136,82.37,112.22,177.96,5,Rising,0.1368078175895765,0.4657980456026058,185,0.6026058631921825,966.953488372093,288.74305555555554,2.3,10.14,4.29,22.14983713355049,13.644444444444444,70.60154802595673,0,Emerging,36.23892193759863,0.0358449999999999,26.49383917189357,0.4406,0.0,39.3391674267101,70.8303424711954,47.18623896690667,22-25,14,0.6,0.5,0.9,0.2,2.145,0.7,0.7494999999999999,1,3,Very High,1.0,Very High,Very Likely (now)
PL0655,Reginald Williams,Poland,CB,Manchester City,18,2008-04-03,Right,2030-04-03,4,283,33998,18,59,914.5,427.0,46.795,425.0,459.0,7.51,1,76,3,283.0,120.1,84.98,763.0,860.0,1470.0,94.0,756.0,72.12,246.0,5,605,121.0,160,84,"Ligament Damage, Concussion, Hip Injury, Knee Injury, Back Injury",2024-01-01,824.0,0.5,1,0,0,0,1.66,91,0,0.335,10140,0.351,0.447,0.203,9.58,60378,60.5,1,4.03,6668,1833,740,30.56,36.58,30.64,3,Rising,0.0636042402826855,0.2084805653710247,77,0.2720848056537102,1789.3684210526317,566.6333333333333,-0.5999999999999996,6.66,2.66,67.84452296819788,20.166666666666668,104.77520008125472,0,Emerging,19.698952879581157,0.202675,29.60368043275038,0.3902,4.53258,45.72130459363957,81.94617294594536,144.87105384549926,18-21,38,0.1,0.3,0.1,0.2,1.33,0.4,0.30300000000000005,0,0,Low,0.0,Low,Unlikely
PL0656,Patrick Thornton,Colombia,CAM,Nice,28,1998-01-10,Both,2028-04-03,2,373,39733,34,87,914.5,427.0,46.795,354.0,265.0,7.51,10,28,6,37.3,106.5,83.48,358.0,783.0,1271.0,94.0,756.0,72.12,246.0,4,553,138.2,170,74,"Groin Strain, Ligament Damage, Knee Injury, Meniscus Tear",2025-04-26,343.0,0.4,1,0,0,1,1.52,94,0,0.202,10446,0.171,0.538,0.292,12.3,60662,67.9,1,4.5,1025,3698,16925,72.9,101.21,207.59,6,Stable,0.0911528150134048,0.2332439678284182,121,0.324396782841823,1135.2285714285715,451.5113636363636,1.1999999999999993,17.46,2.3200000000000003,74.79892761394102,27.64,124.9691113534599,1,Prime,0.0,0.137158,22.99266265701728,0.2695,5.619948,49.0307855227882,74.36438674692002,66.34747702677699,26-29,58,0.1,0.8,0.9,0.2,1.1600000000000001,0.6,0.526,0,1,Medium,0.0,Low,Possible (1 year)
PL0657,Robert Hughes,Colombia,ST,Manchester United,19,2007-01-06,Both,2030-04-03,4,321,39089,73,91,1029.0,617.0,40.95,221.0,398.0,7.98,1,26,5,321.0,121.8,85.79,643.0,783.0,1271.0,94.0,756.0,72.12,246.0,3,428,142.7,174,84,"Fracture, Calf Injury, Hamstring Injury",2026-02-26,37.0,0.3,0,1,0,1,1.17,90,0,0.48,26365,0.396,0.396,0.207,3.41,212692,65.4,0,7.89,3301,3952,8272,82.4,93.83,69.68,3,Rising,0.2274143302180685,0.2834890965732087,164,0.5109034267912772,528.2297297297297,424.8804347826087,2.4000000000000004,7.42,1.77,71.96261682242991,35.675,282.5090473395088,0,Emerging,13.87135922330096,0.31392,16.662346693864365,0.5105000000000001,0.0,48.81752336448599,65.86228172303953,58.53420067684171,18-21,25,0.3,0.3,0.9,0.2,0.885,0.7,0.47850000000000004,0,1,Medium,0.002,Low,Possible (1 year)
PL0658,Matthew Hoover,Spain,LW,Al Hilal,21,2005-05-06,Both,2029-04-03,3,440,29419,84,38,1034.0,457.0,36.64,241.0,549.0,6.92,3,59,2,146.7,66.9,85.79,643.0,783.0,1271.0,94.0,756.0,72.12,246.0,1,71,71.0,71,71,Ligament Damage,2023-10-07,910.0,0.1,0,0,0,0,0.19,11,0,0.272,41374,0.287,0.458,0.255,4.12,704483,31.7,1,7.74,6531,3659,15299,58.81,66.64,57.04,3,Rising,0.1909090909090909,0.0863636363636363,122,0.2772727272727273,346.1058823529412,754.3333333333334,2.1,11.8,0.39,97.5,35.5,151.22291026125467,0,Emerging,13.314062234313887,0.086224,11.912887442753004,0.3807,18.949292,50.30140000000001,62.24003116412951,84.1019896338405,18-21,18,0.6,0.5,0.6,0.2,0.195,0.7,0.5095000000000001,0,1,Medium,0.0,Low,Possible (1 year)
PL0659,William Simpson,Kosovo,RB,Liverpool,29,1997-06-26,Right,2030-04-03,4,331,38085,25,53,914.5,427.0,46.795,425.0,459.0,7.33,10,57,5,33.1,115.1,80.61,995.0,1187.0,586.0,94.0,756.0,72.12,246.0,6,751,125.2,178,69,"Muscle Injury, Shoulder Injury, Knee Injury, ACL Injury, Back Injury",2024-05-08,696.0,0.6,1,0,1,1,2.06,112,0,0.32,3006,0.284,0.429,0.287,11.28,16695,8.9,1,2.64,9730,3197,19904,45.54,58.28,113.06,6,Stable,0.0755287009063444,0.1601208459214501,78,0.2356495468277945,1464.8076923076924,705.2777777777778,-0.6999999999999993,16.62,5.26,66.16314199395771,17.885714285714286,156.13424776506346,0,Experienced,0.0,0.02848,28.90819696131539,0.3538,1.289574,46.58422839879154,76.13440964136886,100.0950330872186,26-29,33,0.3,0.5,0.3,0.2,2.63,0.5,0.5830000000000001,1,2,High,0.999,Very High,Likely (6 months)
PL0660,Andrew Shaw,Belgium,LW,Marseille,29,1997-12-19,Left,2027-04-04,1,448,37686,77,62,792.0,223.0,48.37,681.0,536.0,6.95,10,45,4,44.8,84.1,85.79,643.0,783.0,1271.0,94.0,756.0,72.12,246.0,10,734,73.4,134,13,"Ligament Damage, Shoulder Injury, Muscle Injury, Concussion, Knee Injury, Hamstring Injury, Achilles Injury, Fracture",2026-01-31,63.0,1.0,1,1,0,1,2.01,109,0,0.41,20874,0.397,0.441,0.162,14.23,107333,65.7,1,6.16,3653,909,7151,67.83,83.01,176.77,6,Stable,0.171875,0.1383928571428571,139,0.3102678571428571,483.1538461538461,598.1904761904761,1.5,18.96,4.01,75.66964285714286,6.672727272727273,58.13892196917136,0,Experienced,0.0,0.26937,58.0297421373259,0.4565,9.205434,47.63892857142857,100.0,69.21244889064154,26-29,53,0.1,0.5,0.6,0.2,2.005,0.7,0.5155,0,1,Medium,0.025,Low,Possible (1 year)
PL0661,Kevin Kane,Portugal,CAM,Bayern Munich,23,2003-01-16,Left,2031-04-03,5,442,35064,77,84,914.5,427.0,46.795,545.0,223.0,7.05,5,74,8,88.4,79.3,82.94,311.0,783.0,1271.0,94.0,756.0,72.12,246.0,14,1521,108.6,172,15,"Muscle Injury, Ligament Damage, Concussion, Hip Injury, Ankle Injury, Knee Injury, ACL Injury, Back Injury, Meniscus Tear",2024-12-06,484.0,1.4,1,0,1,1,4.17,357,0,0.455,14952,0.357,0.395,0.248,7.47,109883,25.0,0,7.82,8877,2402,2681,53.33,61.97,143.41,6,Rising,0.17420814479638,0.1900452488687782,161,0.3642533936651583,449.5384615384616,412.5176470588235,-5.4,13.84,8.969999999999999,19.230769230769223,7.239999999999999,228.55290495473304,0,Emerging,16.201012563285207,0.11375,32.67201400647335,0.4883,0.0,35.79075384615385,68.96339793278695,65.87659459995187,22-25,34,0.3,0.8,0.3,0.2,4.484999999999999,0.6,0.8385,1,3,Very High,1.0,Very High,Very Likely (now)
PL0662,Shane Alexander,Japan,LB,AC Milan,24,2002-02-19,Left,2027-04-04,1,241,22525,23,51,914.5,427.0,46.795,425.0,459.0,6.38,6,53,0,40.2,93.5,89.64,674.0,776.0,1749.0,94.0,756.0,72.12,246.0,14,1597,114.1,180,57,"Ligament Damage, Shoulder Injury, Calf Injury, Ankle Injury, ACL Injury, Hamstring Injury, Groin Strain, Back Injury, Fracture",2025-10-12,174.0,1.4,0,1,1,1,4.38,282,0,0.039,4900,0.054,0.572,0.374,2.88,44044,70.0,1,6.82,1134,4886,11773,17.78,22.03,16.78,2,Rising,0.0954356846473029,0.2116182572614107,74,0.3070539419087137,938.5416666666666,433.1730769230769,4.7,10.82,9.18,0.0,7.606666666666666,15.23971742019559,0,Prime,23.90326209223847,0.0273,0.9544048912842402,0.1856,2.8027999999999995,28.055200000000003,17.099207336926362,149.38871139510118,22-25,18,0.6,0.8,0.1,0.2,4.59,0.5,0.9140000000000001,1,3,Very High,1.0,Very High,Very Likely (now)
PL0663,Joseph Bryant,France,LW,Al Nassr,22,2004-01-08,Right,2027-04-04,1,318,37805,193,32,996.0,444.0,39.09,421.0,363.0,8.15,4,55,3,79.5,118.9,85.79,643.0,783.0,1271.0,94.0,756.0,72.12,246.0,3,185,61.7,95,34,"Shoulder Injury, Knee Injury, Hamstring Injury",2024-09-24,557.0,0.3,1,1,0,0,0.51,32,0,0.656,10281,0.593,0.308,0.099,6.37,143939,15.5,0,7.23,6023,1112,18117,111.38,155.41,68.51,2,Rising,0.6069182389937107,0.10062893081761,225,0.7075471698113207,194.87113402061857,1145.6060606060605,1.5,10.36,1.11,89.937106918239,15.425,95.46680125204638,0,Emerging,39.531334171305446,0.10168,38.60364247143964,0.651,0.0,53.9614213836478,100.0,48.01692595092348,22-25,51,0.1,0.5,0.9,0.2,0.555,0.7,0.41550000000000004,0,1,Medium,0.0,Low,Possible (1 year)
PL0664,Nathan Ortiz,Brazil,LB,Aston Villa,21,2005-03-28,Right,2027-04-04,1,419,21944,22,50,914.5,427.0,46.795,425.0,459.0,6.48,3,23,1,139.7,52.4,81.11,650.0,704.0,1991.0,94.0,756.0,72.12,246.0,0,0,0.0,0,0,,2023-06-26,614.0,0.0,0,0,0,0,0.0,0,0,0.049,9966,0.208,0.61,0.181,4.53,167005,15.1,1,2.33,3005,1875,7918,22.13,26.38,49.49,4,Rising,0.0525059665871121,0.1193317422434367,72,0.1718377088305489,954.0869565217392,430.2745098039216,6.7,11.38,0.0,100.0,0.0,18.96821971366301,0,Emerging,19.20469950293719,0.007399,2.0436855400753267,0.1833,6.0792600000000006,48.5626,47.34682831011299,209.9550367488111,18-21,40,0.1,0.5,0.1,0.2,0.0,0.5,0.22000000000000003,0,0,Low,0.0,Low,Unlikely
PL0665,John Costa,Russia,CB,AS Roma,21,2005-04-14,Left,2029-04-03,3,198,36808,31,38,914.5,427.0,46.795,425.0,459.0,7.09,3,35,3,66.0,185.9,85.62,1355.0,1038.0,753.0,94.0,756.0,72.12,246.0,7,752,107.4,169,49,"Ligament Damage, Muscle Injury, Concussion, Hip Injury, Groin Strain, Achilles Injury",2023-07-27,982.0,0.7,0,0,0,0,2.06,179,0,0.215,2977,0.238,0.484,0.277,3.35,47313,19.4,1,8.23,9907,3408,10040,26.06,33.38,9.97,1,Rising,0.1565656565656565,0.1919191919191919,69,0.3484848484848485,1150.25,943.7948717948718,3.5,6.96,3.46,9.595959595959584,13.425,67.01018604673177,0,Emerging,28.089025326170397,0.04171,5.761284945338959,0.3429,1.440868,32.35699191919192,37.9004233776044,119.57498861489992,18-21,11,1.0,0.5,0.1,0.2,1.73,0.4,0.6980000000000001,1,2,High,1.0,Very High,Very Likely (now)
PL0666,George Schwartz,Belgium,CM,Athletic Bilbao,24,2002-02-17,Left,2027-04-04,1,226,36872,96,45,914.5,427.0,46.795,260.0,704.0,8.0,6,15,6,37.7,163.2,81.75,530.0,783.0,1271.0,94.0,756.0,72.12,246.0,8,613,76.6,177,9,"Concussion, Hip Injury, ACL Injury, Hamstring Injury, Groin Strain, Meniscus Tear, Fracture",2024-03-20,745.0,0.8,0,1,1,1,1.68,142,0,0.494,6494,0.478,0.381,0.141,8.48,72638,67.6,0,3.89,7552,1286,17236,76.7,99.88,195.66,6,Rising,0.4247787610619469,0.1991150442477876,141,0.6238938053097345,380.12371134020617,801.5652173913044,2.5,10.52,5.28,37.16814159292036,8.511111111111111,65.74163813998885,0,Prime,30.221642764015638,0.3339439999999999,36.77539608957108,0.5037,0.0,42.54502831858407,85.87560829364865,54.75550620152389,22-25,23,0.6,0.8,0.9,0.2,2.64,0.5,0.8390000000000001,1,3,Very High,1.0,Very High,Very Likely (now)
PL0667,Matthew Christian,Iran,CDM,Al Hilal,25,2001-07-03,Right,2030-04-03,4,197,39903,19,30,914.5,427.0,46.795,404.0,717.0,7.99,7,22,7,28.1,202.6,89.86,535.0,783.0,1271.0,94.0,756.0,72.12,246.0,15,1468,97.9,178,13,"Ligament Damage, Shoulder Injury, Hip Injury, Ankle Injury, Knee Injury, ACL Injury, Back Injury, Achilles Injury, Meniscus Tear",2025-07-20,258.0,1.5,1,0,1,1,4.02,241,0,0.396,6587,0.47,0.452,0.078,14.34,104664,4.9,1,5.92,8944,3983,10557,58.56,81.47,34.83,2,Rising,0.0964467005076142,0.1522842639593908,49,0.248730964467005,1995.15,1287.1935483870968,0.8000000000000007,10.94,9.02,0.0,6.11875,200.77342005099072,1,Prime,0.0,0.019404,49.93231043164581,0.4682,2.977324,35.0844,94.40066564746871,58.90597716588315,22-25,56,0.1,0.8,0.6,0.2,4.51,0.4,0.796,1,3,Very High,1.0,Very High,Very Likely (now)
PL0668,Samuel Villarreal,Argentina,RB,Porto,26,2000-09-15,Right,2027-04-04,1,406,26843,35,5,914.5,427.0,46.795,425.0,459.0,7.6,8,13,1,50.8,66.1,89.48,421.0,489.0,927.0,94.0,756.0,72.12,246.0,5,491,98.2,175,26,"Ankle Injury, Muscle Injury, Achilles Injury, Meniscus Tear",2024-02-21,773.0,0.5,0,0,0,1,1.35,75,0,0.361,7368,0.441,0.432,0.127,11.71,74242,11.1,1,1.11,8779,136,3767,49.88,60.81,68.41,3,Stable,0.0862068965517241,0.0123152709359605,40,0.0985221674876847,745.6388888888889,4473.833333333333,7.7,16.119999999999997,2.35,81.52709359605912,16.366666666666667,42.75349296509314,1,Prime,0.0,0.0400709999999999,37.64435318963225,0.4014,3.182976,50.73221871921182,97.13263914405428,99.70954936952008,26-29,10,1.0,0.8,0.3,0.2,1.175,0.5,0.7425000000000002,1,3,Very High,1.0,Very High,Very Likely (now)
PL0669,James Stewart,Italy,CDM,Eintracht Frankfurt,26,2000-05-24,Both,2031-04-03,5,351,41714,63,34,914.5,427.0,46.795,215.0,762.0,7.89,8,41,6,43.9,118.8,90.89,736.0,783.0,1271.0,94.0,756.0,72.12,246.0,3,459,153.0,171,132,"Back Injury, Shoulder Injury, Meniscus Tear",2025-06-08,300.0,0.3,0,0,0,1,1.26,86,0,0.273,11631,0.327,0.427,0.246,9.73,198375,26.0,1,5.5,1400,4869,7151,75.57,94.24,186.2,4,Stable,0.1794871794871795,0.0968660968660968,97,0.2763532763532763,651.78125,1191.8285714285714,-0.0999999999999996,15.02,1.86,75.49857549857549,38.25,323.86542335325663,1,Prime,0.0,0.07098,24.866899210005823,0.3769,4.966437,50.4175150997151,78.78910636486629,65.8449981712356,26-29,52,0.1,0.8,0.9,0.2,0.93,0.4,0.4830000000000001,0,1,Medium,0.0,Low,Possible (1 year)
PL0670,Nathan Malone,Guinea,CAM,Lyon,19,2007-08-25,Both,2028-04-03,2,350,31675,91,109,914.5,427.0,46.795,285.0,709.0,7.94,1,63,0,350.0,90.5,89.48,322.0,783.0,1271.0,94.0,756.0,72.12,246.0,4,391,97.8,122,74,"Ligament Damage, Concussion, Calf Injury",2024-03-03,762.0,0.4,0,0,0,0,1.07,68,0,0.464,36358,0.434,0.332,0.234,4.52,391265,63.4,0,4.5,5514,2034,7384,53.56,60.19,98.98,3,Rising,0.26,0.3114285714285714,200,0.5714285714285714,344.2934782608696,287.95454545454544,3.7,8.0,1.87,80.57142857142857,19.56,91.81544038534037,0,Emerging,12.37864077669902,0.294176,22.023950538879312,0.4943999999999999,0.0,50.46308571428572,74.52746866546184,92.49099287808966,18-21,30,0.3,0.3,0.3,0.2,0.935,0.6,0.3835,0,1,Medium,0.0,Low,Possible (1 year)
PL0671,Shane Johnson,Serbia,LW,Manchester City,23,2003-01-14,Right,2027-04-04,1,279,28137,124,103,1108.0,337.0,52.72,278.0,468.0,7.49,5,25,8,55.8,100.8,85.79,643.0,783.0,1271.0,94.0,756.0,72.12,246.0,4,348,87.0,102,78,"Back Injury, Knee Injury, Hip Injury",2025-09-17,199.0,0.4,1,0,0,0,0.95,83,0,0.266,73817,0.335,0.428,0.237,4.98,1423936,57.7,1,8.75,2659,3575,5779,119.97,158.94,38.94,1,Rising,0.4444444444444444,0.3691756272401433,227,0.8136200716845878,225.096,270.5480769230769,-0.5,10.58,1.75,70.25089605734767,17.4,102.82952187293952,0,Emerging,32.483120780195044,0.153482,14.848812200834248,0.4088,31.593676,46.94377921146954,62.24510790698614,38.80613310033028,22-25,7,1.0,0.8,0.9,0.2,0.875,0.7,0.8225,1,3,Very High,1.0,Very High,Very Likely (now)
PL0672,Barry Welch,France,LW,Galatasaray,19,2007-12-01,Both,2029-04-03,3,464,24699,57,94,998.0,431.0,39.63,742.0,638.0,7.02,1,13,2,464.0,53.2,85.79,643.0,783.0,1271.0,94.0,756.0,72.12,246.0,5,370,74.0,122,28,"Muscle Injury, Concussion, Ankle Injury, Hamstring Injury, Back Injury",2025-12-07,118.0,0.5,0,1,0,0,1.01,65,0,0.256,64657,0.248,0.399,0.353,8.3,523788,88.6,0,5.49,4823,2615,1847,43.07,54.5,100.95,5,Rising,0.1228448275862068,0.2025862068965517,151,0.3254310344827586,425.8448275862069,259.9894736842105,6.7,10.28,2.01,85.99137931034483,12.333333333333334,110.74937502044276,0,Emerging,26.53819363826329,0.226816,23.536127256102667,0.3519,0.0,48.038075862068965,75.30322881518849,109.00402963936683,18-21,15,0.6,0.3,0.3,0.2,1.005,0.7,0.5055,0,1,Medium,0.0,Low,Possible (1 year)
PL0673,Thomas Bright,Croatia,CB,Arsenal,23,2003-04-17,Right,2028-04-03,2,358,19880,12,57,914.5,427.0,46.795,425.0,459.0,6.49,5,40,7,71.6,55.5,86.43,722.0,520.0,1742.0,94.0,756.0,72.12,246.0,10,1198,119.8,172,32,"Calf Injury, Hip Injury, Knee Injury, Back Injury, Achilles Injury, Meniscus Tear, Fracture",2024-02-12,782.0,1.0,1,0,0,1,3.28,205,0,0.052,1966,0.094,0.522,0.384,10.23,17276,13.1,1,4.75,7934,4667,14194,24.43,27.91,12.04,1,Rising,0.0335195530726257,0.159217877094972,69,0.1927374301675977,1529.2307692307693,342.7586206896552,-1.0,12.16,5.279999999999999,42.737430167597765,10.89090909090909,41.87922346179733,0,Emerging,14.24478100695866,0.0068119999999999,4.034525512790244,0.1921,1.026252,37.32368603351956,34.153631285945146,146.77029505906236,22-25,35,0.3,0.8,0.1,0.2,2.6399999999999997,0.4,0.6040000000000001,1,2,High,1.0,Very High,Likely (6 months)
PL0674,Paul Hamilton,Tunisia,CAM,Wolverhampton,22,2004-12-09,Right,2027-04-04,1,320,27183,53,73,914.5,427.0,46.795,197.0,278.0,7.54,4,47,2,80.0,84.9,83.32,237.0,783.0,1271.0,94.0,756.0,72.12,246.0,2,40,20.0,26,14,"Concussion, Calf Injury",2023-05-01,1069.0,0.2,0,0,0,0,0.11,6,0,0.251,3456,0.365,0.448,0.187,5.07,67577,37.8,1,6.15,5295,4806,3963,66.2,78.89,106.1,3,Rising,0.165625,0.228125,126,0.39375,503.3888888888889,367.3378378378378,3.3,10.4,0.51,98.125,6.666666666666667,56.741805017826096,0,Emerging,19.16918429003021,0.094878,10.369099440751064,0.3818,1.548288,52.6286,60.84794916112659,78.31636904761903,22-25,55,0.1,0.5,0.6,0.2,0.255,0.6,0.3305,0,0,Low,0.0,Low,Unlikely
PL0675,Brett Schultz,Senegal,CDM,Al Hilal,28,1998-12-12,Left,2030-04-03,4,446,33767,62,115,914.5,427.0,46.795,574.0,243.0,7.67,10,53,3,44.6,75.7,84.77,221.0,783.0,1271.0,94.0,756.0,72.12,246.0,5,286,57.2,89,22,"Ankle Injury, Back Injury, Fracture, Knee Injury",2025-02-04,424.0,0.5,1,0,0,1,0.78,64,0,0.46,1901,0.382,0.416,0.202,5.01,21932,20.5,1,4.97,8762,4368,11671,67.81,85.47,175.05,6,Stable,0.1390134529147982,0.257847533632287,177,0.3968609865470852,535.984126984127,291.0948275862069,1.6999999999999993,18.92,1.78,85.65022421524664,9.533333333333331,232.4871177195642,1,Prime,0.0,0.0943,17.401253900860556,0.4651,0.790816,52.52424484304933,68.80400327281549,76.33228432357117,26-29,50,0.1,0.8,0.6,0.2,0.89,0.4,0.43400000000000005,0,1,Medium,0.0,Low,Possible (1 year)
PL0676,Shane Wallace,Czech Republic,CM,Bayer Leverkusen,22,2004-09-05,Right,2030-04-03,4,432,29159,64,75,914.5,427.0,46.795,415.0,247.0,7.62,4,64,0,108.0,67.5,89.02,319.0,783.0,1271.0,94.0,756.0,72.12,246.0,0,0,0.0,0,0,,2023-06-26,614.0,0.0,0,0,0,0,0.0,0,0,0.415,22718,0.44,0.395,0.165,6.5,336651,36.2,0,2.05,1955,4434,8495,67.04,75.88,152.61,6,Rising,0.1481481481481481,0.1736111111111111,139,0.3217592592592592,448.6,383.67105263157896,3.6,12.64,0.0,100.0,0.0,229.8471666703965,0,Emerging,13.186157517899744,0.15023,27.05850612386676,0.4395,0.0,53.887,87.53125918580014,79.19900058788947,22-25,10,1.0,0.5,0.6,0.2,0.0,0.5,0.61,1,2,High,0.999,Very High,Likely (6 months)
PL0677,Michael Berger,Denmark,GK,Athletic Bilbao,19,2007-07-22,Right,2028-04-03,2,390,14881,0,0,914.5,427.0,46.795,425.0,459.0,7.35,1,21,0,390.0,38.2,85.79,643.0,783.0,1271.0,106.0,608.0,71.14,303.0,3,274,91.3,137,7,"Ligament Damage, Meniscus Tear, Hip Injury",2024-08-16,596.0,0.3,0,0,0,1,0.75,53,0,0.521,7033,0.509,0.379,0.111,2.84,81070,84.4,0,3.88,5653,3973,8423,16.53,23.08,7.39,1,Rising,0.0,0.0,0,0.0,14881.0,14881.0,7.9,8.8,1.35,86.41025641025641,22.825,28.33661743035243,0,Emerging,39.624924379915285,0.439724,13.10740693939752,0.5241,0.0,49.49025128205128,61.70623605012192,282.3174631035441,18-21,60,0.1,0.3,0.1,0.2,0.675,0.3,0.2275,0,0,Low,0.0,Low,Unlikely
PL0678,Angel Flynn,Guinea,RB,Inter Milan,20,2006-07-23,Left,2029-04-03,3,347,18546,31,9,914.5,427.0,46.795,425.0,459.0,6.53,2,37,4,173.5,53.4,79.4,1056.0,1063.0,935.0,94.0,756.0,72.12,246.0,7,777,111.0,177,9,"Ligament Damage, Knee Injury, Groin Strain, Back Injury, Meniscus Tear, Fracture",2025-06-13,295.0,0.7,1,0,0,1,2.13,188,0,0.123,6547,0.174,0.462,0.364,3.84,82582,51.5,1,5.0,6383,645,2866,19.89,27.03,20.35,2,Rising,0.0893371757925072,0.0259365994236311,40,0.1152737752161383,579.5625,1854.6,2.3,8.940000000000001,3.53,45.82132564841499,13.875,51.14476594280488,0,Emerging,35.8974358974359,0.063345,4.150235663748081,0.259,3.024714,37.59026512968301,37.96048606046362,179.94382541734325,18-21,38,0.1,0.3,0.1,0.2,1.765,0.5,0.3565,0,1,Medium,0.0,Low,Possible (1 year)
PL0679,Edward Brooks,Mali,CAM,Newcastle,25,2001-02-07,Right,2028-04-03,2,354,27858,16,75,914.5,427.0,46.795,431.0,721.0,6.66,7,72,6,50.6,78.7,82.38,785.0,783.0,1271.0,94.0,756.0,72.12,246.0,7,747,106.7,174,7,"Ligament Damage, Calf Injury, Ankle Injury, Knee Injury, Hamstring Injury, Fracture",2023-04-28,1072.0,0.7,1,1,0,1,2.05,172,0,0.336,28451,0.339,0.382,0.279,8.41,513742,53.8,0,9.76,2178,1585,19685,55.23,75.39,57.5,3,Rising,0.0451977401129943,0.211864406779661,91,0.2570621468926554,1638.7058823529412,366.55263157894734,-3.1999999999999997,14.08,3.45,51.41242937853107,13.3375,94.67824444515212,1,Prime,0.0,0.1807679999999999,28.98092034382512,0.4573,0.0,40.65308587570622,76.8979234535908,72.29785857319264,22-25,59,0.1,0.8,0.3,0.2,1.725,0.6,0.4925000000000001,0,1,Medium,0.0,Low,Possible (1 year)
PL0680,Charles Schmidt,Morocco,CM,West Ham,24,2002-03-15,Right,2030-04-03,4,467,37307,28,99,914.5,427.0,46.795,418.0,415.0,7.62,6,15,1,77.8,79.9,90.81,497.0,783.0,1271.0,94.0,756.0,72.12,246.0,8,855,106.9,175,19,"Ligament Damage, Concussion, Hip Injury, Ankle Injury, Hamstring Injury, Groin Strain, Achilles Injury",2024-08-03,609.0,0.8,0,1,0,0,2.34,205,0,0.221,14546,0.167,0.478,0.355,6.16,149244,11.3,1,3.07,5377,4559,12138,56.99,63.82,58.23,4,Rising,0.0599571734475374,0.2119914346895074,127,0.2719486081370449,1286.448275862069,373.07,7.5,15.34,3.94,56.10278372591007,11.877777777777778,195.39066271697337,0,Prime,11.984558694507804,0.024973,13.04882627994136,0.2736,6.952988,45.315756745182014,54.35111779250305,78.14408819655459,22-25,6,1.0,0.8,0.6,0.2,1.97,0.5,0.867,1,3,Very High,1.0,Very High,Very Likely (now)
PL0681,Keith Sparks,Mali,CB,Liverpool,19,2007-06-25,Both,2028-04-03,2,273,23461,2,55,914.5,427.0,46.795,425.0,459.0,6.61,1,80,8,273.0,85.9,82.8,1480.0,758.0,897.0,94.0,756.0,72.12,246.0,5,587,117.4,164,72,"Shoulder Injury, Knee Injury, Calf Injury",2024-01-04,821.0,0.5,1,0,0,0,1.61,87,0,0.066,15003,0.06,0.5,0.44,5.94,116626,40.9,1,8.74,7789,894,4614,25.82,32.29,67.44,6,Rising,0.0073260073260073,0.2014652014652014,57,0.2087912087912088,7820.333333333333,418.94642857142856,-6.0,6.46,2.6100000000000003,68.13186813186813,19.566666666666663,44.26203642176041,0,Emerging,25.05809450038729,0.026994,3.769884910475545,0.2318,7.5015,41.821973626373634,41.345814178900135,155.93577041899192,18-21,23,0.6,0.3,0.1,0.2,1.3050000000000002,0.4,0.47550000000000014,0,1,Medium,0.0,Low,Possible (1 year)
PL0682,Christopher Miller,Georgia,RB,Juventus,19,2007-02-03,Left,2028-04-03,2,219,26851,4,18,914.5,427.0,46.795,425.0,459.0,6.46,1,23,5,219.0,122.6,86.6,878.0,960.0,1266.0,94.0,756.0,72.12,246.0,5,417,83.4,162,12,"Shoulder Injury, Meniscus Tear, Hamstring Injury",2023-07-13,996.0,0.5,0,1,0,1,1.14,100,0,0.0,3240,0.177,0.508,0.315,14.73,35952,23.7,1,4.35,3290,3068,15676,16.2,20.12,47.71,6,Rising,0.0182648401826484,0.0821917808219178,22,0.1004566210045662,5370.2,1413.2105263157894,2.7,5.38,2.14,54.337899543379,13.9,27.7709136341022,0,Emerging,24.197530864197542,0.0,0.0,0.195,1.64592,38.173579908675805,34.8067899543379,221.93941807369657,18-21,37,0.1,0.3,0.1,0.2,1.07,0.5,0.28700000000000003,0,0,Low,0.0,Low,Unlikely
PL0683,Seth Harvey,Netherlands,RB,RB Leipzig,25,2001-04-27,Right,2029-04-03,3,381,36146,3,43,914.5,427.0,46.795,425.0,459.0,7.06,7,18,4,54.4,94.9,91.9,497.0,819.0,1254.0,94.0,756.0,72.12,246.0,2,148,74.0,83,65,"Ankle Injury, Muscle Injury",2025-08-13,234.0,0.2,0,0,0,0,0.41,35,0,0.191,15143,0.242,0.49,0.268,14.97,111247,18.6,1,7.34,9838,3354,203,45.42,59.98,121.87,5,Rising,0.0078740157480314,0.1128608923884514,46,0.1207349081364829,9036.5,821.5,4.2,14.62,0.81,90.81364829396324,24.666666666666668,116.79212011675202,1,Prime,0.0,0.035526,27.52150220908719,0.3244,7.42007,49.97552965879265,84.6500181430271,107.65947793794194,22-25,52,0.1,0.8,0.3,0.2,0.405,0.5,0.3505000000000001,0,1,Medium,0.0,Low,Possible (1 year)
PL0684,David Durham,Canada,CM,Manchester City,19,2007-07-17,Left,2027-04-04,1,326,35011,33,22,914.5,427.0,46.795,280.0,663.0,7.1,1,63,6,326.0,107.4,87.58,369.0,783.0,1271.0,94.0,756.0,72.12,246.0,0,0,0.0,0,0,,2023-06-26,614.0,0.0,0,0,0,0,0.0,0,0,0.285,45454,0.325,0.452,0.222,8.56,813329,14.6,1,7.31,7900,1609,15439,57.21,64.27,58.99,2,Rising,0.1012269938650306,0.0674846625766871,55,0.1687116564417178,1029.735294117647,1522.2173913043478,-2.3000000000000007,7.52,0.0,100.0,0.0,49.03623361132675,0,Emerging,12.340499912602684,0.0416099999999999,26.16343678387471,0.3942,20.545208,50.692400000000006,84.59135517581207,87.0853805188112,18-21,54,0.1,0.3,0.6,0.2,0.0,0.5,0.255,0,0,Low,0.0,Low,Unlikely
PL0685,Charles Murray,Netherlands,RB,Inter Milan,26,2000-01-13,Right,2030-04-03,4,301,31610,31,10,914.5,427.0,46.795,425.0,459.0,6.78,8,59,3,37.6,105.0,85.49,1469.0,602.0,797.0,94.0,756.0,72.12,246.0,3,274,91.3,148,24,"Back Injury, Shoulder Injury, Knee Injury",2025-03-16,384.0,0.3,1,0,0,0,0.75,51,0,0.336,5577,0.353,0.402,0.245,4.85,81526,51.5,1,3.23,7265,3202,13697,42.65,56.98,102.8,5,Stable,0.1029900332225913,0.0332225913621262,41,0.1362126245847176,987.8125,2873.6363636363635,1.0999999999999996,14.02,1.35,83.05647840531562,22.825,146.22586006104427,1,Prime,0.0,0.17304,14.05788384191824,0.3922,2.241954,47.31969568106312,62.04667360340892,108.40709205283648,26-29,16,0.6,0.8,0.3,0.2,0.675,0.5,0.5525,1,2,High,0.988,Very High,Likely (6 months)
PL0686,David Scott,Russia,LW,Manchester City,25,2001-08-04,Right,2028-04-03,2,245,26125,174,38,1002.0,221.0,50.45,517.0,349.0,8.12,7,34,1,35.0,106.6,85.79,643.0,783.0,1271.0,94.0,756.0,72.12,246.0,10,821,82.1,155,9,"Ligament Damage, Shoulder Injury, Concussion, Hip Injury, Ankle Injury, Knee Injury, ACL Injury, Groin Strain",2024-05-06,698.0,1.0,1,0,1,1,2.25,138,0,0.341,93812,0.438,0.405,0.157,6.24,940432,1.1,1,8.91,1005,2444,9291,136.0,170.25,50.97,1,Rising,0.710204081632653,0.1551020408163265,212,0.8653061224489796,149.28571428571428,669.8717948717949,5.6,11.9,6.25,43.67346938775511,7.463636363636363,233.138534212216,1,Prime,0.0,0.003751,24.361765102810768,0.4759,37.99386,44.54649387755102,66.31589459299165,32.51568896171608,22-25,26,0.3,0.8,0.9,0.2,3.125,0.7,0.8025,1,3,Very High,1.0,Very High,Very Likely (now)
PL0687,Adam Ballard,Colombia,ST,Wolverhampton,19,2007-03-07,Right,2030-04-03,4,264,40870,236,129,856.0,501.0,50.61,640.0,563.0,7.42,1,17,6,264.0,154.8,85.79,643.0,783.0,1271.0,94.0,756.0,72.12,246.0,6,403,67.2,153,7,"Hip Injury, ACL Injury, Hamstring Injury, Back Injury, Meniscus Tear",2023-05-26,1044.0,0.6,0,1,1,1,1.1,86,0,0.553,26427,0.528,0.313,0.158,4.04,373861,97.3,0,9.91,545,719,764,69.46,89.25,90.64,3,Rising,0.8939393939393939,0.4886363636363636,365,1.3825757575757576,172.44725738396625,314.38461538461536,2.3,6.28,4.3,67.42424242424242,9.6,238.14415568206647,0,Emerging,28.491217967175363,0.538069,22.74821049177658,0.6161000000000001,0.0,45.65304848484849,68.34883998008911,64.79285904747161,18-21,31,0.3,0.3,0.6,0.2,2.15,0.7,0.5599999999999999,1,2,High,0.482,Medium,Likely (6 months)
PL0688,Steven Byrd,Italy,CM,Bayer Leverkusen,19,2007-05-27,Both,2027-04-04,1,191,34481,70,39,914.5,427.0,46.795,477.0,607.0,7.96,1,13,7,191.0,180.5,81.53,627.0,783.0,1271.0,94.0,756.0,72.12,246.0,5,428,85.6,161,9,"Groin Strain, Muscle Injury, Meniscus Tear, Back Injury",2024-12-18,472.0,0.5,0,0,0,1,1.17,93,0,0.662,16132,0.5,0.312,0.189,7.26,116404,51.7,0,4.11,6421,1996,714,49.12,56.74,8.26,1,Rising,0.3664921465968586,0.2041884816753926,109,0.5706806282722513,485.6478873239437,862.025,1.6999999999999993,4.82,2.17,51.30890052356021,14.266666666666666,42.10207647244136,0,Emerging,15.51302931596092,0.342254,46.56468065231061,0.5935,0.0,44.252780104712045,100.0,88.2936554363768,18-21,30,0.3,0.3,0.3,0.2,1.085,0.5,0.38849999999999996,0,1,Medium,0.0,Low,Possible (1 year)
PL0689,Christopher Alexander,USA,CM,Atletico Madrid,32,1994-08-26,Both,2028-04-03,2,269,40752,37,59,914.5,427.0,46.795,520.0,775.0,6.99,10,56,3,26.9,151.5,82.97,425.0,783.0,1271.0,94.0,756.0,72.12,246.0,14,1253,89.5,170,8,"Ligament Damage, Shoulder Injury, Muscle Injury, Calf Injury, Hip Injury, Ankle Injury, Knee Injury, ACL Injury, Hamstring Injury, Groin Strain, Meniscus Tear",2025-10-20,166.0,1.4,1,1,1,1,3.43,256,0,0.181,14013,0.274,0.474,0.253,3.57,166505,31.9,1,6.26,7346,1398,9308,16.66,22.54,42.17,4,Declining,0.137546468401487,0.2193308550185873,96,0.3568773234200743,1072.421052631579,679.2,1.4000000000000004,15.38,8.23,4.832713754646846,5.966666666666667,28.559470440996456,0,Experienced,0.0,0.0577389999999999,6.169509750427608,0.3224,6.642161999999999,32.64734275092937,29.11793600110609,184.8660404922388,30-33,27,0.3,0.7,0.1,0.2,4.115,0.5,0.7415,1,3,Very High,1.0,Very High,Very Likely (now)
PL0690,Gregory Matthews,Slovakia,LB,Liverpool,22,2004-08-02,Right,2028-04-03,2,416,18039,3,58,914.5,427.0,46.795,425.0,459.0,7.55,4,25,2,104.0,43.4,90.56,983.0,1147.0,506.0,94.0,756.0,72.12,246.0,0,0,0.0,0,0,,2023-06-26,614.0,0.0,0,0,0,0,0.0,0,0,0.508,13218,0.499,0.334,0.166,13.0,175746,67.1,0,9.84,8305,2541,434,66.53,80.55,149.44,5,Rising,0.0072115384615384,0.1394230769230769,61,0.1466346153846154,4509.75,305.7457627118644,5.5,12.32,0.0,100.0,0.0,114.04931383190242,0,Emerging,21.073200060123245,0.3408679999999999,62.66806672789436,0.5845,0.0,53.833,100.0,79.71716274248482,22-25,32,0.3,0.5,0.6,0.2,0.0,0.5,0.36500000000000005,0,1,Medium,0.0,Low,Possible (1 year)
PL0691,Mark Coleman,Germany,CB,Sevilla,22,2004-01-13,Left,2030-04-03,4,439,33488,29,26,914.5,427.0,46.795,425.0,459.0,7.29,4,79,2,109.8,76.3,83.69,461.0,862.0,801.0,94.0,756.0,72.12,246.0,1,45,45.0,45,45,Hip Injury,2024-11-20,500.0,0.1,0,0,0,0,0.12,7,0,0.32,9917,0.264,0.422,0.313,2.03,78710,39.2,1,6.57,7918,1212,14532,38.71,46.12,36.14,2,Rising,0.0660592255125284,0.0592255125284738,55,0.1252847380410023,1116.2666666666669,1240.2962962962963,0.0999999999999996,12.78,0.32,98.40546697038724,22.5,132.71753910816005,0,Emerging,19.142340480495985,0.12544,5.977688425955081,0.3885,4.184974,52.17409339407746,54.41357933597135,131.38779499893593,22-25,54,0.1,0.5,0.1,0.2,0.16,0.4,0.22600000000000006,0,0,Low,0.0,Low,Unlikely
PL0692,David Bruce,Iran,LB,Al Ittihad,26,2000-05-09,Right,2030-04-03,4,372,35156,19,10,914.5,427.0,46.795,425.0,459.0,7.12,8,37,0,46.5,94.5,82.83,1183.0,886.0,1274.0,94.0,756.0,72.12,246.0,3,345,115.0,153,91,"Back Injury, Shoulder Injury, Concussion",2023-07-22,987.0,0.3,0,0,0,0,0.95,85,0,0.289,16520,0.276,0.471,0.253,11.63,323894,34.9,1,8.18,844,3398,13812,49.53,60.89,100.75,4,Stable,0.0510752688172043,0.0268817204301075,29,0.0779569892473118,1757.8,3196.0,6.3,15.44,1.5499999999999998,77.15053763440861,28.75,169.81399411075083,1,Prime,0.0,0.1008609999999999,32.644014516555174,0.386,7.780919999999999,47.77010752688172,89.75107553827362,94.5381110763541,26-29,18,0.6,0.8,0.3,0.2,0.7749999999999999,0.5,0.5625,1,2,High,0.995,Very High,Likely (6 months)
PL0693,Curtis Cruz,Canada,ST,Nice,29,1997-10-08,Both,2029-04-03,3,457,31091,237,79,601.0,349.0,50.33,741.0,471.0,7.43,10,25,4,45.7,68.0,85.79,643.0,783.0,1271.0,94.0,756.0,72.12,246.0,11,919,83.5,161,10,"Muscle Injury, Ligament Damage, Shoulder Injury, Hip Injury, Calf Injury, Hamstring Injury, Groin Strain, Back Injury, Fracture",2025-11-05,150.0,1.1,0,1,0,1,2.52,147,0,0.337,11832,0.343,0.379,0.278,9.12,157269,78.1,0,8.45,3100,4010,17262,68.98,94.03,169.99,5,Stable,0.5185995623632386,0.1728665207877461,316,0.6914660831509847,130.6344537815126,388.6375,3.5,19.14,4.720000000000001,67.83369803063458,6.958333333333333,177.37385393336754,0,Experienced,0.0,0.263197,28.8247104258304,0.4464,0.0,48.00753960612692,77.80083544180906,68.60179995159605,26-29,38,0.1,0.5,0.6,0.2,2.3600000000000003,0.7,0.551,1,2,High,1.0,Very High,Likely (6 months)
PL0694,John Young,Portugal,CB,Barcelona,32,1994-01-03,Left,2029-04-03,3,248,38967,19,30,914.5,427.0,46.795,425.0,459.0,6.7,10,75,4,24.8,157.1,89.15,705.0,546.0,1703.0,94.0,756.0,72.12,246.0,13,1355,104.2,169,8,"Ligament Damage, Calf Injury, Knee Injury, Groin Strain, Back Injury, Achilles Injury, Meniscus Tear, Fracture",2023-09-11,936.0,1.3,1,0,0,1,3.71,311,0,0.35,9081,0.42,0.409,0.171,4.02,84741,96.0,1,6.16,5181,741,7497,16.19,22.17,5.94,1,Declining,0.0766129032258064,0.1209677419354838,49,0.1975806451612903,1948.35,1257.0,-1.5,14.96,6.3100000000000005,0.0,7.442857142857143,41.63065664223284,0,Experienced,0.0,0.3359999999999999,12.823467944302658,0.4458,3.714129,30.6836,41.95700191645399,178.49680046538683,30-33,39,0.1,0.7,0.1,0.2,3.1550000000000002,0.4,0.5655000000000001,1,2,High,1.0,Very High,Likely (6 months)
PL0695,Kenneth Andrews,Mexico,RW,Monaco,25,2001-11-26,Right,2031-04-03,5,190,16265,243,147,736.0,689.0,50.05,201.0,156.0,7.6,7,75,6,27.1,85.6,85.79,643.0,783.0,1271.0,94.0,756.0,72.12,246.0,15,1731,115.4,180,9,"Shoulder Injury, Concussion, Calf Injury, Ankle Injury, Knee Injury, Hamstring Injury, Groin Strain, Achilles Injury, Meniscus Tear, Fracture",2023-11-26,860.0,1.5,1,1,0,1,4.74,431,0,0.389,26999,0.447,0.369,0.184,4.5,149307,95.7,0,4.35,3634,323,13569,61.67,84.54,23.3,2,Rising,1.2789473684210526,0.7736842105263158,390,2.0526315789473686,66.65983606557377,109.89864864864865,-3.5,10.8,7.74,0.0,7.2125,264.2950993541794,1,Prime,0.0,0.372273,17.86138804979881,0.4594,0.0,33.4788,48.05148207469821,53.420775490665385,22-25,46,0.1,0.8,0.6,0.2,3.87,0.7,0.762,1,3,Very High,1.0,Very High,Very Likely (now)
PL0696,Willie Phillips,Guinea,LW,Crystal Palace,22,2004-12-12,Left,2030-04-03,4,370,28056,46,32,639.0,596.0,45.08,276.0,233.0,7.6,4,52,0,92.5,75.8,85.79,643.0,783.0,1271.0,94.0,756.0,72.12,246.0,7,521,74.4,134,7,"Shoulder Injury, Calf Injury, Hip Injury, Hamstring Injury, Back Injury, Achilles Injury",2024-07-22,621.0,0.7,0,1,0,0,1.43,118,0,0.424,70769,0.337,0.417,0.245,12.12,1163752,92.9,1,4.81,2752,1679,17754,70.92,80.52,153.42,6,Rising,0.1243243243243243,0.0864864864864864,78,0.2108108108108108,596.936170212766,850.1818181818181,4.8,11.4,2.83,68.1081081081081,9.3,243.14977715191705,0,Emerging,13.536379018612513,0.393896,57.38685171658253,0.4354,29.510673,47.17242162162162,100.0,65.59013017466854,22-25,40,0.1,0.5,0.6,0.2,1.415,0.7,0.4565,0,1,Medium,0.0,Low,Possible (1 year)
PL0697,William Barrett,Austria,CAM,Galatasaray,19,2007-09-11,Both,2030-04-03,4,204,18369,58,87,914.5,427.0,46.795,463.0,257.0,6.94,1,19,5,204.0,90.0,88.43,282.0,783.0,1271.0,94.0,756.0,72.12,246.0,7,486,69.4,145,12,"Muscle Injury, Calf Injury, Ankle Injury, Hamstring Injury, Achilles Injury, Fracture",2023-09-16,931.0,0.7,0,1,0,1,1.33,107,0,0.193,15177,0.144,0.463,0.392,8.25,302557,35.0,1,4.2,4089,2729,9722,41.14,54.19,58.81,3,Rising,0.284313725490196,0.4264705882352941,145,0.7107843137254902,311.33898305084745,208.7386363636364,3.1,5.08,2.73,47.549019607843135,8.675,141.04881319839066,0,Emerging,31.720952843947487,0.06755,15.329549746194957,0.2698,7.026951,38.82540392156863,56.947026580076745,92.1343234968406,18-21,6,1.0,0.3,0.1,0.2,1.365,0.6,0.6415,1,2,High,0.996,Very High,Likely (6 months)
PL0698,Donald Knight,Belgium,RW,Crystal Palace,26,2000-10-08,Left,2027-04-04,1,197,30148,134,124,762.0,734.0,38.92,796.0,603.0,7.56,8,28,0,24.6,153.0,85.79,643.0,783.0,1271.0,94.0,756.0,72.12,246.0,14,1377,98.4,156,20,"Muscle Injury, Ligament Damage, Shoulder Injury, Concussion, Calf Injury, Hip Injury, Ankle Injury, ACL Injury, Back Injury, Fracture",2023-09-14,933.0,1.4,0,0,1,1,3.77,234,0,0.23,4252,0.31,0.481,0.209,13.55,51963,65.9,1,4.18,295,2455,1481,64.37,78.07,170.16,5,Stable,0.6802030456852792,0.6294416243654822,258,1.3096446700507614,223.3185185185185,241.184,7.2,11.94,8.57,0.0,6.5600000000000005,55.17326267367773,1,Prime,0.0,0.15157,26.03954144355795,0.3306,2.045212,33.2892,58.56391216533692,50.92427719137219,26-29,26,0.3,0.8,0.6,0.2,4.285,0.7,0.8735,1,3,Very High,1.0,Very High,Very Likely (now)
PL0699,Michael Garner,Belgium,ST,Borussia Dortmund,23,2003-06-25,Both,2031-04-03,5,358,22525,193,60,953.0,217.0,52.91,651.0,603.0,7.48,5,60,2,71.6,62.9,85.79,643.0,783.0,1271.0,94.0,756.0,72.12,246.0,4,402,100.5,154,60,"Back Injury, Concussion, Muscle Injury, Calf Injury",2026-02-13,50.0,0.4,0,0,0,0,1.1,70,0,0.242,45973,0.317,0.461,0.222,2.34,602645,32.0,1,3.93,7432,1289,7121,88.59,98.13,221.18,6,Rising,0.5391061452513967,0.1675977653631284,253,0.7067039106145251,116.1082474226804,369.2622950819672,2.0,12.16,1.9,80.44692737430168,20.1,379.6643887106657,0,Emerging,10.768709786657627,0.07744,6.079486547592468,0.339,21.193553,49.11938547486034,49.87892255881887,54.82686178687391,22-25,53,0.1,0.8,0.9,0.2,0.95,0.7,0.515,0,1,Medium,0.0,Low,Possible (1 year)
PL0700,Anthony Obrien,France,RW,Real Madrid,22,2004-11-08,Right,2029-04-03,3,199,38706,144,138,686.0,612.0,50.26,621.0,283.0,7.47,4,54,0,49.8,194.5,85.79,643.0,783.0,1271.0,94.0,756.0,72.12,246.0,0,0,0.0,0,0,,2023-06-26,614.0,0.0,0,0,0,0,0.0,0,0,0.305,73680,0.285,0.419,0.296,3.94,950171,15.3,1,9.47,368,2395,3006,109.82,129.31,103.89,3,Rising,0.7236180904522613,0.6934673366834171,282,1.4170854271356783,266.93793103448274,278.46043165467626,4.6,7.98,0.0,100.0,0.0,282.3890495645466,0,Emerging,17.747222728100535,0.046665,13.468053042062625,0.4184,30.87192,52.3128,66.35847956309394,47.20519761775853,22-25,60,0.1,0.5,0.9,0.2,0.0,0.7,0.36000000000000004,0,1,Medium,0.0,Low,Possible (1 year)
PL0701,Jonathan Strong,Austria,ST,AS Roma,28,1998-07-12,Both,2028-04-03,2,454,41470,53,120,1407.0,685.0,53.46,248.0,314.0,7.42,10,18,4,45.4,91.3,85.79,643.0,783.0,1271.0,94.0,756.0,72.12,246.0,11,1212,110.2,159,9,"Ligament Damage, Concussion, Hip Injury, Ankle Injury, Knee Injury, ACL Injury, Groin Strain, Back Injury, Achilles Injury",2023-12-17,839.0,1.1,1,0,1,1,3.32,294,0,0.303,43969,0.399,0.394,0.207,5.18,487660,1.4,0,7.04,7114,988,3017,88.47,117.86,204.98,5,Stable,0.1167400881057268,0.2643171806167401,173,0.381057268722467,767.9629629629629,342.72727272727275,4.2,19.08,7.52,35.24229074889867,9.183333333333334,151.66004501290254,1,Prime,0.0,0.0042419999999999,16.78036471269792,0.4325,0.0,41.40945814977974,50.835276143936746,46.28306488183719,26-29,11,1.0,0.8,0.9,0.2,3.76,0.7,1.0,1,3,Very High,1.0,Very High,Very Likely (now)
PL0702,Dustin Lindsey,Iran,CDM,Bayer Leverkusen,19,2007-12-23,Left,2029-04-03,3,191,29218,77,106,914.5,427.0,46.795,284.0,746.0,6.8,1,68,3,191.0,153.0,80.87,399.0,783.0,1271.0,94.0,756.0,72.12,246.0,0,0,0.0,0,0,,2023-06-26,614.0,0.0,0,0,0,0,0.0,0,0,0.137,7351,0.29,0.445,0.265,10.42,38590,27.5,1,6.97,5937,418,1579,29.1,35.74,10.24,1,Rising,0.4031413612565445,0.5549738219895288,183,0.9581151832460733,374.5897435897436,273.06542056074767,0.1999999999999993,4.82,0.0,100.0,0.0,74.82718395855315,0,Emerging,22.81786941580756,0.037675,12.70899984951727,0.3225,3.271195,48.809000000000005,63.46799977427591,162.156146179402,18-21,33,0.3,0.3,0.1,0.2,0.0,0.4,0.24000000000000002,0,0,Low,0.0,Low,Unlikely
PL0703,Lawrence Gomez,Morocco,ST,Galatasaray,23,2003-10-05,Both,2031-04-03,5,215,19647,110,70,750.0,407.0,41.89,610.0,261.0,7.24,5,20,7,43.0,91.4,85.79,643.0,783.0,1271.0,94.0,756.0,72.12,246.0,11,1270,115.5,174,17,"Ligament Damage, Shoulder Injury, Hip Injury, Ankle Injury, Groin Strain, Achilles Injury, Fracture",2023-10-08,909.0,1.1,0,0,0,1,3.48,198,0,0.127,21259,0.149,0.579,0.272,9.2,150230,62.6,1,1.21,9450,354,12796,61.68,75.2,153.06,6,Rising,0.5116279069767442,0.3255813953488372,180,0.8372093023255814,177.0,276.71830985915494,1.0,9.3,5.68,7.906976744186039,9.625,264.33795570238016,0,Emerging,21.919584954604414,0.079502,11.642618370475214,0.1918,12.308961,32.784995348837214,42.49642523013142,52.30535314109319,22-25,22,0.6,0.8,0.6,0.2,2.84,0.7,0.834,1,3,Very High,1.0,Very High,Very Likely (now)
PL0704,Mark Oliver,Sweden,CAM,PSG,18,2008-03-16,Left,2027-04-04,1,185,22914,31,106,914.5,427.0,46.795,190.0,304.0,7.07,1,38,6,185.0,123.9,87.84,200.0,783.0,1271.0,94.0,756.0,72.12,246.0,1,21,21.0,21,21,Fracture,2024-12-02,488.0,0.1,0,0,0,1,0.06,4,0,0.192,22515,0.182,0.47,0.348,6.53,347635,89.6,1,8.42,767,1895,13102,53.69,69.44,86.17,3,Rising,0.1675675675675675,0.572972972972973,137,0.7405405405405405,716.0625,214.1495327102804,0.1999999999999993,4.7,0.26,97.83783783783784,10.5,46.01914669799219,0,Emerging,29.335071707953063,0.172032,12.565159458469052,0.3216,10.58205,49.43076756756757,63.04312297148736,90.38355744664028,18-21,10,1.0,0.3,0.3,0.2,0.13,0.6,0.548,0,1,Medium,0.002,Low,Possible (1 year)
PL0705,Michael Le,Slovakia,ST,AS Roma,22,2004-04-01,Both,2031-04-03,5,291,32119,201,65,671.0,678.0,44.91,787.0,503.0,7.08,4,34,3,72.8,110.4,85.79,643.0,783.0,1271.0,94.0,756.0,72.12,246.0,1,40,40.0,40,40,Back Injury,2023-11-27,859.0,0.1,0,0,0,0,0.11,6,0,0.154,17396,0.206,0.553,0.241,5.96,171839,51.0,1,7.69,8038,364,17369,77.03,96.7,94.06,3,Rising,0.6907216494845361,0.2233676975945017,266,0.9140893470790378,159.0049504950495,486.6515151515151,3.6,9.82,0.31,97.93814432989691,20.0,330.1224501905698,0,Emerging,25.535505647150465,0.07854,8.96183845741885,0.2897,9.619988,50.45102886597938,58.04827211911797,64.65593856975444,22-25,36,0.3,0.5,0.9,0.2,0.155,0.7,0.44550000000000006,0,1,Medium,0.0,Low,Possible (1 year)
PL0706,Matthew Massey,Brazil,ST,Tottenham,19,2007-04-26,Both,2028-04-03,2,399,17735,200,94,1007.0,514.0,40.29,250.0,322.0,7.96,1,51,0,399.0,44.4,85.79,643.0,783.0,1271.0,94.0,756.0,72.12,246.0,2,191,95.5,176,15,"Ligament Damage, Back Injury",2025-04-26,343.0,0.2,0,0,0,0,0.52,36,0,0.582,17369,0.564,0.325,0.111,13.33,260851,26.1,0,6.82,6767,3338,8319,81.35,95.4,242.31,6,Rising,0.5012531328320802,0.2355889724310776,294,0.7368421052631579,88.23383084577114,186.68421052631575,4.9,8.98,0.92,90.97744360902256,31.83333333333333,139.45455704532182,0,Emerging,17.27105101413646,0.1519019999999999,75.73805965793784,0.6052000000000001,0.0,53.04188872180452,100.0,64.41030810176626,18-21,10,1.0,0.3,0.9,0.2,0.46,0.7,0.6809999999999999,1,2,High,1.0,Very High,Likely (6 months)
PL0707,Mark Berger,Norway,RW,Porto,19,2007-01-05,Right,2031-04-03,5,242,28262,105,90,488.0,296.0,43.62,491.0,204.0,6.83,1,36,4,242.0,116.8,85.79,643.0,783.0,1271.0,94.0,756.0,72.12,246.0,3,170,56.7,66,48,"Groin Strain, Concussion, Meniscus Tear",2025-12-19,106.0,0.3,0,0,0,1,0.47,28,0,0.276,9284,0.339,0.401,0.26,4.75,172754,71.0,1,1.16,9113,4504,13868,42.93,50.9,41.36,2,Rising,0.4338842975206611,0.371900826446281,195,0.8057851239669421,266.62264150943395,310.57142857142856,2.4000000000000004,5.84,1.0699999999999998,88.4297520661157,14.175,183.98230282592704,0,Emerging,18.565105986489638,0.19596,11.977499826134505,0.3435,3.722884,46.86095041322314,59.256724945813325,106.67186527025528,18-21,43,0.1,0.3,0.3,0.2,0.5349999999999999,0.7,0.28350000000000003,0,0,Low,0.0,Low,Unlikely
PL0708,Matthew Parker,Scotland,RW,Liverpool,19,2007-06-03,Both,2029-04-03,3,222,28353,150,93,621.0,345.0,53.1,711.0,675.0,6.71,1,33,1,222.0,127.7,85.79,643.0,783.0,1271.0,94.0,756.0,72.12,246.0,3,386,128.7,164,65,"Ligament Damage, Calf Injury",2026-02-17,46.0,0.3,0,0,0,0,1.06,80,0,0.176,43825,0.144,0.414,0.442,9.48,291100,43.8,1,6.08,8324,3718,7106,55.29,71.32,89.37,3,Rising,0.6756756756756757,0.4189189189189189,243,1.0945945945945943,187.7682119205298,301.6276595744681,5.7,5.44,1.66,63.96396396396396,32.175,142.17164952125097,0,Emerging,28.992584554168914,0.0770879999999999,17.83268508757555,0.2916,18.14355,41.30399279279279,64.08102402775972,73.37714122009734,18-21,8,1.0,0.3,0.3,0.2,0.83,0.7,0.6279999999999999,1,2,High,0.993,Very High,Likely (6 months)
PL0709,Jeremiah Riley,Scotland,CB,Bayer Leverkusen,24,2002-06-10,Right,2029-04-03,3,157,18791,7,36,914.5,427.0,46.795,425.0,459.0,6.55,6,76,6,26.2,119.7,79.43,1498.0,1147.0,873.0,94.0,756.0,72.12,246.0,15,1406,93.7,174,7,"Ligament Damage, Muscle Injury, Shoulder Injury, Hip Injury, Calf Injury, Ankle Injury, Knee Injury, ACL Injury, Groin Strain, Back Injury, Achilles Injury, Meniscus Tear, Fracture",2025-12-26,99.0,1.5,1,0,1,1,3.85,208,0,0.0,7199,0.118,0.645,0.237,13.54,140700,95.9,1,9.2,1781,1875,783,20.75,25.69,69.83,6,Rising,0.0445859872611464,0.2292993630573248,43,0.2738853503184713,2348.875,507.8648648648648,-3.6,9.14,8.85,0.0,5.85625,53.35615350996487,0,Prime,23.80722891566265,0.0,0.0,0.1984,4.643355000000001,28.4248,16.5124,130.6887356321839,22-25,58,0.1,0.8,0.1,0.2,4.425,0.4,0.7125000000000001,1,3,Very High,1.0,Very High,Very Likely (now)
PL0710,Nicholas Davis,Kosovo,RW,Chelsea,25,2001-08-21,Both,2029-04-03,3,257,34060,169,68,1406.0,648.0,39.68,636.0,387.0,7.97,7,79,3,36.7,132.5,85.79,643.0,783.0,1271.0,94.0,756.0,72.12,246.0,14,1373,98.1,155,34,"Muscle Injury, Concussion, Calf Injury, Hip Injury, Ankle Injury, Hamstring Injury, Back Injury, Meniscus Tear",2023-04-16,1084.0,1.4,0,1,0,1,3.76,197,0,0.384,48170,0.345,0.324,0.331,4.35,310164,5.5,0,4.43,5433,2189,13597,119.66,132.59,11.46,1,Rising,0.6575875486381323,0.2645914396887159,237,0.9221789883268484,200.35294117647055,493.6231884057971,-0.9000000000000004,12.14,6.56,23.346303501945517,6.54,307.6914375422842,1,Prime,0.0,0.02112,18.011108811877403,0.4366,0.0,39.8504607003891,53.82189356801066,33.02706837426579,22-25,28,0.3,0.8,0.9,0.2,3.28,0.7,0.818,1,3,Very High,1.0,Very High,Very Likely (now)
PL0711,Edward Burgess,Iran,LW,Nice,23,2003-04-22,Left,2031-04-03,5,228,32185,75,94,1052.0,618.0,35.58,434.0,610.0,8.13,5,12,7,45.6,141.2,85.79,643.0,783.0,1271.0,94.0,756.0,72.12,246.0,7,618,88.3,120,40,"Ligament Damage, Hamstring Injury, Back Injury, Achilles Injury, Meniscus Tear, Fracture",2023-04-15,1085.0,0.7,0,1,0,1,1.69,145,0,0.487,13094,0.387,0.28,0.333,6.54,148296,12.7,0,4.62,8301,3756,13132,90.87,121.12,119.02,3,Rising,0.3289473684210526,0.4122807017543859,169,0.7412280701754386,423.4868421052632,338.7894736842105,1.8000000000000007,9.56,3.09,36.40350877192983,11.0375,389.4356361004424,0,Emerging,33.28931440519423,0.061849,30.19356503614453,0.5011,0.0,42.71490175438597,80.46779843140979,46.494940409694095,22-25,42,0.1,0.8,0.9,0.2,1.545,0.7,0.5745,1,2,High,0.997,Very High,Likely (6 months)
PL0712,Christopher Anderson,Iran,CB,Arsenal,30,1996-12-10,Both,2028-04-03,2,428,37066,29,30,914.5,427.0,46.795,425.0,459.0,6.82,10,73,3,42.8,86.6,87.8,643.0,764.0,1479.0,94.0,756.0,72.12,246.0,22,1840,83.6,180,14,"Shoulder Injury, Concussion, Hip Injury, Calf Injury, Ankle Injury, Knee Injury, ACL Injury, Groin Strain, Back Injury, Achilles Injury, Meniscus Tear, Fracture",2025-05-17,322.0,2.2,1,0,1,1,5.04,341,0,0.074,9730,0.203,0.596,0.201,6.61,121358,74.6,1,6.26,5163,4050,9378,15.78,17.87,18.6,2,Stable,0.0677570093457943,0.0700934579439252,59,0.1378504672897196,1235.5333333333333,1195.6774193548388,-0.3000000000000007,18.56,10.0,20.327102803738317,3.634782608695652,27.050926984329177,0,Experienced,0.0,0.0552039999999999,4.491807811090228,0.2339,5.79908,35.52522056074766,24.500321997009173,211.71168391387164,30-33,58,0.1,0.5,0.1,0.2,5.0,0.4,0.7100000000000001,1,3,Very High,1.0,Very High,Very Likely (now)
PL0713,Joshua Mata,Iran,ST,Athletic Bilbao,22,2004-10-02,Left,2028-04-03,2,377,32282,229,128,700.0,215.0,42.3,202.0,535.0,7.37,4,20,2,94.2,85.6,85.79,643.0,783.0,1271.0,94.0,756.0,72.12,246.0,5,479,95.8,154,35,"Ligament Damage, Shoulder Injury, Concussion, Hip Injury, Calf Injury",2024-07-28,615.0,0.5,0,0,0,0,1.31,75,0,0.288,23178,0.314,0.432,0.254,12.19,157517,90.4,1,6.87,1567,2809,16454,76.05,99.41,82.36,3,Rising,0.6074270557029178,0.3395225464190981,357,0.946949602122016,140.35652173913044,250.24806201550388,6.0,11.54,2.31,80.10610079575596,15.966666666666669,130.36901122675752,0,Emerging,30.71663379355687,0.260352,35.286253654811844,0.3917,10.012896,48.5926201591512,92.60569056179337,63.06634673478416,22-25,42,0.1,0.5,0.9,0.2,1.155,0.7,0.47550000000000003,0,1,Medium,0.0,Low,Possible (1 year)
PL0714,Joseph Mcintyre,Egypt,LB,Nice,21,2005-11-19,Right,2027-04-04,1,242,20837,24,25,914.5,427.0,46.795,425.0,459.0,7.16,3,11,5,80.7,86.1,87.5,726.0,388.0,1305.0,94.0,756.0,72.12,246.0,6,479,79.8,149,9,"Back Injury, Fracture, Muscle Injury, Hamstring Injury",2025-10-26,160.0,0.6,0,1,0,1,1.31,112,0,0.128,3999,0.145,0.494,0.362,14.27,24942,83.4,1,7.93,7436,767,13877,30.18,34.67,14.53,1,Rising,0.0991735537190082,0.1033057851239669,49,0.2024793388429752,833.48,801.4230769230769,3.9,7.84,2.51,53.71900826446281,11.4,25.86809177398779,0,Emerging,14.877402253147787,0.106752,15.14957931062476,0.2752,1.975506,41.502201652892566,58.45546979238343,133.10520093936037,18-21,15,0.6,0.5,0.1,0.2,1.255,0.5,0.5205000000000001,0,1,Medium,0.003,Low,Possible (1 year)
PL0715,Ronald Scott,Portugal,RW,Tottenham,27,1999-02-08,Both,2029-04-03,3,446,29956,56,112,942.0,614.0,46.39,274.0,685.0,7.57,9,32,1,49.6,67.2,85.79,643.0,783.0,1271.0,94.0,756.0,72.12,246.0,2,193,96.5,141,52,"Fracture, Calf Injury",2024-05-11,693.0,0.2,0,0,0,1,0.53,48,0,0.326,17050,0.249,0.365,0.386,5.4,332955,68.2,0,5.5,2450,4961,13768,101.29,127.58,214.64,4,Stable,0.1255605381165919,0.2511210762331838,168,0.3766816143497757,525.5438596491229,265.0973451327434,5.8,17.92,0.93,89.23766816143498,32.166666666666664,260.45517055538994,1,Prime,0.0,0.222332,17.153274458004756,0.3871,0.0,52.485733632287,70.11277850315064,51.31071818583146,26-29,15,0.6,0.8,0.9,0.2,0.465,0.7,0.6415,1,2,High,1.0,Very High,Likely (6 months)
PL0716,Roger Olson,Mali,RW,Everton,20,2006-12-22,Right,2029-04-03,3,462,19846,113,97,1214.0,667.0,50.1,240.0,697.0,7.79,2,44,3,231.0,43.0,85.79,643.0,783.0,1271.0,94.0,756.0,72.12,246.0,1,45,45.0,45,45,Hamstring Injury,2025-06-07,301.0,0.1,0,1,0,0,0.12,11,0,0.543,29149,0.454,0.241,0.305,10.75,396436,88.3,0,8.52,7684,4618,1659,82.78,109.65,46.26,2,Rising,0.2445887445887445,0.2099567099567099,210,0.4545454545454545,174.08771929824562,202.51020408163265,2.6,11.24,0.32,97.61904761904762,22.5,212.85891024360924,0,Emerging,32.45953128775067,0.479469,60.008156941959854,0.5904,0.0,54.112609523809525,100.0,64.58893473837375,18-21,24,0.6,0.3,0.9,0.2,0.16,0.7,0.511,0,1,Medium,0.0,Low,Possible (1 year)
PL0717,Robert Francis,Georgia,ST,Inter Milan,30,1996-04-23,Right,2027-04-04,1,390,35728,185,94,991.0,216.0,54.06,329.0,188.0,7.93,10,14,3,39.0,91.6,85.79,643.0,783.0,1271.0,94.0,756.0,72.12,246.0,10,831,83.1,174,7,"Shoulder Injury, Concussion, Calf Injury, Ankle Injury, Knee Injury, ACL Injury, Hamstring Injury, Back Injury, Achilles Injury, Fracture",2024-09-30,551.0,1.0,1,1,1,1,2.28,169,0,0.384,37591,0.355,0.311,0.334,4.46,496716,19.2,0,3.22,6525,2714,5599,78.58,104.87,15.69,1,Stable,0.4743589743589743,0.241025641025641,279,0.7153846153846154,192.08602150537635,376.0842105263158,5.6,17.8,6.279999999999999,56.66666666666666,7.554545454545454,67.35303683233798,0,Experienced,0.0,0.073728,18.041885787606,0.4301,0.0,47.473533333333336,58.23959534807567,59.65510597302506,30-33,22,0.6,0.5,0.9,0.2,3.1399999999999997,0.7,0.849,1,3,Very High,1.0,Very High,Very Likely (now)
PL0718,George Wilson,Spain,RB,Real Madrid,18,2008-01-02,Both,2030-04-03,4,427,27693,18,37,914.5,427.0,46.795,425.0,459.0,7.09,1,75,8,427.0,64.9,82.17,997.0,963.0,766.0,94.0,756.0,72.12,246.0,6,470,78.3,173,11,"Muscle Injury, Shoulder Injury, Ligament Damage, Concussion, Ankle Injury",2023-10-01,916.0,0.6,0,0,0,0,1.29,83,0,0.197,9112,0.272,0.402,0.326,12.42,84010,67.6,1,3.8,4384,2263,311,21.19,23.78,32.76,4,Rising,0.0421545667447306,0.0866510538641686,55,0.1288056206088993,1457.5263157894738,728.7631578947369,-5.5,9.54,2.49,80.56206088992974,11.185714285714283,72.65008146995378,0,Emerging,12.222746578574798,0.1331719999999999,22.308047338398453,0.318,3.663024000000001,47.01641217798596,71.99027709659066,211.88108237037383,18-21,26,0.3,0.3,0.1,0.2,1.245,0.5,0.3745,0,1,Medium,0.0,Low,Possible (1 year)
PL0719,Victor Taylor,Georgia,CB,AC Milan,30,1996-08-13,Left,2029-04-03,3,183,34709,7,23,914.5,427.0,46.795,425.0,459.0,6.9,10,14,7,18.3,189.7,85.64,1110.0,762.0,1782.0,94.0,756.0,72.12,246.0,13,980,75.4,145,10,"Muscle Injury, Shoulder Injury, Ligament Damage, Hip Injury, Ankle Injury, ACL Injury, Groin Strain, Back Injury, Fracture",2026-03-14,21.0,1.3,0,0,1,1,2.68,194,1,0.344,9111,0.279,0.357,0.365,4.01,93828,38.5,0,6.01,2449,3574,5195,24.08,31.65,62.18,6,Stable,0.0382513661202185,0.1256830601092896,30,0.1639344262295081,4338.625,1446.2083333333333,1.5999999999999996,13.66,10.0,0.0,5.385714285714286,61.91885188047971,0,Experienced,0.0,0.13244,12.576833842472412,0.41,0.0,31.152,34.44125076370862,124.21052631578948,30-33,19,0.6,0.5,0.1,0.2,5.0,0.4,0.885,1,3,Very High,1.0,Very High,Very Likely (now)
PL0720,Vincent Dalton,Austria,CB,Real Madrid,18,2008-10-21,Left,2028-04-03,2,196,25196,13,20,914.5,427.0,46.795,425.0,459.0,7.0,1,33,0,196.0,128.6,84.69,1222.0,758.0,1299.0,94.0,756.0,72.12,246.0,0,0,0.0,0,0,,2023-06-26,614.0,0.0,0,0,0,0,0.0,0,0,0.382,8979,0.455,0.438,0.106,6.68,54645,0.9,1,7.0,4575,1135,12062,32.32,39.17,16.96,1,Rising,0.0663265306122449,0.1020408163265306,33,0.1683673469387755,1799.7142857142858,1199.809523809524,6.7,4.92,0.0,100.0,0.0,55.40468695396192,0,Emerging,21.194306930693077,0.003438,23.22804651038931,0.4717,3.932802,49.9274,79.80576976558396,149.84213685474188,18-21,14,0.6,0.3,0.1,0.2,0.0,0.4,0.3450000000000001,0,0,Low,0.0,Low,Unlikely
PL0721,Nathaniel Whitney,Japan,CAM,Marseille,28,1998-05-01,Right,2029-04-03,3,411,25207,58,119,914.5,427.0,46.795,464.0,279.0,7.24,10,78,7,41.1,61.3,80.83,672.0,783.0,1271.0,94.0,756.0,72.12,246.0,14,1286,91.9,176,26,"Muscle Injury, Shoulder Injury, Concussion, Knee Injury, ACL Injury, Hamstring Injury, Back Injury, Fracture",2023-11-01,885.0,1.4,1,1,1,1,3.52,310,0,0.419,14912,0.367,0.426,0.207,8.54,88374,90.5,1,6.83,8711,1458,633,70.51,98.17,198.25,6,Stable,0.1411192214111922,0.2895377128953771,177,0.4306569343065693,427.2372881355933,210.0583333333333,-4.800000000000001,18.22,8.32,24.574209245742097,6.126666666666667,181.30806669819876,1,Prime,0.0,0.379195,34.38703778909587,0.4608,6.352512,38.44044184914843,74.16077760821803,53.75533750405318,26-29,51,0.1,0.8,0.6,0.2,4.16,0.6,0.7810000000000001,1,3,Very High,1.0,Very High,Very Likely (now)
PL0722,Walter Ballard,Burkina Faso,CM,Marseille,23,2003-03-13,Left,2028-04-03,2,376,33959,29,99,914.5,427.0,46.795,373.0,788.0,7.76,5,26,5,75.2,90.3,86.58,357.0,783.0,1271.0,94.0,756.0,72.12,246.0,11,899,81.7,178,14,"Muscle Injury, Ankle Injury, Knee Injury, ACL Injury, Groin Strain, Back Injury, Achilles Injury",2025-06-03,305.0,1.1,1,0,1,1,2.46,200,0,0.415,9965,0.369,0.323,0.308,2.42,149070,65.7,0,2.91,8775,912,8334,67.24,82.48,79.57,3,Rising,0.077127659574468,0.2632978723404255,128,0.3404255319148936,1131.9666666666667,339.59,2.4000000000000004,12.52,6.66,46.80851063829788,6.808333333333334,115.26643412080442,0,Emerging,22.665080309339693,0.272655,9.246524397530369,0.4412,0.0,43.78810212765957,42.44383766012533,64.16779327031004,22-25,6,1.0,0.8,0.6,0.2,3.33,0.5,1.0,1,3,Very High,1.0,Very High,Very Likely (now)
PL0723,Jacob Gibbs,Serbia,CM,Barcelona,33,1993-06-20,Right,2031-04-03,5,444,35100,35,83,914.5,427.0,46.795,554.0,239.0,7.52,10,10,6,44.4,79.1,88.36,525.0,783.0,1271.0,94.0,756.0,72.12,246.0,19,1880,98.9,172,7,"Ligament Damage, Shoulder Injury, Muscle Injury, Concussion, Calf Injury, Hip Injury, Ankle Injury, Knee Injury, Hamstring Injury, Groin Strain, Achilles Injury, Meniscus Tear, Fracture",2024-07-24,619.0,1.9,1,1,0,1,5.15,446,0,0.241,30226,0.218,0.403,0.379,7.32,354622,91.6,1,4.87,4874,3608,11201,19.18,24.96,32.66,3,Declining,0.0788288288288288,0.1869369369369369,118,0.2657657657657657,975.0,417.8571428571428,3.0,18.880000000000003,8.95,0.0,4.945,82.19847584908645,0,Veteran,0.0,0.2207559999999999,18.19952782715732,0.3299,12.181078,34.5158,46.657191740735975,171.0396432111001,30-33,56,0.1,0.7,0.1,0.2,4.475,0.5,0.7075,1,3,Very High,1.0,Very High,Very Likely (now)
PL0724,Adrian Herrera,Brazil,ST,Chelsea,19,2007-03-20,Both,2030-04-03,4,265,37658,190,126,886.0,577.0,36.04,475.0,180.0,7.59,1,56,6,265.0,142.1,85.79,643.0,783.0,1271.0,94.0,756.0,72.12,246.0,1,86,86.0,86,86,Hip Injury,2025-03-25,375.0,0.1,0,0,0,0,0.24,16,0,0.562,52136,0.51,0.346,0.145,11.91,680970,44.6,0,7.36,4920,4830,5149,88.65,103.3,77.51,3,Rising,0.7169811320754716,0.4754716981132075,316,1.1924528301886792,197.16230366492147,296.5196850393701,-1.5999999999999996,6.3,0.44,93.9622641509434,43.0,303.9372214398963,0,Emerging,16.52566271855611,0.250652,72.70145246812336,0.5822,0.0,51.576852830188685,100.0,57.53134727293774,18-21,50,0.1,0.3,0.9,0.2,0.22,0.7,0.342,0,0,Low,0.0,Low,Unlikely
PL0725,Jesse Chambers,Japan,ST,Real Madrid,23,2003-04-07,Left,2030-04-03,4,365,39144,188,67,1335.0,239.0,35.61,327.0,321.0,6.9,5,79,2,73.0,107.2,85.79,643.0,783.0,1271.0,94.0,756.0,72.12,246.0,10,935,93.5,160,27,"Shoulder Injury, Concussion, Hip Injury, Calf Injury, Ankle Injury, Knee Injury, ACL Injury, Groin Strain, Back Injury",2023-08-16,962.0,1.0,1,0,1,1,2.56,226,0,0.415,45616,0.413,0.41,0.177,4.62,562662,63.7,1,5.45,6707,3399,16735,95.3,127.72,142.57,6,Rising,0.5150684931506849,0.1835616438356164,255,0.6986301369863014,207.11111111111111,575.6470588235294,0.0999999999999996,12.3,6.5600000000000005,38.08219178082192,8.5,326.7367986827086,0,Emerging,34.01888772298007,0.264355,20.568862910966704,0.4624,18.70256,38.60123835616438,57.03391354453224,40.0843596637221,22-25,18,0.6,0.8,0.9,0.2,3.2800000000000002,0.7,0.923,1,3,Very High,1.0,Very High,Very Likely (now)
PL0726,Michael Richards,Switzerland,LW,PSG,30,1996-11-10,Left,2029-04-03,3,345,27572,98,57,773.0,736.0,42.86,807.0,553.0,6.75,10,55,4,34.5,79.9,85.79,643.0,783.0,1271.0,94.0,756.0,72.12,246.0,19,2092,110.1,172,50,"Ligament Damage, Shoulder Injury, Muscle Injury, Concussion, Hip Injury, Calf Injury, Ankle Injury, Knee Injury, ACL Injury, Groin Strain, Back Injury, Achilles Injury, Meniscus Tear, Fracture",2026-01-06,88.0,1.9,1,0,1,1,5.73,511,0,0.092,65222,0.065,0.557,0.378,4.99,961178,89.8,1,6.82,3528,1579,1240,38.36,43.85,21.8,2,Stable,0.2840579710144927,0.1652173913043478,155,0.4492753623188406,278.5050505050505,475.3793103448276,0.5,16.9,10.0,0.0,5.505,98.63817101890372,0,Experienced,0.0,0.082616,5.0891623033142,0.2131,36.328654,30.8062,23.0368434549713,78.26778455284553,30-33,9,1.0,0.5,0.1,0.2,5.0,0.7,1.0,1,3,Very High,1.0,Very High,Very Likely (now)
PL0727,Rodney Bentley,Guinea,CM,Wolverhampton,23,2003-10-18,Left,2030-04-03,4,275,37115,41,101,914.5,427.0,46.795,499.0,336.0,7.77,5,60,3,55.0,135.0,86.93,789.0,783.0,1271.0,94.0,756.0,72.12,246.0,4,400,100.0,164,19,"Back Injury, Concussion, Calf Injury, Hip Injury",2026-02-25,38.0,0.4,0,0,0,0,1.1,98,0,0.319,9353,0.366,0.457,0.177,13.37,114620,59.7,1,4.07,5054,387,6995,76.44,103.13,76.27,3,Rising,0.149090909090909,0.3672727272727272,142,0.5163636363636364,883.6904761904761,363.8725490196079,1.0,10.5,1.9,64.36363636363636,20.0,262.0751405173792,0,Emerging,34.916274201988486,0.190443,38.99755488456922,0.3867,4.274321,46.82612727272728,98.10939596321748,60.46762302779866,22-25,6,1.0,0.8,0.9,0.2,0.95,0.5,0.81,1,3,Very High,1.0,Very High,Very Likely (now)
PL0728,Brian Hall,Canada,ST,Lyon,24,2002-07-03,Right,2029-04-03,3,269,33197,176,144,611.0,548.0,43.1,466.0,231.0,7.63,6,51,2,44.8,123.4,85.79,643.0,783.0,1271.0,94.0,756.0,72.12,246.0,6,536,89.3,155,19,"Shoulder Injury, Concussion, Calf Injury, ACL Injury, Hamstring Injury",2026-03-16,19.0,0.6,0,1,1,1,1.47,114,1,0.429,28861,0.34,0.383,0.276,12.34,432083,88.7,0,1.86,357,913,13242,99.27,126.37,30.1,1,Rising,0.654275092936803,0.5353159851301115,320,1.1895910780669146,187.5536723163842,228.94482758620688,2.9000000000000004,11.38,7.67,57.62081784386617,12.757142857142856,255.26098115345604,0,Prime,27.299284778885877,0.380523,54.36943046284075,0.4156,0.0,45.15136356877324,100.0,45.02978315425674,22-25,54,0.1,0.8,0.9,0.2,3.835,0.7,0.8035,1,3,Very High,1.0,Very High,Very Likely (now)
PL0729,Alexander Henson,Slovenia,GK,Borussia Dortmund,25,2001-02-01,Right,2028-04-03,2,286,24571,2,3,914.5,427.0,46.795,425.0,459.0,6.42,7,38,3,40.9,85.9,85.79,643.0,783.0,1271.0,62.0,751.0,71.61,394.0,3,341,113.7,130,97,"Groin Strain, Ligament Damage, Fracture",2025-07-17,261.0,0.3,0,0,0,1,0.93,66,0,0.066,12329,0.078,0.53,0.392,8.99,222300,87.1,1,3.0,8759,3043,6555,21.03,24.61,36.16,3,Rising,0.0069930069930069,0.0104895104895104,5,0.0174825174825174,8190.333333333333,6142.75,3.2,12.72,1.53,76.92307692307692,28.425,36.05076010649193,1,Prime,0.0,0.0574859999999999,5.589138552324619,0.1738,6.53437,43.95621538461539,47.30181552079462,199.52889416529908,22-25,45,0.1,0.8,0.1,0.2,0.765,0.3,0.3365,0,0,Low,0.0,Low,Unlikely
PL0730,Justin Herman,Japan,RB,Inter Miami,22,2004-02-10,Left,2030-04-03,4,325,30858,25,11,914.5,427.0,46.795,425.0,459.0,7.22,4,57,5,81.2,94.9,79.49,857.0,1181.0,1533.0,94.0,756.0,72.12,246.0,2,214,107.0,110,104,"ACL Injury, Meniscus Tear",2025-06-25,283.0,0.2,0,0,1,1,0.59,34,0,0.134,4883,0.271,0.567,0.162,9.32,64273,9.4,1,5.36,4361,759,10604,30.84,38.51,22.75,1,Rising,0.0769230769230769,0.0338461538461538,36,0.1107692307692307,1186.8461538461538,2571.5,-0.6999999999999993,10.5,2.99,89.53846153846153,35.666666666666664,105.73518228095207,0,Emerging,24.870298313878077,0.012596,10.607636827822786,0.2751,2.768661,49.43789230769231,54.65040139558033,155.269762272903,22-25,37,0.1,0.5,0.1,0.2,1.495,0.5,0.36950000000000005,0,1,Medium,0.0,Low,Possible (1 year)
PL0731,Daniel Brown,Brazil,CAM,Napoli,24,2002-02-21,Left,2031-04-03,5,193,37362,72,86,914.5,427.0,46.795,347.0,469.0,6.99,6,51,7,32.2,193.6,92.34,772.0,783.0,1271.0,94.0,756.0,72.12,246.0,7,628,89.7,160,15,"Shoulder Injury, Calf Injury, Knee Injury, ACL Injury, Hamstring Injury, Groin Strain, Meniscus Tear",2025-12-05,120.0,0.7,1,1,1,1,1.72,101,0,0.279,2485,0.271,0.424,0.305,8.5,43960,23.6,1,4.42,1076,2423,13214,61.34,82.02,46.07,1,Rising,0.3730569948186528,0.4455958549222797,158,0.8186528497409327,511.8082191780822,429.44827586206895,-2.1,9.86,5.12,47.66839378238343,11.2125,262.8808398635539,0,Prime,33.71372676882946,0.065844,18.54140739021556,0.3523,1.05364,40.17027875647669,57.65725046356169,64.43740576913169,22-25,39,0.1,0.8,0.6,0.2,2.56,0.6,0.621,1,2,High,1.0,Very High,Likely (6 months)
PL0732,Rodney Blankenship,Mexico,RW,Lyon,23,2003-06-06,Left,2030-04-03,4,317,23875,87,25,797.0,513.0,47.56,322.0,674.0,7.88,5,19,1,63.4,75.3,85.79,643.0,783.0,1271.0,94.0,756.0,72.12,246.0,12,848,70.7,126,23,"Muscle Injury, Ligament Damage, Shoulder Injury, Concussion, Calf Injury, Hip Injury, Knee Injury, Hamstring Injury, Achilles Injury, Meniscus Tear, Fracture",2023-05-02,1068.0,1.2,1,1,0,1,2.32,155,0,0.285,12973,0.397,0.384,0.219,3.87,232766,49.4,0,6.75,2259,1234,11239,80.5,92.55,251.71,5,Rising,0.2744479495268139,0.0788643533123028,112,0.3533123028391167,271.3068181818182,918.2692307692308,7.1,11.34,4.72,51.10410094637224,5.438461538461539,275.994882412991,0,Emerging,14.968944099378875,0.14079,10.445711469919932,0.4237999999999999,0.0,44.856420189274445,48.65677729951712,55.03855237947784,22-25,33,0.3,0.8,0.9,0.2,2.36,0.7,0.726,1,3,Very High,1.0,Very High,Very Likely (now)
PL0733,Charles Shah,Senegal,RB,Al Ahli,28,1998-05-08,Left,2029-04-03,3,396,33128,32,15,914.5,427.0,46.795,425.0,459.0,6.73,10,40,4,39.6,83.7,89.66,496.0,503.0,1568.0,94.0,756.0,72.12,246.0,4,380,95.0,163,62,"Back Injury, Shoulder Injury, ACL Injury, Calf Injury",2023-09-29,918.0,0.4,0,0,1,1,1.04,73,0,0.024,13977,0.156,0.618,0.226,13.62,271503,9.9,1,8.13,4109,2813,1612,35.29,46.58,63.15,4,Stable,0.0808080808080808,0.0378787878787878,47,0.1186868686868686,1003.878787878788,2070.5,2.0,17.92,3.84,81.56565656565657,19.0,90.744031680321,1,Prime,0.0,0.002376,3.120148032906839,0.2141,8.637786,47.24533131313132,40.62288770592592,130.18829240322768,26-29,36,0.3,0.8,0.1,0.2,1.92,0.5,0.542,0,1,Medium,0.001,Low,Possible (1 year)
PL0734,Eric Vasquez,Germany,ST,West Ham,18,2008-11-04,Both,2027-04-04,1,189,18118,244,71,830.0,603.0,41.15,533.0,450.0,7.22,1,51,5,189.0,95.9,85.79,643.0,783.0,1271.0,94.0,756.0,72.12,246.0,2,201,100.5,154,47,"Back Injury, Concussion",2024-11-24,496.0,0.2,0,0,0,0,0.55,48,0,0.487,7467,0.447,0.261,0.292,6.2,91104,61.4,0,6.24,389,3283,4654,52.82,64.31,196.27,6,Rising,1.291005291005291,0.3756613756613756,315,1.6666666666666667,73.95102040816326,251.63888888888889,-0.0999999999999996,4.779999999999999,0.95,74.60317460317461,33.5,45.27344623929871,0,Emerging,21.75312381673609,0.299018,26.92816413457528,0.5391,0.0,45.834834920634925,81.40966366218038,85.16320126465054,18-21,13,0.6,0.3,0.3,0.2,0.475,0.7,0.4525,0,1,Medium,0.0,Low,Likely (6 months)
PL0735,Brent Clay,Slovenia,LB,PSG,21,2005-10-08,Left,2031-04-03,5,253,17013,15,51,914.5,427.0,46.795,425.0,459.0,7.36,3,70,8,84.3,67.2,90.41,755.0,674.0,1768.0,94.0,756.0,72.12,246.0,5,649,129.8,164,113,"Muscle Injury, Hip Injury, Knee Injury, Groin Strain, Meniscus Tear",2026-02-23,40.0,0.5,1,0,0,1,1.78,113,0,0.424,15338,0.304,0.438,0.258,8.21,158092,86.7,1,4.8,6582,3477,12460,38.78,44.03,25.99,1,Rising,0.0592885375494071,0.2015810276679842,66,0.2608695652173913,1063.3125,327.1730769230769,-5.0,8.059999999999999,2.78,55.33596837944664,21.633333333333336,166.19691832260543,0,Emerging,13.537906137184116,0.367608,33.55079919548252,0.4211999999999999,6.718044,42.96159367588933,86.24699563116843,107.99797304145132,18-21,44,0.1,0.5,0.1,0.2,1.39,0.5,0.35900000000000004,0,1,Medium,0.0,Low,Possible (1 year)
PL0736,Chad Chavez,Ukraine,CB,Al Hilal,29,1997-09-22,Left,2030-04-03,4,199,21303,29,33,914.5,427.0,46.795,425.0,459.0,6.65,10,29,1,19.9,107.1,91.44,1049.0,346.0,532.0,94.0,756.0,72.12,246.0,4,375,93.8,126,48,"Groin Strain, Ligament Damage, ACL Injury, Meniscus Tear",2024-06-09,664.0,0.4,0,0,1,1,1.03,53,0,0.0,6600,0.11,0.614,0.275,9.24,113142,93.3,1,2.02,787,3675,7606,26.06,31.41,71.26,6,Stable,0.1457286432160804,0.1658291457286432,62,0.3115577889447236,710.1,626.5588235294117,6.1,13.98,3.83,73.36683417085428,18.76,89.3469147289757,0,Experienced,0.0,0.0,0.0,0.1304,4.0524,44.33016683417086,34.50508341708543,163.82175474564252,26-29,31,0.3,0.5,0.1,0.2,1.915,0.4,0.47150000000000003,0,1,Medium,0.001,Low,Possible (1 year)
PL0737,Michael Paul,Germany,CDM,Borussia Dortmund,28,1998-02-13,Left,2027-04-04,1,325,41423,21,24,914.5,427.0,46.795,240.0,562.0,7.92,10,25,8,32.5,127.5,85.94,741.0,783.0,1271.0,94.0,756.0,72.12,246.0,2,101,50.5,58,43,Shoulder Injury,2026-03-03,32.0,0.2,0,0,0,0,0.28,23,0,0.468,2055,0.465,0.334,0.201,14.01,33530,57.9,0,2.76,264,4987,5280,77.53,96.77,20.38,1,Stable,0.0646153846153846,0.0738461538461538,45,0.1384615384615384,1882.8636363636365,1656.92,-0.5,16.5,0.68,92.92307692307692,16.833333333333332,66.45305352012171,1,Prime,0.0,0.270972,50.01774895181214,0.4875,0.0,54.5396153846154,100.0,69.45067539108034,26-29,39,0.1,0.8,0.9,0.2,0.34,0.4,0.42400000000000015,0,1,Medium,0.0,Low,Possible (1 year)
PL0738,Tracy Barnes,Nigeria,GK,Al Hilal,22,2004-11-20,Both,2028-04-03,2,271,31898,0,4,914.5,427.0,46.795,425.0,459.0,6.55,4,26,3,67.8,117.7,85.79,643.0,783.0,1271.0,133.0,534.0,77.88,103.0,0,0,0.0,0,0,,2023-06-26,614.0,0.0,0,0,0,0,0.0,0,0,0.0,1137,0.158,0.6,0.242,4.3,19262,48.2,1,6.69,4761,4084,9552,20.35,27.28,43.65,4,Rising,0.0,0.014760147601476,4,0.014760147601476,31898.0,6379.6,4.4,9.42,0.0,100.0,0.0,34.88506743543085,0,Emerging,34.05405405405405,0.0,0.0,0.1943,0.6821999999999999,48.4726,44.2363,227.03793911007023,22-25,59,0.1,0.5,0.1,0.2,0.0,0.3,0.20000000000000004,0,0,Low,0.0,Low,Unlikely
PL0739,Patrick Moore,Colombia,CAM,LA Galaxy,24,2002-04-26,Right,2028-04-03,2,443,33461,81,118,914.5,427.0,46.795,355.0,556.0,7.9,6,64,6,73.8,75.5,82.12,340.0,783.0,1271.0,94.0,756.0,72.12,246.0,13,1291,99.3,172,21,"Muscle Injury, Concussion, Calf Injury, Hip Injury, ACL Injury, Hamstring Injury, Groin Strain, Achilles Injury, Fracture",2025-04-09,360.0,1.3,0,1,1,1,3.54,247,0,0.48,17680,0.426,0.338,0.236,8.95,228863,17.2,0,3.08,7666,1921,17663,75.01,94.86,158.51,4,Rising,0.182844243792325,0.2663656884875846,199,0.4492099322799097,408.0609756097561,281.1848739495798,-2.4000000000000004,14.86,8.14,44.24379232505643,7.092857142857143,128.5861871416053,0,Prime,26.46313824823356,0.08256,42.01593636783306,0.4829999999999999,0.0,44.38675846501129,88.93728378425524,58.39594588213563,22-25,59,0.1,0.8,0.9,0.2,4.07,0.6,0.8170000000000002,1,3,Very High,1.0,Very High,Very Likely (now)
PL0740,Jason Garcia,Kosovo,ST,Chelsea,21,2005-11-14,Right,2028-04-03,2,199,25931,227,99,1437.0,625.0,50.85,660.0,602.0,6.9,3,31,2,66.3,130.3,85.79,643.0,783.0,1271.0,94.0,756.0,72.12,246.0,1,109,109.0,109,109,Shoulder Injury,2023-06-30,1009.0,0.1,0,0,0,0,0.3,24,0,0.072,38339,0.081,0.582,0.337,4.69,269437,45.4,1,7.11,5473,2146,1418,77.73,94.73,172.79,6,Rising,1.1407035175879396,0.4974874371859296,326,1.6381909547738691,113.73245614035088,259.31,4.9,6.98,0.5,87.93969849246231,54.5,133.24895782584963,0,Emerging,21.87057764055062,0.0326879999999999,3.563958807925365,0.2077999999999999,22.313298,46.99953969849246,47.84570806113428,59.69711634509394,18-21,8,1.0,0.5,0.9,0.2,0.25,0.7,0.7,1,3,Very High,0.997,Very High,Very Likely (now)
PL0741,John Russell,Hungary,RW,RB Leipzig,20,2006-06-24,Left,2027-04-04,1,422,38437,116,90,1090.0,486.0,45.83,547.0,582.0,8.14,2,50,4,211.0,91.1,85.79,643.0,783.0,1271.0,94.0,756.0,72.12,246.0,2,139,69.5,117,22,"Muscle Injury, Fracture",2024-10-03,548.0,0.2,0,0,0,1,0.38,26,0,0.38,51326,0.401,0.393,0.206,14.36,944078,48.9,0,8.95,4878,1972,2995,77.02,87.78,79.16,3,Rising,0.2748815165876777,0.2132701421800948,206,0.4881516587677725,328.5213675213675,422.38461538461536,1.0,10.44,0.78,93.8388625592417,23.166666666666668,66.0159187684738,0,Emerging,13.97039729940276,0.18582,59.18430114730329,0.4832000000000001,0.0,54.382172511848346,100.0,69.70286146096943,18-21,55,0.1,0.3,0.9,0.2,0.39,0.7,0.35900000000000004,0,1,Medium,0.0,Low,Possible (1 year)
PL0742,Trevor Johnson,Slovakia,CB,Barcelona,22,2004-09-11,Left,2029-04-03,3,241,29950,10,24,914.5,427.0,46.795,425.0,459.0,6.73,4,27,0,60.2,124.3,83.99,643.0,384.0,1919.0,94.0,756.0,72.12,246.0,3,305,101.7,154,66,"Ligament Damage, Shoulder Injury, Hamstring Injury",2024-09-14,567.0,0.3,0,1,0,0,0.84,63,0,0.185,18990,0.202,0.448,0.351,9.1,111309,81.4,1,8.48,9504,1472,9034,46.5,61.72,44.11,3,Rising,0.0414937759336099,0.0995850622406639,34,0.1410788381742738,2722.7272727272725,1198.0,7.3,8.82,1.44,73.85892116182572,25.425,119.56921148016224,0,Emerging,32.73118279569892,0.15059,16.58537139729593,0.3298,8.507520000000001,44.115384232365145,64.05574921212647,92.87449312076872,22-25,17,0.6,0.5,0.3,0.2,0.72,0.4,0.487,0,1,Medium,0.002,Low,Possible (1 year)
PL0743,Jacob Ramos,Uruguay,CAM,Al Nassr,22,2004-10-19,Both,2031-04-03,5,200,17604,29,59,914.5,427.0,46.795,477.0,581.0,6.61,4,40,2,50.0,88.0,82.98,437.0,783.0,1271.0,94.0,756.0,72.12,246.0,3,389,129.7,178,53,"Muscle Injury, ACL Injury, Meniscus Tear",2025-04-12,357.0,0.3,0,0,1,1,1.07,87,0,0.254,8188,0.375,0.498,0.126,5.15,144387,35.9,1,6.75,6088,189,9379,56.58,76.79,138.67,6,Rising,0.145,0.295,88,0.44,586.8,293.4,4.0,8.0,3.67,56.5,32.425,242.4812181199849,0,Emerging,35.71933545422412,0.0911859999999999,11.786696621312336,0.382,4.077624,40.104000000000006,50.3920449319685,69.6491837443557,22-25,6,1.0,0.5,0.3,0.2,1.835,0.6,0.7585,1,3,Very High,1.0,Very High,Very Likely (now)
PL0744,Trevor Foley,Tunisia,CM,Monaco,23,2003-03-19,Right,2031-04-03,5,239,42391,51,60,914.5,427.0,46.795,256.0,270.0,7.22,5,76,3,47.8,177.4,80.07,548.0,783.0,1271.0,94.0,756.0,72.12,246.0,9,786,87.3,149,32,"Muscle Injury, Concussion, Calf Injury, Hip Injury, Hamstring Injury, Groin Strain, Fracture",2025-02-02,426.0,0.9,0,1,0,1,2.15,118,0,0.438,13590,0.414,0.335,0.25,2.18,219142,74.8,0,9.72,9620,494,6369,61.45,71.25,115.05,4,Rising,0.2133891213389121,0.2510460251046025,111,0.4644351464435146,815.2115384615385,694.9344262295082,-0.5999999999999996,9.78,3.95,50.62761506276151,8.73,263.35225969376233,0,Emerging,15.947925142392185,0.3276239999999999,9.087368002903286,0.5296000000000001,0.0,42.0207230125523,46.74141351063109,67.28698640921105,22-25,59,0.1,0.8,0.6,0.2,1.975,0.5,0.5525000000000001,1,2,High,0.512,Medium,Likely (6 months)
PL0745,Brett Jennings,Morocco,CM,Real Madrid,19,2007-02-26,Both,2029-04-03,3,397,34404,33,107,914.5,427.0,46.795,295.0,302.0,7.29,1,59,6,397.0,86.7,83.94,732.0,783.0,1271.0,94.0,756.0,72.12,246.0,2,180,90.0,115,65,"Knee Injury, Calf Injury",2025-04-03,366.0,0.2,1,0,0,0,0.49,29,0,0.169,47860,0.244,0.427,0.329,4.95,499588,58.8,1,5.5,4732,1630,7064,57.12,68.49,54.76,2,Rising,0.0831234256926952,0.2695214105793451,140,0.3526448362720403,1011.8823529411764,318.55555555555554,-1.9000000000000004,8.940000000000001,0.89,92.69521410579344,30.0,146.87727655369605,0,Emerging,19.905462184873947,0.099372,9.01470986055446,0.3104,20.43622,50.1078428211587,56.79598620141104,86.2144577101836,18-21,49,0.1,0.3,0.6,0.2,0.445,0.5,0.29950000000000004,0,0,Low,0.0,Low,Unlikely
PL0746,Joshua Levine,Austria,LB,Monaco,31,1995-07-21,Left,2030-04-03,4,450,33814,33,14,914.5,427.0,46.795,425.0,459.0,6.59,10,67,7,45.0,75.1,91.87,1423.0,1170.0,1913.0,94.0,756.0,72.12,246.0,14,1253,89.5,169,12,"Muscle Injury, Ligament Damage, Hip Injury, Ankle Injury, Knee Injury, Hamstring Injury, Groin Strain, Achilles Injury",2023-07-11,998.0,1.4,1,1,0,0,3.43,201,0,0.042,17235,0.164,0.566,0.27,5.44,116042,8.3,1,4.65,1584,1687,7041,14.2,16.64,37.43,4,Declining,0.0733333333333333,0.0311111111111111,47,0.1044444444444444,994.529411764706,2254.266666666667,-3.6999999999999993,19.0,6.23,55.333333333333336,5.966666666666667,48.68481155608039,0,Experienced,0.0,0.003486,2.22876653635114,0.1993,9.75501,41.62526666666668,31.695783137860047,273.8504385964913,30-33,10,1.0,0.7,0.1,0.2,3.115,0.5,0.8865000000000001,1,3,Very High,1.0,Very High,Very Likely (now)
PL0747,Ian Sanders,Germany,GK,Borussia Dortmund,32,1994-03-09,Right,2030-04-03,4,334,23090,2,3,914.5,427.0,46.795,425.0,459.0,7.3,10,31,5,33.4,69.1,85.79,643.0,783.0,1271.0,59.0,1164.0,65.11,287.0,16,1600,100.0,179,20,"Ligament Damage, Shoulder Injury, Muscle Injury, Calf Injury, Ankle Injury, Knee Injury, Groin Strain, Back Injury, Achilles Injury",2026-01-22,72.0,1.6,1,0,0,0,4.38,352,0,0.256,831,0.266,0.52,0.214,12.52,8931,68.7,1,2.86,6452,2313,4474,8.37,11.67,23.05,4,Declining,0.0059880239520958,0.0089820359281437,5,0.0149700598802395,7696.666666666667,5772.5,1.9000000000000004,16.68,7.58,0.0,5.882352941176471,28.696610755238936,0,Experienced,0.0,0.175872,21.55068983272487,0.3068,0.43212,33.1496,53.74083474908731,353.7844183564568,30-33,35,0.3,0.7,0.1,0.2,3.79,0.3,0.6890000000000001,1,2,High,1.0,Very High,Likely (6 months)
PL0748,Colton Martinez,Canada,GK,RB Leipzig,25,2001-12-13,Both,2027-04-04,1,223,20353,0,4,914.5,427.0,46.795,425.0,459.0,7.16,7,34,1,31.9,91.3,85.79,643.0,783.0,1271.0,67.0,577.0,77.03,154.0,14,1198,85.6,164,12,"Muscle Injury, Hip Injury, Knee Injury, ACL Injury, Achilles Injury, Meniscus Tear, Fracture",2024-01-22,803.0,1.4,1,0,1,1,3.28,281,0,0.394,9405,0.321,0.32,0.358,3.23,54429,55.0,0,2.41,1826,113,2290,20.26,25.84,15.22,1,Rising,0.0,0.0179372197309417,4,0.0179372197309417,20353.0,4070.6,5.6,11.46,8.08,0.0,5.706666666666666,17.36539229095403,1,Prime,0.0,0.2167,11.643331539405104,0.414,0.0,31.76,37.18499730910766,149.38852304797743,22-25,35,0.3,0.8,0.1,0.2,4.04,0.3,0.7340000000000001,1,3,Very High,1.0,Very High,Very Likely (now)
PL0749,Ryan Gibson,Ghana,LB,Manchester City,23,2003-12-16,Right,2029-04-03,3,214,20059,11,58,914.5,427.0,46.795,425.0,459.0,6.38,5,11,1,42.8,93.7,86.74,414.0,941.0,1124.0,94.0,756.0,72.12,246.0,14,1212,86.6,173,11,"Muscle Injury, Ligament Damage, Concussion, Hip Injury, Knee Injury, ACL Injury, Groin Strain, Back Injury, Achilles Injury",2025-07-09,269.0,1.4,1,0,1,1,3.32,175,0,0.085,25692,0.18,0.545,0.275,6.11,483487,25.0,1,4.01,1904,4995,18964,24.48,29.81,15.28,2,Rising,0.0514018691588785,0.2710280373831775,69,0.322429906542056,1671.5833333333333,339.9830508474576,7.9,9.28,8.12,18.224299065420556,5.7733333333333325,62.94740423729832,0,Emerging,21.77287581699345,0.02125,5.273466324316707,0.2191,14.00214,31.45905981308411,27.399729393017115,123.4656978535483,22-25,22,0.6,0.8,0.1,0.2,4.06,0.5,0.861,1,3,Very High,1.0,Very High,Very Likely (now)
PL0750,Matthew May,Italy,ST,Tottenham,21,2005-05-09,Left,2030-04-03,4,436,23319,136,58,1402.0,363.0,39.08,766.0,624.0,7.02,3,78,2,145.3,53.5,85.79,643.0,783.0,1271.0,94.0,756.0,72.12,246.0,0,0,0.0,0,0,,2023-06-26,614.0,0.0,0,0,0,0,0.0,0,0,0.2,23696,0.319,0.402,0.279,12.94,387578,33.3,1,7.94,3913,2983,5354,66.73,85.52,8.72,1,Rising,0.3119266055045872,0.1330275229357798,194,0.4449541284403669,170.21167883211675,395.2372881355933,0.1999999999999993,11.72,0.0,100.0,0.0,228.78432923501725,0,Emerging,28.158249662820307,0.0666,26.069192470922584,0.3747,9.525792,51.1734,84.69048870638387,75.55499778532408,18-21,53,0.1,0.5,0.6,0.2,0.0,0.7,0.315,0,0,Low,0.0,Low,Unlikely
PL0751,Kyle Smith,Switzerland,CM,AS Roma,26,2000-05-24,Right,2030-04-03,4,421,29439,76,110,914.5,427.0,46.795,490.0,289.0,7.85,8,71,7,52.6,69.9,85.93,385.0,783.0,1271.0,94.0,756.0,72.12,246.0,9,644,71.6,162,17,"Muscle Injury, Ligament Damage, Concussion, Back Injury, Meniscus Tear",2023-10-05,912.0,0.9,0,0,0,1,1.76,150,0,0.584,8129,0.482,0.279,0.239,7.62,84725,26.4,0,3.16,560,1279,6285,85.15,102.27,76.85,2,Stable,0.180522565320665,0.2612826603325415,186,0.4418052256532066,382.3246753246753,265.2162162162162,-4.1,16.42,3.56,64.37054631828978,7.159999999999999,291.9374439436793,1,Prime,0.0,0.1541759999999999,40.06547736660747,0.5539999999999999,0.0,48.66610926365796,97.31127068174018,56.48997012612648,26-29,52,0.1,0.8,0.9,0.2,1.78,0.5,0.5780000000000002,1,2,High,0.998,Very High,Likely (6 months)
PL0752,Richard Sanchez,Mali,RB,Monaco,24,2002-11-03,Both,2028-04-03,2,314,22030,25,40,914.5,427.0,46.795,425.0,459.0,7.42,6,14,5,52.3,70.2,83.3,944.0,795.0,777.0,94.0,756.0,72.12,246.0,3,202,67.3,85,55,"Ligament Damage, ACL Injury, Hamstring Injury",2023-06-05,1034.0,0.3,0,1,1,1,0.55,29,0,0.478,11727,0.41,0.41,0.18,2.71,131497,74.2,1,1.2,4930,4810,5692,54.0,62.29,120.94,5,Rising,0.0796178343949044,0.1273885350318471,65,0.2070063694267516,847.3076923076923,537.3170731707318,3.6,12.28,3.15,90.76433121019107,16.825,92.569712113674,0,Prime,15.35185185185185,0.354676,12.1373665783249,0.4442,4.80807,51.17726624203822,57.49468298850646,93.04957498552405,22-25,28,0.3,0.8,0.3,0.2,1.575,0.5,0.5375000000000001,0,1,Medium,0.002,Low,Possible (1 year)
PL0753,Cameron Cunningham,Georgia,CDM,Monaco,20,2006-08-25,Both,2031-04-03,5,252,36470,21,85,914.5,427.0,46.795,345.0,664.0,6.86,2,23,6,126.0,144.7,91.7,767.0,783.0,1271.0,94.0,756.0,72.12,246.0,0,0,0.0,0,0,,2023-06-26,614.0,0.0,0,0,0,0,0.0,0,0,0.402,8994,0.369,0.342,0.288,10.64,123214,36.7,0,1.77,5623,1619,5153,41.39,47.29,44.68,3,Rising,0.0833333333333333,0.3373015873015873,106,0.4206349206349206,1657.7272727272727,424.0697674418605,1.6999999999999993,7.04,0.0,100.0,0.0,177.3824252030077,0,Emerging,14.254650881855516,0.147534,38.94217131284808,0.4208,0.0,49.689600000000006,100.0,117.2200990799717,18-21,20,0.6,0.3,0.3,0.2,0.0,0.4,0.375,0,1,Medium,0.0,Low,Possible (1 year)
PL0754,Barry Hubbard,Italy,ST,Bayern Munich,28,1998-02-10,Right,2031-04-03,5,197,33301,76,116,1300.0,323.0,47.91,379.0,214.0,7.22,10,37,3,19.7,169.0,85.79,643.0,783.0,1271.0,94.0,756.0,72.12,246.0,3,124,41.3,79,18,"Ligament Damage, Meniscus Tear",2025-09-20,196.0,0.3,0,0,0,1,0.34,30,0,0.156,51147,0.234,0.515,0.251,12.87,788250,67.8,1,4.13,6551,1049,10551,129.07,175.32,151.0,4,Stable,0.3857868020304568,0.5888324873096447,192,0.9746192893401016,432.4805194805195,284.62393162393164,3.3,13.94,0.94,84.7715736040609,10.325,553.1468862274028,1,Prime,0.0,0.105768,21.768661275193985,0.2709,26.340705000000003,49.16411472081219,75.35504927319707,37.79819690998092,26-29,42,0.1,0.8,0.9,0.2,0.47,0.7,0.4670000000000001,0,1,Medium,0.0,Low,Possible (1 year)
PL0755,Sergio Murphy,Ghana,RW,Al Hilal,26,2000-01-06,Both,2028-04-03,2,396,41095,213,118,844.0,390.0,54.13,229.0,483.0,6.73,8,29,3,49.5,103.8,85.79,643.0,783.0,1271.0,94.0,756.0,72.12,246.0,2,222,111.0,160,62,"Ankle Injury, Fracture",2023-05-19,1051.0,0.2,0,0,0,1,0.61,47,0,0.193,44135,0.317,0.542,0.141,9.73,693494,40.1,1,7.56,4184,858,15841,82.55,112.18,152.91,3,Stable,0.5378787878787878,0.2979797979797979,331,0.8358585858585859,192.03271028037383,345.33613445378154,4.1,15.92,1.01,88.13131313131314,37.0,141.51166175895904,1,Prime,0.0,0.077393,20.084091867784316,0.3395,23.921170000000004,48.40926262626263,72.31076911480778,57.94046992969795,26-29,26,0.3,0.8,0.9,0.2,0.505,0.7,0.5405,0,1,Medium,0.005,Low,Possible (1 year)
PL0756,Charles Lester,Sweden,ST,Manchester City,29,1997-08-02,Right,2029-04-03,3,380,20909,55,118,1274.0,534.0,48.14,799.0,227.0,7.55,10,40,8,38.0,55.0,85.79,643.0,783.0,1271.0,94.0,756.0,72.12,246.0,10,956,95.6,175,16,"Ligament Damage, Knee Injury, ACL Injury, Groin Strain, Back Injury, Fracture",2024-04-13,721.0,1.0,1,0,1,1,2.62,147,0,0.576,72180,0.426,0.222,0.352,4.11,645752,15.7,0,7.32,8304,2603,12136,115.87,135.65,178.98,4,Stable,0.1447368421052631,0.3105263157894737,173,0.4552631578947368,373.375,175.7058823529412,-2.0,17.6,6.62,61.31578947368421,8.69090909090909,297.9459039614279,0,Experienced,0.0,0.0904319999999999,26.48349565284972,0.5870000000000001,0.0,47.15715789473685,70.06382242664301,40.35009659855981,26-29,19,0.6,0.5,0.9,0.2,3.31,0.7,0.866,1,3,Very High,1.0,Very High,Very Likely (now)
PL0757,Aaron Garrison,Scotland,CDM,Newcastle,25,2001-08-17,Left,2030-04-03,4,461,20914,40,41,914.5,427.0,46.795,484.0,532.0,7.68,7,79,3,65.9,45.4,84.73,450.0,783.0,1271.0,94.0,756.0,72.12,246.0,10,1105,110.5,176,16,"Muscle Injury, Ligament Damage, Ankle Injury, Back Injury, Meniscus Tear, Fracture",2023-04-27,1073.0,1.0,0,0,0,1,3.03,161,0,0.575,6880,0.417,0.314,0.269,4.65,42073,74.1,0,9.06,4420,807,18988,55.16,69.18,143.43,6,Rising,0.0867678958785249,0.088937093275488,81,0.175704989154013,510.0975609756098,497.95238095238096,-0.9000000000000004,16.22,5.029999999999999,65.0759219088937,10.045454545454543,189.1164933403799,1,Prime,0.0,0.4260749999999999,23.626643396030133,0.5829,0.0,48.144984381778734,69.45245728493457,85.72824854305331,22-25,7,1.0,0.8,0.3,0.2,2.5149999999999997,0.4,0.8665,1,3,Very High,1.0,Very High,Very Likely (now)
PL0758,David Thompson,Hungary,CM,Crystal Palace,24,2002-06-16,Right,2031-04-03,5,343,34417,49,54,914.5,427.0,46.795,212.0,627.0,7.61,6,73,3,57.2,100.3,86.36,674.0,783.0,1271.0,94.0,756.0,72.12,246.0,2,175,87.5,129,46,"Fracture, ACL Injury",2025-05-19,320.0,0.2,0,0,1,1,0.48,25,0,0.559,2384,0.472,0.269,0.26,13.76,23273,5.4,0,4.17,180,1623,8528,92.33,106.62,122.51,4,Rising,0.1428571428571428,0.1574344023323615,103,0.3002915451895043,688.34,625.7636363636364,-0.3000000000000007,12.86,2.88,92.71137026239067,29.166666666666668,395.69266293775553,0,Prime,15.477093035849675,0.030186,59.8190889576517,0.5530999999999999,0.0,52.66047405247814,100.0,56.4239516259275,22-25,16,0.6,0.8,0.9,0.2,1.44,0.5,0.7190000000000001,1,3,Very High,1.0,Very High,Very Likely (now)
PL0759,Matthew Johnson,Georgia,RW,Borussia Dortmund,22,2004-09-12,Both,2029-04-03,3,252,41784,130,62,906.0,220.0,46.42,467.0,409.0,7.44,4,73,1,63.0,165.8,85.79,643.0,783.0,1271.0,94.0,756.0,72.12,246.0,8,864,108.0,179,35,"Muscle Injury, Ligament Damage, Calf Injury, Hamstring Injury, Groin Strain, Back Injury, Fracture",2025-01-02,457.0,0.8,0,1,0,1,2.37,216,0,0.163,14956,0.273,0.558,0.168,7.24,278111,46.2,1,4.48,3479,351,3914,69.19,86.1,49.29,3,Rising,0.5158730158730159,0.246031746031746,192,0.7619047619047619,318.9618320610687,663.2380952380952,1.6999999999999993,9.04,3.97,14.285714285714292,12.0,177.9138439206973,0,Emerging,24.43994796935973,0.075306,11.344416494221605,0.2803,8.345448000000001,34.98574285714287,46.56949616990384,49.84434087069792,22-25,56,0.1,0.5,0.6,0.2,1.985,0.7,0.5135,0,1,Medium,0.01,Low,Possible (1 year)
PL0760,Adrian Tyler,Japan,RB,Inter Miami,29,1997-01-13,Left,2027-04-04,1,242,28141,30,5,914.5,427.0,46.795,425.0,459.0,6.51,10,52,3,24.2,116.3,84.16,782.0,884.0,857.0,94.0,756.0,72.12,246.0,13,1506,115.8,167,14,"Muscle Injury, Shoulder Injury, Ligament Damage, Concussion, Calf Injury, Hip Injury, Knee Injury, Groin Strain, Back Injury, Fracture",2024-02-01,793.0,1.3,1,0,0,1,4.13,338,0,0.0,2436,0.106,0.629,0.265,10.64,31266,82.8,1,1.79,2759,292,8208,14.98,17.12,19.36,3,Stable,0.1239669421487603,0.0206611570247933,35,0.1446280991735537,907.7741935483872,4690.166666666667,1.8000000000000007,14.84,6.73,0.0,8.27142857142857,12.839761920952188,0,Experienced,0.0,0.0,0.0,0.1239,1.532244,29.2558,21.1679,183.0775969962453,26-29,44,0.1,0.5,0.1,0.2,3.365,0.5,0.5565000000000001,1,2,High,1.0,Very High,Likely (6 months)
PL0761,David Morris,Japan,GK,Al Ittihad,27,1999-11-08,Right,2028-04-03,2,320,33026,1,4,914.5,427.0,46.795,425.0,459.0,7.12,9,51,2,35.6,103.2,85.79,643.0,783.0,1271.0,103.0,1136.0,66.91,351.0,6,668,111.3,151,16,"Ligament Damage, Muscle Injury, Knee Injury, ACL Injury, Achilles Injury, Fracture",2024-05-13,691.0,0.6,1,0,1,1,1.83,157,0,0.466,8916,0.398,0.393,0.209,5.37,48679,57.0,0,6.99,5296,2431,4455,31.06,36.78,17.28,1,Stable,0.003125,0.0125,5,0.015625,16513.0,6605.2,2.9000000000000004,15.4,5.03,50.9375,15.9,53.24472700464285,1,Prime,0.0,0.26562,22.76129874526484,0.4971,0.0,42.7417,65.45279811789726,133.3178415470992,26-29,43,0.1,0.8,0.1,0.2,2.515,0.3,0.5115000000000001,0,1,Medium,0.001,Low,Possible (1 year)
PL0762,Christopher Williams,Belgium,CB,Bayern Munich,18,2008-11-01,Right,2030-04-03,4,446,31794,35,20,914.5,427.0,46.795,425.0,459.0,7.28,1,22,2,446.0,71.3,89.37,667.0,452.0,557.0,94.0,756.0,72.12,246.0,1,28,28.0,28,28,Ligament Damage,2024-07-20,623.0,0.1,0,0,0,0,0.08,6,0,0.432,6877,0.482,0.349,0.169,12.66,49708,29.1,0,2.11,4690,1735,9087,36.91,43.2,23.24,2,Rising,0.0784753363228699,0.0448430493273542,55,0.1233183856502242,883.1666666666666,1514.0,5.8,9.92,0.28,98.65470852017935,14.0,126.5462249672484,0,Emerging,17.04145218098078,0.125712,48.325599301519325,0.4687,0.0,51.77234170403587,100.0,136.56645134274828,18-21,39,0.1,0.3,0.1,0.2,0.14,0.4,0.18400000000000002,0,0,Low,0.0,Low,Unlikely
PL0763,Patrick Fox,Kosovo,RW,RB Leipzig,18,2008-04-09,Right,2031-04-03,5,356,28313,216,126,511.0,392.0,38.47,245.0,421.0,7.77,1,72,7,356.0,79.5,85.79,643.0,783.0,1271.0,94.0,756.0,72.12,246.0,6,663,110.5,178,18,"Calf Injury, Hip Injury, Knee Injury, Groin Strain, Meniscus Tear",2023-06-08,1031.0,0.6,1,0,0,1,1.82,100,0,0.547,13093,0.515,0.374,0.11,2.91,89445,87.9,0,5.26,4878,3292,14503,43.97,49.83,85.78,4,Rising,0.6067415730337079,0.3539325842696629,342,0.9606741573033708,130.47465437788017,222.93700787401573,-4.199999999999999,8.120000000000001,3.02,71.91011235955057,15.785714285714286,188.43936303880764,0,Emerging,13.32726859222197,0.480813,15.089835368130183,0.5511,0.0,48.18822247191012,60.688864288150334,107.15637641074076,18-21,43,0.1,0.3,0.3,0.2,1.51,0.7,0.38100000000000006,0,1,Medium,0.0,Low,Possible (1 year)
PL0764,Patrick Alvarez,Poland,RB,Chelsea,22,2004-06-15,Left,2029-04-03,3,415,29997,34,60,914.5,427.0,46.795,425.0,459.0,7.26,4,57,8,103.8,72.3,80.95,1297.0,657.0,1900.0,94.0,756.0,72.12,246.0,7,424,60.6,157,11,"Muscle Injury, Ligament Damage, Back Injury, Achilles Injury, Meniscus Tear",2025-01-21,438.0,0.7,0,0,0,1,1.16,75,0,0.173,13196,0.146,0.556,0.297,2.81,150189,99.3,1,3.64,1300,699,14051,43.75,56.41,112.32,6,Rising,0.0819277108433735,0.144578313253012,94,0.2265060240963855,857.0571428571428,491.75409836065575,-3.6999999999999993,12.3,2.56,81.92771084337349,7.575,112.49791402703435,0,Emerging,28.93714285714285,0.171789,4.612277384493481,0.2381999999999999,7.336976000000001,48.3619421686747,45.979387161077575,108.07137914787644,22-25,55,0.1,0.5,0.3,0.2,1.28,0.5,0.378,0,1,Medium,0.0,Low,Possible (1 year)
PL0765,Richard Palmer,Ivory Coast,CAM,Arsenal,26,2000-09-27,Both,2031-04-03,5,362,22250,40,101,914.5,427.0,46.795,351.0,747.0,6.8,8,45,4,45.2,61.5,92.02,241.0,783.0,1271.0,94.0,756.0,72.12,246.0,14,1442,103.0,180,11,"Ligament Damage, Muscle Injury, Concussion, Calf Injury, Ankle Injury, Knee Injury, Hamstring Injury, Back Injury, Achilles Injury, Meniscus Tear, Fracture",2025-06-14,294.0,1.4,1,1,0,1,3.95,273,0,0.368,9521,0.303,0.437,0.26,14.24,163135,9.8,1,7.32,2538,2000,9344,48.79,59.77,55.59,2,Stable,0.1104972375690607,0.2790055248618784,141,0.3895027624309392,542.6829268292682,218.1372549019608,1.5,15.24,6.75,24.585635359116026,6.866666666666666,209.0961228715812,1,Prime,0.0,0.036064,48.00845902957412,0.4238999999999999,4.160677,36.012927071823206,96.51915208027278,72.32963862587509,26-29,39,0.1,0.8,0.3,0.2,3.375,0.6,0.6575000000000002,1,2,High,1.0,Very High,Likely (6 months)
PL0766,Brian Gordon,Ghana,GK,Real Madrid,32,1994-09-22,Right,2029-04-03,3,210,26209,2,0,914.5,427.0,46.795,425.0,459.0,6.62,10,68,1,21.0,124.8,85.79,643.0,783.0,1271.0,144.0,986.0,79.54,393.0,6,420,70.0,102,13,"Muscle Injury, Shoulder Injury, Concussion, Calf Injury, Hamstring Injury",2023-06-01,1038.0,0.6,0,1,0,0,1.15,62,0,0.323,15487,0.255,0.465,0.279,8.44,176092,32.5,1,7.85,3927,857,14393,13.85,19.14,48.28,6,Declining,0.0095238095238095,0.0,2,0.0095238095238095,8736.333333333334,26209.0,2.2,14.2,2.35,70.47619047619048,10.0,35.61362535484402,0,Experienced,0.0,0.104975,26.301117265238737,0.3912,7.201455,44.197638095238105,76.85049494547715,297.62719256052594,30-33,23,0.6,0.7,0.1,0.2,1.175,0.3,0.5325000000000001,0,1,Medium,0.001,Low,Possible (1 year)
PL0767,Tony Williams,Russia,GK,RB Leipzig,20,2006-05-22,Left,2027-04-04,1,238,18841,0,5,914.5,427.0,46.795,425.0,459.0,7.04,2,31,5,119.0,79.2,85.79,643.0,783.0,1271.0,113.0,495.0,65.39,176.0,8,953,119.1,168,60,"Ligament Damage, Calf Injury, Ankle Injury, Knee Injury, Groin Strain, Back Injury, Fracture",2026-03-08,27.0,0.8,1,0,0,1,2.61,161,1,0.361,5325,0.315,0.384,0.3,12.13,78190,28.8,0,1.87,3592,3947,3615,15.83,19.86,47.02,5,Rising,0.0,0.0210084033613445,5,0.0210084033613445,18841.0,3140.1666666666665,1.9000000000000004,6.76,7.21,32.35294117647058,13.233333333333333,13.568319840365364,0,Emerging,25.457991156032843,0.103968,37.57277727604756,0.3807999999999999,0.0,36.74418823529412,80.31126003171839,218.3255391283073,18-21,35,0.3,0.3,0.1,0.2,3.605,0.3,0.5905,1,2,High,0.999,Very High,Likely (6 months)
PL0768,Richard Camacho,Brazil,CM,Tottenham,23,2003-11-11,Left,2029-04-03,3,192,19230,48,45,914.5,427.0,46.795,291.0,689.0,6.79,5,35,0,38.4,100.2,88.5,723.0,783.0,1271.0,94.0,756.0,72.12,246.0,14,1042,74.4,178,14,"Shoulder Injury, Calf Injury, Hip Injury, Knee Injury, ACL Injury, Hamstring Injury, Groin Strain, Fracture",2023-12-11,845.0,1.4,1,1,1,1,2.85,188,0,0.37,27046,0.387,0.426,0.186,12.27,391924,75.7,1,1.11,8232,4500,19815,38.06,47.58,98.97,5,Rising,0.25,0.234375,93,0.484375,392.4489795918368,418.0434782608696,6.5,8.84,7.65,2.083333333333343,4.96,97.86675675128978,0,Emerging,25.01313715186546,0.28009,46.33118389753153,0.39,11.521596,30.124666666666677,89.25910917963064,77.1240826079536,22-25,20,0.6,0.8,0.1,0.2,3.825,0.5,0.8375000000000001,1,3,Very High,1.0,Very High,Very Likely (now)
PL0769,Joseph Ellis,Burkina Faso,RB,Atletico Madrid,22,2004-09-25,Right,2028-04-03,2,445,27117,32,10,914.5,427.0,46.795,425.0,459.0,7.09,4,24,2,111.2,60.9,85.0,830.0,1003.0,1715.0,94.0,756.0,72.12,246.0,4,402,100.5,138,46,"Groin Strain, Shoulder Injury, ACL Injury, Fracture",2024-03-30,735.0,0.4,0,0,1,1,1.1,63,0,0.412,1418,0.395,0.381,0.224,10.9,13922,74.8,0,1.48,9232,4366,7652,31.46,40.5,21.52,2,Rising,0.0719101123595505,0.0224719101123595,42,0.0943820224719101,821.7272727272727,2465.181818181818,5.6,12.9,3.9,85.84269662921348,20.1,53.93042857585526,0,Emerging,28.734901462174182,0.308176,32.592913636590325,0.4219,0.0,48.9523393258427,85.56554011780683,150.80819262428437,22-25,32,0.3,0.5,0.1,0.2,1.95,0.5,0.48500000000000004,0,1,Medium,0.0,Low,Possible (1 year)
PL0770,Victor Brown,Ukraine,GK,Sevilla,30,1996-06-22,Both,2028-04-03,2,251,15086,2,1,914.5,427.0,46.795,425.0,459.0,6.35,10,68,6,25.1,60.1,85.79,643.0,783.0,1271.0,133.0,555.0,66.96,180.0,21,1490,71.0,168,8,"Ligament Damage, Muscle Injury, Shoulder Injury, Concussion, Calf Injury, Hip Injury, Ankle Injury, Knee Injury, ACL Injury, Hamstring Injury, Back Injury, Achilles Injury, Fracture",2025-04-30,339.0,2.1,1,1,1,1,4.08,341,0,0.281,3028,0.331,0.455,0.214,14.57,44150,48.8,1,8.54,4039,2000,8964,8.71,10.29,16.85,3,Stable,0.0079681274900398,0.0039840637450199,3,0.0119521912350597,5028.666666666667,7543.0,-2.8000000000000007,15.02,10.0,0.0,3.227272727272727,14.93115171315001,0,Experienced,0.0,0.137128,32.81881681627339,0.4060999999999999,1.37774,29.216200000000004,63.83632522441009,300.8877445932029,30-33,56,0.1,0.5,0.1,0.2,5.0,0.3,0.7000000000000001,1,3,Very High,1.0,Very High,Very Likely (now)
PL0771,John Morales,Serbia,ST,Villarreal,27,1999-05-09,Left,2030-04-03,4,408,39963,199,42,509.0,317.0,47.12,889.0,241.0,6.61,9,58,6,45.3,97.9,85.79,643.0,783.0,1271.0,94.0,756.0,72.12,246.0,2,117,58.5,93,24,Ligament Damage,2023-11-03,883.0,0.2,0,0,0,0,0.32,16,0,0.233,43563,0.329,0.512,0.159,8.09,500115,60.3,1,1.31,7088,4162,12004,89.83,102.48,138.76,4,Stable,0.4877450980392157,0.1029411764705882,241,0.5906862745098039,199.815,929.3720930232558,-1.8000000000000007,17.16,0.72,96.07843137254902,19.5,307.9828607100494,1,Prime,0.0,0.140499,20.13522390477665,0.3026,22.304256,49.69288627450982,73.6092789944199,54.70977240395224,26-29,39,0.1,0.8,0.9,0.2,0.36,0.7,0.45600000000000007,0,1,Medium,0.0,Low,Possible (1 year)
PL0772,Michael Henry,Ghana,CB,Celta Vigo,27,1999-12-19,Both,2028-04-03,2,203,17743,13,7,914.5,427.0,46.795,425.0,459.0,6.48,9,53,8,22.6,87.4,78.45,647.0,932.0,1977.0,94.0,756.0,72.12,246.0,13,1369,105.3,169,36,"Ligament Damage, Shoulder Injury, Muscle Injury, Ankle Injury, Knee Injury, Hamstring Injury, Groin Strain, Back Injury, Meniscus Tear, Fracture",2024-06-12,661.0,1.3,1,1,0,1,3.75,336,0,0.0,8613,0.015,0.621,0.363,11.13,146035,32.0,1,3.29,167,4666,7221,22.33,30.56,15.3,1,Stable,0.064039408866995,0.0344827586206896,20,0.0985221674876847,1267.357142857143,2217.875,-3.3000000000000007,13.06,6.35,0.0,7.521428571428571,38.279290212932224,1,Prime,0.0,0.0,0.0,0.1132,5.348673,28.758400000000005,21.6792,123.26789541363054,26-29,57,0.1,0.8,0.1,0.2,3.175,0.4,0.5875000000000001,1,2,High,1.0,Very High,Likely (6 months)
PL0773,Theodore Jones,Norway,CDM,PSG,22,2004-08-22,Both,2029-04-03,3,404,24348,35,99,914.5,427.0,46.795,168.0,419.0,7.15,4,53,3,101.0,60.3,83.82,397.0,783.0,1271.0,94.0,756.0,72.12,246.0,4,224,56.0,84,10,"Ankle Injury, Meniscus Tear, Calf Injury",2025-06-03,305.0,0.4,0,0,0,1,0.61,40,0,0.277,2616,0.217,0.411,0.372,7.17,35536,44.8,1,6.8,5973,1435,18702,71.11,83.31,54.7,3,Rising,0.0866336633663366,0.245049504950495,134,0.3316831683168317,676.3333333333334,243.48,1.6999999999999993,12.08,1.41,90.0990099009901,11.2,182.8508952334266,0,Emerging,17.156518070594856,0.124096,15.6300991109761,0.3617,1.075176,49.75920198019802,65.50474965656316,69.00457908777982,22-25,43,0.1,0.5,0.6,0.2,0.705,0.4,0.35550000000000004,0,1,Medium,0.0,Low,Possible (1 year)
PL0774,Bobby Franklin,Nigeria,RB,AC Milan,22,2004-09-06,Both,2029-04-03,3,424,13939,13,34,914.5,427.0,46.795,425.0,459.0,7.29,4,46,2,106.0,32.9,79.45,1017.0,1095.0,1566.0,94.0,756.0,72.12,246.0,8,719,89.9,146,25,"Muscle Injury, Calf Injury, Knee Injury, Hamstring Injury, Groin Strain, Achilles Injury",2025-08-22,225.0,0.8,1,1,0,0,1.97,170,0,0.131,15925,0.279,0.439,0.281,6.55,299796,15.3,1,1.61,4472,3711,5223,30.42,40.56,38.51,2,Rising,0.0306603773584905,0.080188679245283,47,0.1108490566037735,995.6428571428572,398.25714285714287,3.4000000000000004,12.48,3.5700000000000003,59.90566037735849,9.988888888888887,78.22140673605453,0,Emerging,33.33333333333333,0.020043,8.302241483490961,0.2643999999999999,6.991075,44.1659320754717,47.39632826297229,140.56630195885327,22-25,38,0.1,0.5,0.1,0.2,1.7850000000000001,0.5,0.3985,0,1,Medium,0.0,Low,Possible (1 year)
PL0775,Austin Hill,Central African Republic,CAM,Manchester United,21,2005-05-24,Both,2031-04-03,5,231,19152,46,22,914.5,427.0,46.795,499.0,771.0,6.71,3,53,0,77.0,82.9,85.13,737.0,783.0,1271.0,94.0,756.0,72.12,246.0,0,0,0.0,0,0,,2023-06-26,614.0,0.0,0,0,0,0,0.0,0,0,0.134,10199,0.283,0.544,0.173,9.88,148156,17.2,1,1.69,1654,790,19756,58.09,65.58,136.12,6,Rising,0.1991341991341991,0.0952380952380952,68,0.2943722943722944,407.48936170212767,832.695652173913,4.7,7.62,0.0,100.0,0.0,248.952526698302,0,Emerging,12.893785505250465,0.023048,12.219970919596664,0.2466,5.548256,48.857200000000006,62.758556379395,82.6826874259604,18-21,29,0.3,0.5,0.6,0.2,0.0,0.6,0.37500000000000006,0,1,Medium,0.0,Low,Possible (1 year)
PL0776,Mark Kelley,Iran,LB,Villarreal,19,2007-04-12,Right,2028-04-03,2,445,35288,22,13,914.5,427.0,46.795,425.0,459.0,6.32,1,34,5,445.0,79.3,83.26,707.0,910.0,1087.0,94.0,756.0,72.12,246.0,2,284,142.0,180,104,"Ligament Damage, Concussion",2025-07-29,249.0,0.2,0,0,0,0,0.78,56,0,0.019,2629,0.151,0.599,0.25,13.68,45844,78.9,1,2.6,8094,4250,1049,15.62,20.81,33.7,3,Rising,0.049438202247191,0.0292134831460674,35,0.0786516853932584,1534.2608695652175,2520.5714285714284,1.5999999999999996,9.9,1.1800000000000002,87.41573033707866,47.333333333333336,26.776646355844218,0,Emerging,33.226632522407165,0.014991,2.0468021934146567,0.1591,1.574771,45.06134606741573,43.24087632382985,271.12723265593104,18-21,20,0.6,0.3,0.1,0.2,0.5900000000000001,0.5,0.41400000000000003,0,1,Medium,0.0,Low,Possible (1 year)
PL0777,Frederick Vang,Czech Republic,RB,Monaco,27,1999-06-09,Left,2031-04-03,5,329,37144,26,58,914.5,427.0,46.795,425.0,459.0,7.51,9,54,2,36.6,112.9,78.02,535.0,1129.0,1841.0,94.0,756.0,72.12,246.0,14,1227,87.6,178,8,"Muscle Injury, Shoulder Injury, Ankle Injury, Knee Injury, ACL Injury, Achilles Injury, Meniscus Tear",2024-02-20,774.0,1.4,1,0,1,1,3.36,211,0,0.382,13813,0.416,0.317,0.267,8.53,110790,76.2,0,2.35,2029,3821,19289,34.03,43.37,62.1,4,Stable,0.0790273556231003,0.1762917933130699,84,0.2553191489361702,1375.7037037037037,629.5593220338983,2.6,15.58,8.16,35.86626139817629,5.84,145.8401529272373,1,Prime,0.0,0.291084,31.064325895567013,0.4377,0.0,41.204652279635255,70.87881498316816,117.62675500895018,26-29,35,0.3,0.8,0.1,0.2,4.08,0.5,0.7580000000000001,1,3,Very High,1.0,Very High,Very Likely (now)
PL0778,Joseph Chavez,Argentina,CAM,Liverpool,26,2000-01-28,Left,2031-04-03,5,478,32471,12,119,914.5,427.0,46.795,267.0,299.0,6.71,8,34,6,59.8,67.9,92.6,321.0,783.0,1271.0,94.0,756.0,72.12,246.0,6,779,129.8,178,61,"Groin Strain, Knee Injury, Calf Injury, Hamstring Injury",2024-09-06,575.0,0.6,1,1,0,0,2.13,122,0,0.11,18515,0.107,0.569,0.324,4.08,159622,8.1,1,3.96,8063,4132,4689,72.66,98.32,188.34,6,Stable,0.0251046025104602,0.2489539748953975,131,0.2740585774058577,2497.769230769231,270.59166666666664,0.5999999999999996,17.560000000000002,3.33,74.47698744769875,18.542857142857144,311.39422602683106,1,Prime,0.0,0.00891,4.410084057365441,0.2019,10.535035,45.65119748953975,42.78072483081804,61.97555999122963,26-29,60,0.1,0.8,0.9,0.2,1.665,0.6,0.5765,1,2,High,0.989,Very High,Likely (6 months)
PL0779,Larry Garcia,Morocco,GK,Marseille,38,1988-04-17,Left,2027-04-04,1,389,25264,2,2,914.5,427.0,46.795,425.0,459.0,6.48,10,13,4,38.9,64.9,85.79,643.0,783.0,1271.0,109.0,775.0,71.59,166.0,11,800,72.7,169,9,"Muscle Injury, Shoulder Injury, Concussion, Ankle Injury, Knee Injury, ACL Injury, Groin Strain, Achilles Injury, Fracture",2026-03-31,4.0,1.1,1,0,1,1,2.19,153,1,0.058,16672,0.208,0.549,0.244,6.47,272587,42.9,1,4.82,7644,1001,8759,3.79,4.41,7.82,2,Declining,0.0051413881748071,0.0051413881748071,4,0.0102827763496143,8421.333333333334,8421.333333333334,4.7,17.78,9.39,60.66838046272493,6.058333333333334,3.2485111936187447,0,Veteran,0.0,0.024882,3.648107323275298,0.224,9.152928,42.057676092545,27.720999031185443,878.030816128288,34+,47,0.1,0.7,0.1,0.2,4.695,0.3,0.7095,1,3,Very High,1.0,Very High,Very Likely (now)
PL0780,Michael Farrell,Netherlands,CB,Al Hilal,35,1991-07-02,Left,2028-04-03,2,188,37835,11,6,914.5,427.0,46.795,425.0,459.0,6.77,10,30,7,18.8,201.2,83.91,688.0,793.0,610.0,94.0,756.0,72.12,246.0,14,1259,89.9,176,7,"Muscle Injury, Calf Injury, Knee Injury, Hamstring Injury, Groin Strain, Back Injury, Achilles Injury, Meniscus Tear, Fracture",2024-01-27,798.0,1.4,1,1,0,1,3.45,248,0,0.029,6552,0.12,0.592,0.289,4.45,52568,65.1,1,3.09,8129,2133,6094,5.3,6.75,22.8,5,Declining,0.0585106382978723,0.0319148936170212,17,0.0904255319148936,3152.9166666666665,5405.0,0.0,13.76,6.25,0.0,5.993333333333334,9.0855458185643,0,Veteran,0.0,0.018879,1.1340498767480471,0.1601,3.878784,30.1522,24.27717481512207,478.6063492063492,34+,56,0.1,0.7,0.1,0.2,3.125,0.4,0.5625,1,2,High,0.956,Very High,Likely (6 months)
PL0781,Matthew Mack,Kosovo,CDM,Tottenham,23,2003-10-15,Left,2028-04-03,2,298,34469,73,55,914.5,427.0,46.795,235.0,261.0,7.16,5,20,6,59.6,115.7,87.79,262.0,783.0,1271.0,94.0,756.0,72.12,246.0,7,730,104.3,176,39,"Shoulder Injury, Calf Injury, ACL Injury, Hamstring Injury, Meniscus Tear, Fracture",2026-02-08,55.0,0.7,0,1,1,1,2.0,132,0,0.453,2538,0.379,0.296,0.325,9.92,19738,43.9,0,3.15,7983,2187,3867,42.1,51.5,42.34,2,Rising,0.2449664429530201,0.1845637583892617,128,0.4295302013422818,465.7972972972973,615.5178571428571,2.0,10.96,5.4,55.70469798657718,13.0375,72.1700903701051,0,Emerging,22.32779097387173,0.198867,35.228946478041216,0.4672,0.0,42.90733959731544,83.49708951571955,99.55299210514023,22-25,22,0.6,0.8,0.3,0.2,2.7,0.4,0.7450000000000001,1,3,Very High,1.0,Very High,Very Likely (now)
PL0782,Nathan Lewis,Mali,RW,Inter Miami,25,2001-06-21,Left,2028-04-03,2,388,34659,35,77,867.0,333.0,37.53,488.0,693.0,7.57,7,23,5,55.4,89.3,85.79,643.0,783.0,1271.0,94.0,756.0,72.12,246.0,5,601,120.2,167,73,"Back Injury, Shoulder Injury, Hip Injury, Fracture",2026-03-28,7.0,0.5,0,0,0,1,1.65,114,1,0.34,36593,0.362,0.422,0.216,3.87,210637,85.9,1,3.96,9382,1163,11013,106.06,127.49,82.45,1,Rising,0.0902061855670103,0.1984536082474226,112,0.2886597938144329,962.75,444.34615384615387,2.7,14.76,5.65,70.61855670103093,20.03333333333333,181.81377160696783,1,Prime,0.0,0.29206,13.825952148211952,0.3998,15.442246,48.15531134020618,53.51658389242103,44.97974158435101,22-25,10,1.0,0.8,0.9,0.2,2.825,0.7,1.0,1,3,Very High,1.0,Very High,Very Likely (now)
PL0783,Jesse Perez,Mali,ST,Al Nassr,29,1997-05-07,Left,2028-04-03,2,333,23854,70,130,415.0,427.0,49.02,492.0,183.0,6.85,10,25,0,33.3,71.6,85.79,643.0,783.0,1271.0,94.0,756.0,72.12,246.0,5,532,106.4,164,34,"Concussion, Calf Injury, Ankle Injury, Knee Injury, Achilles Injury",2023-12-28,828.0,0.5,1,0,0,0,1.46,95,0,0.103,61427,0.073,0.563,0.364,6.73,942063,73.9,1,5.93,8199,1882,13155,63.51,83.91,137.67,4,Stable,0.2102102102102102,0.3903903903903903,200,0.6006006006006006,335.9718309859155,182.0916030534351,7.5,16.66,2.46,71.47147147147147,17.733333333333334,108.8722669692488,0,Experienced,0.0,0.076117,7.642850246115075,0.2098,34.583400999999995,45.44589429429431,49.26722251631976,70.44782869988268,26-29,34,0.3,0.5,0.6,0.2,1.23,0.7,0.508,0,1,Medium,0.003,Low,Possible (1 year)
PL0784,Gerald Chavez,Germany,RW,Real Sociedad,27,1999-03-20,Right,2030-04-03,4,355,28588,157,97,1324.0,577.0,43.46,515.0,216.0,7.07,9,54,5,39.4,80.5,85.79,643.0,783.0,1271.0,94.0,756.0,72.12,246.0,3,124,41.3,105,8,"Groin Strain, Ligament Damage, Ankle Injury",2023-09-24,923.0,0.3,0,0,0,0,0.34,22,0,0.186,16742,0.222,0.459,0.319,3.94,214441,62.7,1,4.8,1270,1095,19303,92.85,128.36,228.39,5,Stable,0.4422535211267606,0.2732394366197183,254,0.7154929577464789,180.9367088607595,291.7142857142857,-0.4000000000000003,16.1,0.94,93.80281690140843,10.325,318.33695443535663,1,Prime,0.0,0.116622,7.1274080327353335,0.2972,7.684578,50.854963380281696,54.23859373924385,54.18749427840351,26-29,9,1.0,0.8,0.9,0.2,0.47,0.7,0.782,1,3,Very High,1.0,Very High,Very Likely (now)
PL0785,Jason Davis,Hungary,CB,Sevilla,21,2005-08-13,Left,2027-04-04,1,295,27431,13,20,914.5,427.0,46.795,425.0,459.0,7.35,3,69,6,98.3,93.0,79.92,914.0,791.0,717.0,94.0,756.0,72.12,246.0,3,344,114.7,172,23,"Muscle Injury, Fracture, Hamstring Injury",2024-01-13,812.0,0.3,0,1,0,1,0.94,64,0,0.197,3627,0.158,0.535,0.307,2.96,53803,5.1,1,1.26,5476,1587,12421,30.74,37.31,53.1,3,Rising,0.0440677966101694,0.0677966101694915,33,0.111864406779661,1959.357142857143,1306.2380952380952,-2.9000000000000004,8.9,1.54,78.30508474576271,28.675,26.348082873836468,0,Emerging,21.37280416395577,0.0100469999999999,4.7795062333673695,0.2318,1.940445,47.30461694915255,47.741567824627325,149.03786058334137,18-21,15,0.6,0.5,0.1,0.2,0.77,0.4,0.4620000000000001,0,1,Medium,0.0,Low,Possible (1 year)
PL0786,Jeffery Ortega,Senegal,LW,Atletico Madrid,22,2004-06-01,Both,2029-04-03,3,171,18922,41,96,521.0,321.0,50.95,726.0,275.0,6.47,4,13,6,42.8,110.7,85.79,643.0,783.0,1271.0,94.0,756.0,72.12,246.0,1,16,16.0,16,16,Knee Injury,2026-02-09,54.0,0.1,1,0,0,0,0.04,4,0,0.296,26851,0.381,0.413,0.206,9.5,518766,83.2,1,8.31,1797,1446,7118,63.1,85.45,30.69,2,Rising,0.239766081871345,0.5614035087719298,137,0.8011695906432749,450.5238095238095,195.0721649484536,2.7,7.42,0.24,97.6608187134503,8.0,162.25413428813414,0,Emerging,35.419968304278925,0.246272,28.677044785184897,0.4332,11.089463,47.76256374269006,86.41684904912238,74.51257994179417,22-25,22,0.6,0.5,0.6,0.2,0.12,0.7,0.502,0,1,Medium,0.001,Low,Possible (1 year)
PL0787,James Hernandez,Uruguay,CDM,Crystal Palace,20,2006-01-21,Both,2028-04-03,2,463,23731,22,77,914.5,427.0,46.795,291.0,608.0,7.23,2,64,8,231.5,51.3,89.92,292.0,783.0,1271.0,94.0,756.0,72.12,246.0,6,536,89.3,171,31,"Muscle Injury, Ligament Damage, Hip Injury, Hamstring Injury, Groin Strain",2024-08-21,591.0,0.6,0,1,0,0,1.47,77,0,0.163,7793,0.16,0.444,0.396,2.43,95553,24.9,1,7.77,7874,535,19058,31.12,42.51,42.34,3,Rising,0.0475161987041036,0.1663066954643628,99,0.2138228941684665,1031.7826086956522,304.2435897435897,-4.4,11.26,2.67,83.36933045356372,12.757142857142856,53.34758224032472,0,Emerging,36.600257069408734,0.040587,3.5494058562695985,0.3021,3.460092,48.450066090712745,44.20914182976077,150.84080352027627,18-21,15,0.6,0.3,0.1,0.2,1.335,0.4,0.47850000000000004,0,1,Medium,0.001,Low,Possible (1 year)
PL0788,Thomas Jones,France,LB,Arsenal,30,1996-02-13,Right,2031-04-03,5,171,31338,2,38,914.5,427.0,46.795,425.0,459.0,6.88,10,28,0,17.1,183.3,87.38,599.0,1131.0,1988.0,94.0,756.0,72.12,246.0,6,652,108.7,140,78,"Ligament Damage, Shoulder Injury, Calf Injury, Hip Injury, Back Injury, Meniscus Tear",2023-05-08,1062.0,0.6,0,0,0,1,1.79,127,0,0.142,13416,0.12,0.501,0.379,14.79,263277,56.2,1,4.96,8606,1730,15919,22.65,27.83,11.52,1,Stable,0.0116959064327485,0.2222222222222222,40,0.2339181286549707,10446.0,803.5384615384615,7.2,13.42,2.99,25.730994152046776,15.528571428571428,97.06962867475536,0,Experienced,0.0,0.079804,19.960694231050933,0.2422,6.7214160000000005,35.834598830409355,61.87834076178108,151.5205024541622,30-33,22,0.6,0.5,0.1,0.2,1.495,0.5,0.5445000000000001,0,1,Medium,0.003,Low,Possible (1 year)
PL0789,Ronald Davis,Morocco,RB,AC Milan,24,2002-01-10,Right,2029-04-03,3,205,24730,5,34,914.5,427.0,46.795,425.0,459.0,6.89,6,41,0,34.2,120.6,78.59,572.0,500.0,1541.0,94.0,756.0,72.12,246.0,10,770,77.0,173,10,"Hip Injury, Knee Injury, Hamstring Injury, Meniscus Tear, Fracture",2023-07-14,995.0,1.0,1,1,0,1,2.11,138,0,0.27,1834,0.386,0.429,0.185,14.3,24407,14.1,1,6.85,8551,103,19731,33.55,39.64,40.13,3,Rising,0.024390243902439,0.1658536585365853,39,0.1902439024390244,4121.666666666667,706.5714285714286,5.9,10.1,4.109999999999999,32.68292682926828,7.0,86.26982892816007,0,Prime,18.15201192250374,0.03807,29.01464187524676,0.4065,0.786786,36.92958536585365,73.76675549579696,106.88736719494548,22-25,25,0.3,0.8,0.1,0.2,2.0549999999999997,0.5,0.5555000000000001,1,2,High,0.997,Very High,Likely (6 months)
PL0790,Brent Rodgers,Turkey,LW,RB Leipzig,21,2005-06-14,Both,2028-04-03,2,406,38651,88,67,563.0,248.0,51.26,494.0,519.0,8.15,3,45,7,135.3,95.2,85.79,643.0,783.0,1271.0,94.0,756.0,72.12,246.0,7,616,88.0,159,16,"Back Injury, Fracture, Knee Injury, Hip Injury",2023-10-12,905.0,0.7,1,0,0,1,1.69,101,0,0.421,8226,0.42,0.301,0.28,7.84,108187,27.0,0,6.39,9260,2068,17904,79.84,90.97,204.27,6,Rising,0.2167487684729064,0.1650246305418719,155,0.3817733990147783,434.2808988764045,568.3970588235294,-1.5,11.12,3.09,75.1231527093596,11.0,136.86603361399503,0,Emerging,13.940380761523038,0.11367,29.755852846750056,0.4981,0.0,50.84483054187192,83.87619454106104,62.89563402012856,18-21,29,0.3,0.5,0.9,0.2,1.545,0.7,0.5845,1,2,High,0.981,Very High,Possible (1 year)
PL0791,Robert Hawkins,Norway,CAM,Galatasaray,24,2002-03-26,Right,2030-04-03,4,333,22737,61,42,914.5,427.0,46.795,510.0,316.0,7.35,6,33,5,55.5,68.3,82.56,217.0,783.0,1271.0,94.0,756.0,72.12,246.0,11,723,65.7,164,13,"Muscle Injury, Shoulder Injury, Ligament Damage, Calf Injury, Knee Injury, Groin Strain, Achilles Injury, Meniscus Tear, Fracture",2024-12-13,477.0,1.1,1,0,0,1,1.98,169,0,0.139,18841,0.294,0.496,0.21,11.63,159576,12.3,1,3.01,3522,3698,2205,74.32,99.64,86.82,5,Rising,0.1831831831831832,0.1261261261261261,103,0.3093093093093093,366.7258064516129,528.7674418604652,1.6999999999999993,12.66,4.18,49.249249249249246,5.4750000000000005,254.8067038625278,0,Prime,34.06889128094727,0.017097,15.913262409476296,0.2747,9.345136,42.33124984984985,56.67551853913936,56.201871813395975,22-25,10,1.0,0.8,0.9,0.2,2.09,0.6,0.9339999999999999,1,3,Very High,1.0,Very High,Very Likely (now)
PL0792,Kevin Hoffman,USA,CDM,AS Roma,24,2002-03-07,Both,2027-04-04,1,452,33505,96,65,914.5,427.0,46.795,368.0,657.0,7.24,6,36,1,75.3,74.1,89.14,459.0,783.0,1271.0,94.0,756.0,72.12,246.0,6,682,113.7,176,48,"Shoulder Injury, Concussion, Knee Injury, Groin Strain, Meniscus Tear, Fracture",2026-02-09,54.0,0.6,1,0,0,1,1.87,124,0,0.378,7602,0.299,0.437,0.264,6.07,41564,85.6,1,8.94,349,177,10714,47.43,54.69,67.59,3,Rising,0.2123893805309734,0.1438053097345132,161,0.3561946902654867,345.41237113402065,507.6515151515151,5.4,15.04,3.0700000000000003,72.56637168141593,16.242857142857144,40.65353190325517,0,Prime,15.306767868437692,0.323568,20.50397873407924,0.4428999999999999,3.322074,47.3670743362832,68.29950526926046,97.80523298840222,22-25,39,0.1,0.8,0.3,0.2,1.5350000000000001,0.4,0.4535000000000001,0,1,Medium,0.0,Low,Possible (1 year)
PL0793,Gary Martinez,Morocco,LW,AC Milan,22,2004-06-23,Right,2027-04-04,1,457,15479,115,50,810.0,612.0,38.13,650.0,410.0,7.91,4,60,6,114.2,33.9,85.79,643.0,783.0,1271.0,94.0,756.0,72.12,246.0,3,175,58.3,99,7,"Meniscus Tear, Hip Injury",2025-12-12,113.0,0.3,0,0,0,1,0.48,34,0,0.643,23288,0.639,0.256,0.105,13.1,436843,55.2,0,1.91,2136,4237,1098,100.63,116.91,47.63,2,Rising,0.2516411378555798,0.1094091903719912,165,0.3610503282275711,133.43965517241378,303.5098039215686,-2.0,13.14,1.08,92.5601750547046,14.575,86.25268638887975,0,Emerging,16.178078107920104,0.354936,84.70248462932406,0.6168000000000001,0.0,54.01363501094093,100.0,53.14733347529364,22-25,11,1.0,0.5,0.9,0.2,0.54,0.7,0.729,1,3,Very High,1.0,Very High,Very Likely (now)
PL0794,Hayden Ortega,Mexico,RB,PSG,19,2007-01-20,Both,2027-04-04,1,226,16086,24,42,914.5,427.0,46.795,425.0,459.0,7.21,1,70,0,226.0,71.2,89.63,531.0,837.0,992.0,94.0,756.0,72.12,246.0,2,272,136.0,167,105,"Ligament Damage, Muscle Injury",2025-01-20,439.0,0.2,0,0,0,0,0.75,61,0,0.37,9365,0.389,0.35,0.261,14.9,54966,93.0,0,7.56,8864,2346,16326,30.82,40.71,33.78,3,Rising,0.1061946902654867,0.1858407079646017,66,0.2920353982300885,643.44,374.09302325581393,3.0,5.52,1.15,73.00884955752213,45.333333333333336,26.416653030957708,0,Emerging,32.08955223880597,0.3440999999999999,50.415510581655845,0.4703,0.0,45.486369911504426,100.0,142.94899406506732,18-21,58,0.1,0.3,0.1,0.2,0.575,0.5,0.2375,0,0,Low,0.0,Low,Unlikely
PL0795,Paul Parrish,Slovenia,CM,Villarreal,24,2002-01-23,Right,2027-04-04,1,196,18086,44,71,914.5,427.0,46.795,367.0,624.0,7.44,6,13,1,32.7,92.3,81.3,538.0,783.0,1271.0,94.0,756.0,72.12,246.0,8,846,105.8,172,33,"Ligament Damage, Shoulder Injury, Calf Injury, Hip Injury, ACL Injury, Groin Strain, Achilles Injury, Meniscus Tear",2025-05-23,316.0,0.8,0,0,1,1,2.32,154,0,0.352,25440,0.439,0.401,0.16,11.57,210839,7.0,1,4.34,4929,871,10722,68.52,95.61,216.75,6,Rising,0.2244897959183673,0.3622448979591837,115,0.5867346938775511,401.9111111111111,251.19444444444449,7.7,9.92,5.92,21.42857142857143,11.755555555555556,58.73033957434205,0,Prime,39.53590192644484,0.02464,41.313337981908106,0.4357,10.20144,36.90111428571429,88.5805641157193,53.0798536906132,22-25,7,1.0,0.8,0.6,0.2,2.96,0.5,0.966,1,3,Very High,1.0,Very High,Very Likely (now)
PL0796,Nathan Schmitt,Tunisia,CAM,Aston Villa,23,2003-09-09,Right,2030-04-03,4,239,17857,67,95,914.5,427.0,46.795,491.0,697.0,6.56,5,43,3,47.8,74.7,86.08,458.0,783.0,1271.0,94.0,756.0,72.12,246.0,10,1061,106.1,176,45,"Ligament Damage, Shoulder Injury, Concussion, Ankle Injury, Back Injury, Achilles Injury, Meniscus Tear, Fracture",2025-09-27,189.0,1.0,0,0,0,1,2.91,184,0,0.294,41157,0.249,0.358,0.393,12.03,441198,41.6,0,9.03,1097,3339,7184,50.47,69.05,92.78,4,Rising,0.2803347280334728,0.3974895397489539,162,0.6778242677824268,262.6029411764706,186.01041666666663,2.7,9.78,4.91,23.012552301255223,9.645454545454545,173.0367914954491,0,Emerging,36.81394888052308,0.122304,37.579326484533496,0.411,0.0,33.62051046025105,83.35924495692578,65.32059541529249,22-25,18,0.6,0.8,0.3,0.2,2.455,0.6,0.7404999999999999,1,3,Very High,1.0,Very High,Very Likely (now)
PL0797,Kyle Bell,Switzerland,RW,Al Ittihad,25,2001-11-21,Both,2027-04-04,1,448,40474,171,33,952.0,203.0,41.3,883.0,217.0,6.97,7,32,0,64.0,90.3,85.79,643.0,783.0,1271.0,94.0,756.0,72.12,246.0,13,1079,83.0,162,8,"Muscle Injury, Shoulder Injury, Concussion, Ankle Injury, Knee Injury, Groin Strain, Back Injury, Achilles Injury, Fracture",2025-08-05,242.0,1.3,1,0,0,1,2.96,266,0,0.349,11968,0.359,0.474,0.168,11.34,184958,99.9,1,9.9,9771,2772,11241,69.96,91.68,117.62,3,Rising,0.3816964285714285,0.0736607142857142,204,0.4553571428571428,235.3139534883721,1190.4117647058824,6.8,15.96,5.5600000000000005,40.625,5.928571428571429,59.96460240252437,1,Prime,0.0,0.348651,37.16272522528681,0.4515,5.672832,40.1,84.67408783793022,56.51071025930102,22-25,48,0.1,0.8,0.6,0.2,2.7800000000000002,0.7,0.653,1,2,High,1.0,Very High,Likely (6 months)
PL0798,Kenneth Lewis,Poland,CB,Napoli,23,2003-11-17,Right,2029-04-03,3,280,33506,34,7,914.5,427.0,46.795,425.0,459.0,7.51,5,60,8,56.0,119.7,89.5,1009.0,962.0,1724.0,94.0,756.0,72.12,246.0,13,1204,92.6,163,13,"Ligament Damage, Shoulder Injury, Concussion, Calf Injury, Knee Injury, ACL Injury, Hamstring Injury, Groin Strain, Back Injury, Achilles Injury, Fracture",2024-06-02,671.0,1.3,1,1,1,1,3.3,264,0,0.475,1005,0.43,0.371,0.198,12.93,8878,5.7,0,5.39,1364,3871,475,39.45,54.58,21.46,2,Rising,0.1214285714285714,0.025,41,0.1464285714285714,957.3142857142856,4188.25,-4.0,10.6,7.9,5.714285714285722,6.614285714285714,101.44097619123444,0,Emerging,38.35234474017742,0.027075,42.46244637341412,0.4987,0.0,34.30025714285714,85.04379813154975,84.79668020483841,22-25,48,0.1,0.8,0.1,0.2,3.95,0.4,0.665,1,2,High,1.0,Very High,Likely (6 months)
PL0799,Matthew Walker,Ecuador,GK,Manchester United,27,1999-02-17,Left,2031-04-03,5,276,34434,0,5,914.5,427.0,46.795,425.0,459.0,7.09,9,63,6,30.7,124.8,85.79,643.0,783.0,1271.0,48.0,603.0,72.88,324.0,9,748,83.1,176,8,"Ligament Damage, Shoulder Injury, Muscle Injury, Ankle Injury, ACL Injury, Back Injury",2025-07-20,258.0,0.9,0,0,1,1,2.05,183,0,0.382,3963,0.394,0.341,0.266,7.38,68010,58.1,0,8.91,338,2399,12359,37.78,47.73,31.1,2,Stable,0.0,0.0181159420289855,5,0.0181159420289855,34434.0,5739.0,-2.3000000000000007,14.52,5.85,33.69565217391305,8.309999999999999,161.91128350252794,1,Prime,0.0,0.221942,23.356765677696483,0.4919,0.0,38.98693043478261,62.82861373393602,100.53360091485976,26-29,53,0.1,0.8,0.1,0.2,2.925,0.3,0.5525,1,2,High,0.918,Very High,Likely (6 months)
PL0800,Brian Bruce,Colombia,RB,Liverpool,23,2003-08-07,Right,2031-04-03,5,434,38072,20,11,914.5,427.0,46.795,425.0,459.0,6.93,5,16,7,86.8,87.7,80.08,1241.0,691.0,703.0,94.0,756.0,72.12,246.0,15,1105,73.7,177,8,"Muscle Injury, Shoulder Injury, Ligament Damage, Calf Injury, Knee Injury, Groin Strain, Back Injury, Achilles Injury, Meniscus Tear, Fracture",2023-05-17,1053.0,1.5,1,0,0,1,3.03,167,0,0.239,2742,0.329,0.439,0.232,12.77,32167,69.3,1,2.14,7171,4628,9047,33.92,42.8,94.87,5,Rising,0.0460829493087557,0.0253456221198156,31,0.0714285714285714,1812.952380952381,3172.6666666666665,1.4000000000000004,13.68,6.029999999999999,61.52073732718894,4.60625,145.3687330970288,0,Emerging,26.17924528301885,0.165627,24.16233396656629,0.3278999999999999,1.203738,43.41594746543779,65.89147468256833,124.32974646459849,22-25,16,0.6,0.8,0.1,0.2,3.0149999999999997,0.5,0.7565000000000001,1,3,Very High,1.0,Very High,Very Likely (now)
PL0801,Jacob Farmer,Sweden,RB,Al Hilal,23,2003-06-23,Right,2030-04-03,4,395,32211,19,20,914.5,427.0,46.795,425.0,459.0,6.87,5,36,8,79.0,81.5,88.67,877.0,1150.0,856.0,94.0,756.0,72.12,246.0,4,121,30.2,66,7,"Back Injury, Concussion, ACL Injury",2025-06-22,286.0,0.4,0,0,1,1,0.33,27,0,0.39,2909,0.449,0.443,0.108,2.79,33072,32.8,1,2.21,494,2796,7371,33.1,45.64,36.95,3,Rising,0.0481012658227848,0.050632911392405,39,0.0987341772151898,1610.55,1533.857142857143,-1.5999999999999996,12.9,3.13,93.16455696202532,6.04,113.4836100356522,0,Emerging,37.88519637462235,0.12792,8.678585886696121,0.4242,1.288687,49.54131139240506,51.52853452624672,145.2824381008946,22-25,56,0.1,0.8,0.1,0.2,1.565,0.5,0.43650000000000005,0,1,Medium,0.0,Low,Possible (1 year)
PL0802,Kenneth Aguirre,Argentina,RW,Celta Vigo,27,1999-08-07,Both,2030-04-03,4,318,34399,175,141,633.0,656.0,51.14,268.0,420.0,6.7,9,65,2,35.3,108.2,85.79,643.0,783.0,1271.0,94.0,756.0,72.12,246.0,14,1565,111.8,179,20,"Concussion, Calf Injury, Hip Injury, Knee Injury, Hamstring Injury, Groin Strain, Back Injury, Fracture",2024-11-19,501.0,1.4,1,1,0,1,4.29,383,0,0.129,38125,0.114,0.439,0.447,7.85,281499,89.7,1,7.55,5762,3955,18180,47.25,61.71,29.82,1,Stable,0.550314465408805,0.4433962264150943,316,0.9937106918238994,195.44886363636363,242.24647887323945,1.5,15.36,7.09,0.0,7.453333333333333,161.99699619892948,1,Prime,0.0,0.115713,10.682092187623809,0.2735,16.736875,30.419,37.05263828143571,63.04455958549223,26-29,52,0.1,0.8,0.3,0.2,3.545,0.7,0.6845,1,2,High,1.0,Very High,Likely (6 months)
PL0803,Ryan Villegas,Norway,CDM,Al Nassr,22,2004-11-03,Right,2027-04-04,1,193,23223,69,26,914.5,427.0,46.795,385.0,727.0,7.77,4,23,1,48.2,120.3,90.66,753.0,783.0,1271.0,94.0,756.0,72.12,246.0,6,529,88.2,162,24,"Ankle Injury, Back Injury, Knee Injury, Meniscus Tear",2025-06-22,286.0,0.6,1,0,0,1,1.45,76,0,0.568,5444,0.444,0.321,0.235,11.12,28132,97.9,0,1.89,6889,4470,8819,59.53,74.66,23.21,1,Rising,0.3575129533678756,0.1347150259067357,95,0.4922279792746113,331.75714285714287,860.1111111111111,6.7,7.859999999999999,2.65,60.62176165803109,12.6,51.02476816784271,0,Emerging,25.415756761296816,0.556072,54.33446976386401,0.5151,0.0,45.80655233160622,100.0,75.67578445664334,22-25,28,0.3,0.5,0.6,0.2,1.325,0.4,0.48750000000000004,0,1,Medium,0.015,Low,Possible (1 year)
PL0804,Robert Austin,Germany,CAM,West Ham,20,2006-09-03,Right,2027-04-04,1,390,17999,30,104,914.5,427.0,46.795,472.0,228.0,6.64,2,79,1,195.0,46.2,90.44,465.0,783.0,1271.0,94.0,756.0,72.12,246.0,6,455,75.8,141,27,"Ligament Damage, Fracture, Knee Injury, Concussion",2025-01-02,457.0,0.6,1,0,0,1,1.25,66,0,0.071,13447,0.191,0.614,0.195,11.67,212316,78.0,1,8.42,7427,2208,9847,32.71,45.22,60.59,5,Rising,0.0769230769230769,0.2666666666666666,134,0.3435897435897436,580.6129032258065,171.41904761904763,1.0999999999999996,9.8,2.45,83.07692307692308,10.828571428571427,28.036622992947,0,Emerging,38.24518495872821,0.0553799999999999,7.876871692808038,0.2471,8.256458,45.629584615384616,49.730099846904366,135.35919494329465,18-21,60,0.1,0.3,0.1,0.2,1.225,0.6,0.3125,0,0,Low,0.0,Low,Unlikely
PL0805,Marvin Johnson,Burkina Faso,CDM,Juventus,18,2008-05-15,Left,2027-04-04,1,300,28303,97,109,914.5,427.0,46.795,412.0,785.0,7.17,1,28,1,300.0,94.3,87.74,798.0,783.0,1271.0,94.0,756.0,72.12,246.0,2,167,83.5,112,55,"Meniscus Tear, Calf Injury",2025-08-09,238.0,0.2,0,0,0,1,0.46,36,0,0.491,1543,0.396,0.394,0.211,10.27,28642,97.4,0,9.29,5438,3489,16071,27.87,32.47,60.57,5,Rising,0.3233333333333333,0.3633333333333333,206,0.6866666666666666,288.8061224489796,257.3,6.2,7.0,0.8600000000000001,88.0,27.83333333333333,23.888128487111985,0,Emerging,16.50520272694653,0.478234,37.0232132006946,0.5293,0.0,48.738600000000005,98.1841198010419,168.82092137166612,18-21,21,0.6,0.3,0.1,0.2,0.43000000000000005,0.4,0.3880000000000001,0,1,Medium,0.0,Low,Possible (1 year)
PL0806,Timothy Gallegos,Central African Republic,RW,Celta Vigo,25,2001-06-26,Left,2029-04-03,3,212,29863,35,118,1500.0,715.0,47.52,496.0,670.0,6.45,7,19,8,30.3,140.9,85.79,643.0,783.0,1271.0,94.0,756.0,72.12,246.0,11,1210,110.0,167,23,"Ligament Damage, Shoulder Injury, Concussion, Calf Injury, Ankle Injury, Knee Injury, Hamstring Injury, Groin Strain, Achilles Injury, Meniscus Tear",2024-12-23,467.0,1.1,1,1,0,1,3.32,217,0,0.232,11919,0.319,0.392,0.289,11.48,175088,79.9,0,6.41,9877,2038,1361,49.06,60.31,82.96,4,Rising,0.1650943396226415,0.5566037735849056,153,0.7216981132075472,829.5277777777778,250.9495798319328,0.0999999999999996,11.24,5.52,0.0,9.166666666666666,126.15194656380127,1,Prime,0.0,0.185368,24.998224891127933,0.3742,0.0,28.7964,60.8555373366919,57.52377147423092,22-25,36,0.3,0.8,0.3,0.2,2.76,0.7,0.6759999999999999,1,2,High,1.0,Very High,Likely (6 months)
PL0807,Derek White,South Korea,CM,Real Madrid,24,2002-01-28,Right,2028-04-03,2,384,24720,48,88,914.5,427.0,46.795,232.0,341.0,7.92,6,55,8,64.0,64.4,89.85,662.0,783.0,1271.0,94.0,756.0,72.12,246.0,7,664,94.9,169,33,"Ligament Damage, Shoulder Injury, Hip Injury, Ankle Injury, Groin Strain, Fracture",2024-10-19,532.0,0.7,0,0,0,1,1.82,166,0,0.65,4479,0.632,0.305,0.064,3.02,81056,34.9,0,6.66,954,3225,15887,94.61,125.43,175.19,6,Rising,0.125,0.2291666666666666,136,0.3541666666666667,504.48979591836735,277.75280898876406,-3.5,13.68,3.22,56.77083333333333,11.8625,162.18556413101288,0,Prime,32.57583764929712,0.22685,16.50368365277793,0.6552,0.0,47.08056666666667,61.85580881250023,49.24230380364676,22-25,16,0.6,0.8,0.9,0.2,1.61,0.5,0.7360000000000001,1,3,Very High,1.0,Very High,Very Likely (now)
PL0808,Michael Parker,Slovenia,RW,Tottenham,25,2001-08-20,Left,2029-04-03,3,432,39464,89,98,1301.0,719.0,42.48,211.0,326.0,6.51,7,13,4,61.7,91.4,85.79,643.0,783.0,1271.0,94.0,756.0,72.12,246.0,7,593,84.7,164,49,"Concussion, Calf Injury, Groin Strain, Back Injury, Meniscus Tear",2023-11-07,879.0,0.7,0,0,0,1,1.62,139,0,0.0,13065,0.157,0.541,0.303,7.63,125945,25.7,1,9.79,322,379,9827,62.25,85.55,102.0,3,Rising,0.2060185185185185,0.2268518518518518,187,0.4328703703703703,438.4888888888889,398.6262626262626,4.7,15.64,3.02,67.82407407407408,10.5875,160.06846052989462,1,Prime,0.0,0.0,0.0,0.2367999999999999,7.0681650000000005,43.20641481481481,35.563207407407404,68.31053725662422,22-25,59,0.1,0.8,0.6,0.2,1.51,0.7,0.526,0,1,Medium,0.001,Low,Possible (1 year)
PL0809,Gerald Smith,Serbia,CM,Lyon,20,2006-03-04,Left,2030-04-03,4,456,17734,63,80,914.5,427.0,46.795,392.0,527.0,7.76,2,58,1,228.0,38.9,88.67,384.0,783.0,1271.0,94.0,756.0,72.12,246.0,8,443,55.4,116,18,"Muscle Injury, Shoulder Injury, Calf Injury, ACL Injury, Hamstring Injury, Back Injury",2023-06-16,1023.0,0.8,0,1,1,1,1.21,93,0,0.255,14069,0.229,0.426,0.344,10.1,151602,79.2,1,3.66,8873,3660,11701,47.55,59.85,93.18,5,Rising,0.1381578947368421,0.175438596491228,143,0.3135964912280701,277.09375,218.93827160493828,3.2,11.12,4.8100000000000005,79.60526315789474,6.155555555555555,163.0255485557481,0,Emerging,25.86750788643534,0.20196,24.60066128660427,0.3221,5.993394,49.82925263157894,72.19561824569587,102.634917881728,18-21,21,0.6,0.3,0.3,0.2,2.4050000000000002,0.5,0.6255000000000002,1,2,High,0.999,Very High,Likely (6 months)
PL0810,Sergio Knight,Ghana,CAM,Newcastle,20,2006-12-28,Left,2030-04-03,4,333,35719,61,31,914.5,427.0,46.795,230.0,286.0,7.51,2,44,2,166.5,107.3,86.64,711.0,783.0,1271.0,94.0,756.0,72.12,246.0,1,92,92.0,92,92,Muscle Injury,2024-04-22,712.0,0.1,0,0,0,0,0.25,22,0,0.246,7946,0.371,0.46,0.169,9.87,142194,39.6,1,2.21,7366,3507,2183,65.23,80.09,63.17,2,Rising,0.1831831831831832,0.093093093093093,92,0.2762762762762762,576.1129032258065,1116.21875,3.6,8.66,0.45,93.3933933933934,46.0,223.64156745092424,0,Emerging,22.78092902038939,0.097416,21.804954471834314,0.3398,3.65516,51.13027867867868,77.37257104709082,77.20108512559062,18-21,13,0.6,0.3,0.6,0.2,0.225,0.6,0.4625,0,1,Medium,0.002,Low,Possible (1 year)
PL0811,James Thomas,Tunisia,RW,Liverpool,18,2008-12-24,Right,2027-04-04,1,386,33639,159,44,1348.0,601.0,46.57,886.0,638.0,7.6,1,16,4,386.0,87.1,85.79,643.0,783.0,1271.0,94.0,756.0,72.12,246.0,0,0,0.0,0,0,,2023-06-26,614.0,0.0,0,0,0,0,0.0,0,0,0.233,40424,0.303,0.474,0.224,11.6,256193,50.7,1,2.54,1849,3196,11763,68.92,79.32,51.16,2,Rising,0.4119170984455959,0.1139896373056994,203,0.5259067357512953,210.24375,747.5333333333333,4.4,8.719999999999999,0.0,100.0,0.0,59.073190359948256,0,Emerging,15.08995937318629,0.118131,28.669150118318772,0.3147,19.160976,52.7734,89.39042517747816,75.47683066361556,18-21,9,1.0,0.3,0.6,0.2,0.0,0.7,0.59,1,2,High,0.996,Very High,Possible (1 year)
PL0812,Paul Lewis,Japan,CM,Monaco,22,2004-08-26,Both,2031-04-03,5,202,35495,55,49,914.5,427.0,46.795,282.0,320.0,7.69,4,64,1,50.5,175.7,91.76,290.0,783.0,1271.0,94.0,756.0,72.12,246.0,6,633,105.5,163,20,"Muscle Injury, Shoulder Injury, Hip Injury, Ankle Injury, Knee Injury, ACL Injury",2025-05-28,311.0,0.6,1,0,1,1,1.73,92,0,0.293,20562,0.317,0.371,0.312,9.36,288380,30.8,0,1.98,452,3647,2514,50.79,61.61,113.81,4,Rising,0.2722772277227723,0.2425742574257425,104,0.5148514851485149,633.8392857142857,709.9,2.6,8.04,4.93,54.45544554455445,15.071428571428571,217.6673925117362,0,Emerging,21.303406182319357,0.090244,27.2362507244868,0.3578999999999999,0.0,43.974889108910894,72.98182064118564,84.91000021029329,22-25,45,0.1,0.5,0.3,0.2,2.465,0.5,0.4965,0,1,Medium,0.0,Low,Possible (1 year)
PL0813,Jason Peterson,Netherlands,CAM,LA Galaxy,23,2003-07-25,Both,2029-04-03,3,361,30196,15,83,914.5,427.0,46.795,478.0,765.0,6.93,5,80,8,72.2,83.6,83.23,699.0,783.0,1271.0,94.0,756.0,72.12,246.0,13,958,73.7,126,12,"Muscle Injury, Shoulder Injury, Concussion, Calf Injury, Ankle Injury, Knee Injury, Hamstring Injury, Groin Strain, Back Injury, Meniscus Tear",2023-07-07,1002.0,1.3,1,1,0,1,2.62,195,0,0.343,5946,0.327,0.37,0.304,14.34,72915,76.6,0,7.5,6445,1595,3526,60.58,73.64,86.22,3,Rising,0.0415512465373961,0.2299168975069252,98,0.2714681440443213,1887.25,359.4761904761905,-6.0,12.22,5.220000000000001,45.983379501385045,5.264285714285714,155.77425444017695,0,Emerging,21.558270056124137,0.262738,42.74596638876225,0.4363,0.0,40.23327590027701,93.79558753328186,65.33497223169374,22-25,9,1.0,0.8,0.6,0.2,2.6100000000000003,0.6,0.9410000000000001,1,3,Very High,1.0,Very High,Very Likely (now)
PL0814,Jacob Griffith,Ecuador,ST,Manchester United,22,2004-08-04,Left,2030-04-03,4,284,26221,215,73,1125.0,309.0,50.58,671.0,557.0,6.73,4,15,6,71.0,92.3,85.79,643.0,783.0,1271.0,94.0,756.0,72.12,246.0,3,333,111.0,153,57,"Muscle Injury, Shoulder Injury, Achilles Injury",2023-07-08,1001.0,0.3,0,0,0,0,0.91,67,0,0.233,25522,0.194,0.421,0.385,9.59,281507,5.8,1,4.26,6256,866,13742,95.14,121.99,79.88,2,Rising,0.7570422535211268,0.2570422535211267,288,1.0140845070422535,121.39351851851852,354.3378378378378,2.5,9.68,1.51,76.40845070422534,27.75,326.18823742573863,0,Emerging,28.221568215261712,0.013514,22.673916275187025,0.3097999999999999,10.744761999999998,44.75729014084507,73.36951948320308,46.55428556360003,22-25,30,0.3,0.5,0.9,0.2,0.755,0.7,0.5055000000000001,0,1,Medium,0.001,Low,Possible (1 year)
PL0815,Ricardo Bradley,Georgia,ST,Marseille,22,2004-11-11,Left,2027-04-04,1,314,35282,126,74,909.0,471.0,53.71,639.0,176.0,6.88,4,75,4,78.5,112.4,85.79,643.0,783.0,1271.0,94.0,756.0,72.12,246.0,5,462,92.4,171,24,"Concussion, Calf Injury, Knee Injury, ACL Injury, Fracture",2025-11-05,150.0,0.5,1,0,1,1,1.27,70,0,0.224,18805,0.276,0.43,0.294,11.89,275577,60.7,1,7.83,4217,2575,2952,73.8,91.21,53.83,3,Rising,0.4012738853503185,0.2356687898089172,200,0.6369426751592356,277.81102362204723,470.4266666666667,-1.5,10.28,4.27,77.70700636942675,15.4,63.25596994434389,0,Emerging,23.590785907859075,0.135968,26.212606005575854,0.3647,8.08615,45.84680127388535,73.70230964530646,61.29251507203924,22-25,8,1.0,0.5,0.9,0.2,2.135,0.7,0.8885,1,3,Very High,1.0,Very High,Very Likely (now)
PL0816,Bradley Williams,Scotland,LW,Athletic Bilbao,28,1998-10-08,Both,2029-04-03,3,247,17422,143,26,713.0,546.0,37.04,345.0,313.0,8.17,10,55,3,24.7,70.5,85.79,643.0,783.0,1271.0,94.0,756.0,72.12,246.0,9,844,93.8,179,10,"Muscle Injury, Ligament Damage, Concussion, Ankle Injury, Knee Injury, Achilles Injury, Fracture",2024-03-18,747.0,0.9,1,0,0,1,2.31,191,0,0.719,29507,0.605,0.256,0.139,13.27,526482,79.5,0,8.78,2180,2277,9343,101.59,115.17,285.81,6,Stable,0.5789473684210527,0.1052631578947368,169,0.6842105263157895,120.98611111111111,645.2592592592592,1.5,14.94,4.11,22.67206477732793,9.38,261.2265848230039,1,Prime,0.0,0.571605,98.20128567258196,0.7057,0.0,41.61381295546558,100.0,40.56322541716111,26-29,37,0.1,0.8,0.9,0.2,2.055,0.7,0.6255000000000001,1,2,High,1.0,Very High,Likely (6 months)
PL0817,Christopher Williamson,Uruguay,LW,Nice,22,2004-07-22,Right,2028-04-03,2,378,24318,168,94,656.0,200.0,45.05,787.0,377.0,6.88,4,61,8,94.5,64.3,85.79,643.0,783.0,1271.0,94.0,756.0,72.12,246.0,4,181,45.2,60,14,"Back Injury, Meniscus Tear, Hamstring Injury",2024-03-25,740.0,0.4,0,1,0,1,0.5,37,0,0.327,58000,0.26,0.423,0.316,11.73,572414,57.5,1,7.46,4460,2502,17575,59.58,72.31,80.7,3,Rising,0.4444444444444444,0.2486772486772486,262,0.6931216931216931,143.89349112426035,255.97894736842105,-4.1,11.56,1.3,90.21164021164022,9.04,102.13524903208696,0,Emerging,21.366230278616992,0.188025,42.07089399348852,0.3988,24.534,48.67192804232805,100.0,80.34322885825033,22-25,8,1.0,0.5,0.6,0.2,0.65,0.7,0.695,1,2,High,1.0,Very High,Likely (6 months)
PL0818,Matthew Tucker,Brazil,LB,Napoli,23,2003-11-13,Both,2028-04-03,2,406,20969,4,32,914.5,427.0,46.795,425.0,459.0,7.59,5,77,7,81.2,51.6,84.71,681.0,564.0,1309.0,94.0,756.0,72.12,246.0,5,399,79.8,154,15,"Ankle Injury, Back Injury, Concussion, Calf Injury",2023-05-23,1047.0,0.5,0,0,0,0,1.09,86,0,0.561,14811,0.397,0.22,0.383,10.59,159475,85.1,0,8.78,4279,3369,7888,48.43,61.72,13.71,1,Rising,0.0098522167487684,0.0788177339901477,36,0.0886699507389162,4193.8,635.4242424242424,-4.699999999999999,13.12,2.09,78.81773399014779,13.3,83.02131773454133,0,Emerging,27.441668387363205,0.477411,57.05247323669163,0.5873,0.0,49.92214679802956,100.0,100.99564393694024,22-25,32,0.3,0.8,0.3,0.2,1.045,0.5,0.4845,0,1,Medium,0.0,Low,Possible (1 year)
PL0819,Jeremy Nelson,Russia,GK,Wolverhampton,26,2000-11-06,Right,2031-04-03,5,304,32366,0,3,914.5,427.0,46.795,425.0,459.0,6.59,8,37,1,38.0,106.5,85.79,643.0,783.0,1271.0,42.0,1038.0,79.16,145.0,5,369,73.8,140,17,"Concussion, Ankle Injury, Knee Injury, Groin Strain, Back Injury",2023-10-14,903.0,0.5,1,0,0,0,1.01,66,0,0.3,14617,0.339,0.393,0.268,11.64,248609,49.4,0,1.16,7908,2048,15876,23.56,30.58,13.54,1,Stable,0.0,0.0098684210526315,3,0.0098684210526315,32366.0,8091.5,5.3,14.08,2.01,78.28947368421052,12.3,100.9695563610259,1,Prime,0.0,0.1482,33.488311166240855,0.3547,0.0,45.54329473684211,88.98411411778234,185.43686782101835,26-29,34,0.3,0.8,0.1,0.2,1.005,0.3,0.4305,0,1,Medium,0.0,Low,Possible (1 year)
PL0820,Jeffrey Campbell,Brazil,CAM,AC Milan,22,2004-08-11,Right,2028-04-03,2,480,40995,41,65,914.5,427.0,46.795,570.0,367.0,6.66,4,37,7,120.0,85.4,91.35,617.0,783.0,1271.0,94.0,756.0,72.12,246.0,6,519,86.5,146,45,"Shoulder Injury, Ankle Injury, Knee Injury, Hamstring Injury, Fracture",2023-09-28,919.0,0.6,1,1,0,1,1.42,128,0,0.124,26904,0.182,0.558,0.259,13.1,324201,20.6,1,5.78,5369,2083,9184,45.07,55.1,101.87,6,Rising,0.0854166666666666,0.1354166666666666,106,0.2208333333333333,976.0714285714286,621.1363636363636,-0.6999999999999993,13.6,2.62,73.33333333333333,12.357142857142858,77.26142453635717,0,Emerging,22.25427113379188,0.025544,16.568989520172565,0.2504,15.012432,44.52746666666666,61.87721761359217,96.65176181173577,22-25,37,0.1,0.5,0.3,0.2,1.31,0.6,0.391,0,1,Medium,0.0,Low,Possible (1 year)
PL0821,Michael Tucker,Norway,RB,Wolverhampton,24,2002-04-18,Both,2030-04-03,4,358,13513,23,16,914.5,427.0,46.795,425.0,459.0,6.96,6,61,5,59.7,37.7,82.5,909.0,344.0,1021.0,94.0,756.0,72.12,246.0,2,229,114.5,147,82,"Ankle Injury, Back Injury",2023-08-16,962.0,0.2,0,0,0,0,0.63,40,0,0.383,3818,0.288,0.389,0.323,3.59,26351,53.8,0,5.02,7334,3615,15198,37.77,43.92,108.52,5,Rising,0.0642458100558659,0.0446927374301676,39,0.1089385474860335,563.0416666666666,794.8823529411765,-1.0999999999999996,13.16,1.03,88.8268156424581,38.16666666666666,129.49474172346174,0,Prime,16.28276409849086,0.206054,11.340400412618468,0.412,0.0,49.06136312849162,59.48128218317351,126.54465599301425,22-25,55,0.1,0.8,0.1,0.2,0.515,0.5,0.3315,0,0,Low,0.0,Low,Unlikely
PL0822,James Greene,Ghana,CDM,Inter Miami,27,1999-08-26,Left,2031-04-03,5,191,21625,56,55,914.5,427.0,46.795,403.0,509.0,7.42,9,64,5,21.2,113.2,81.88,327.0,783.0,1271.0,94.0,756.0,72.12,246.0,15,1533,102.2,179,23,"Muscle Injury, Shoulder Injury, Concussion, Hip Injury, Calf Injury, Knee Injury, ACL Injury, Hamstring Injury, Back Injury",2024-10-27,524.0,1.5,1,1,1,1,4.2,251,0,0.328,17220,0.38,0.44,0.18,3.06,117222,19.0,1,4.28,6334,2123,4334,38.55,46.56,126.57,6,Stable,0.2931937172774869,0.2879581151832461,111,0.581151832460733,379.3859649122807,386.1607142857143,-1.4000000000000004,12.82,9.2,0.0,6.3875,165.2112223139876,1,Prime,0.0,0.06232,9.789779144546662,0.4,7.5768,33.044,32.80666871681999,83.54993678887485,26-29,56,0.1,0.8,0.1,0.2,4.6,0.4,0.73,1,3,Very High,1.0,Very High,Very Likely (now)
PL0823,Adam Turner,Georgia,CM,Real Sociedad,29,1997-06-04,Left,2030-04-03,4,196,22532,99,57,914.5,427.0,46.795,164.0,480.0,7.1,10,18,7,19.6,115.0,90.24,626.0,783.0,1271.0,94.0,756.0,72.12,246.0,4,246,61.5,116,19,"Groin Strain, Ligament Damage, Hamstring Injury",2023-09-22,925.0,0.4,0,1,0,0,0.67,39,0,0.212,27056,0.191,0.461,0.348,13.24,336664,92.8,1,1.14,5916,3494,14863,53.98,67.67,130.94,5,Stable,0.5051020408163265,0.2908163265306122,156,0.7959183673469388,225.32,388.4827586206897,1.1999999999999993,13.92,1.4700000000000002,80.10204081632654,12.3,185.07085407022677,0,Experienced,0.0,0.196736,28.646178109426828,0.2613,12.472816,47.72700816326531,83.8927712457729,86.80794500412024,26-29,24,0.6,0.5,0.3,0.2,0.7350000000000001,0.5,0.4985,0,1,Medium,0.492,Medium,Possible (1 year)
PL0824,Daniel Taylor,Czech Republic,ST,Real Madrid,20,2006-07-02,Left,2031-04-03,5,417,39794,46,123,1456.0,329.0,49.0,808.0,192.0,7.38,2,10,6,208.5,95.4,85.79,643.0,783.0,1271.0,94.0,756.0,72.12,246.0,2,157,78.5,89,68,"Ankle Injury, Hamstring Injury",2023-04-17,1083.0,0.2,0,1,0,0,0.43,29,0,0.272,19475,0.266,0.462,0.273,11.54,159468,89.1,1,6.32,6910,4022,1720,92.03,128.52,71.4,2,Rising,0.1103117505995203,0.2949640287769784,169,0.4052757793764988,846.6808510638298,320.9193548387097,3.0,10.34,0.8300000000000001,93.04556354916068,26.166666666666668,394.4069724917323,0,Emerging,39.65011409323048,0.2423519999999999,31.002523831526755,0.3594,8.99745,50.91591270983214,90.3017421022062,54.73063819180065,18-21,26,0.3,0.3,0.9,0.2,0.41500000000000004,0.7,0.43150000000000005,0,1,Medium,0.0,Low,Possible (1 year)
PL0825,David Murphy,Russia,ST,Inter Miami,29,1997-10-21,Both,2029-04-03,3,406,33360,67,37,956.0,281.0,43.86,623.0,679.0,7.93,10,23,3,40.6,82.2,85.79,643.0,783.0,1271.0,94.0,756.0,72.12,246.0,2,233,116.5,178,55,"Concussion, Calf Injury",2025-06-17,291.0,0.2,0,0,0,0,0.64,53,0,0.547,29793,0.478,0.299,0.223,12.72,198562,3.4,0,8.24,7768,503,4616,109.26,125.97,142.12,4,Stable,0.1650246305418719,0.0911330049261083,104,0.2561576354679803,490.5882352941176,877.8947368421053,4.7,18.12,1.04,86.94581280788177,38.833333333333336,280.9490762650006,0,Experienced,0.0,0.018598,71.68010122258973,0.5848000000000001,0.0,53.90276256157635,100.0,48.886960422253175,26-29,10,1.0,0.5,0.9,0.2,0.52,0.7,0.727,1,3,Very High,1.0,Very High,Very Likely (now)
PL0826,Adam Burgess,Nigeria,LW,Al Ittihad,23,2003-11-15,Both,2029-04-03,3,337,35699,77,142,1207.0,585.0,53.94,759.0,582.0,7.51,5,78,3,67.4,105.9,85.79,643.0,783.0,1271.0,94.0,756.0,72.12,246.0,6,520,86.7,154,36,"Ligament Damage, Shoulder Injury, Ankle Injury, Back Injury, Achilles Injury, Meniscus Tear",2026-02-02,61.0,0.6,0,0,0,1,1.42,129,0,0.565,7419,0.468,0.362,0.171,5.33,68496,64.0,0,8.06,8918,2677,15217,86.33,100.46,176.12,6,Rising,0.228486646884273,0.4213649851632047,219,0.6498516320474778,457.6794871794872,249.64335664335664,-0.8000000000000007,11.74,2.62,61.72106824925816,12.385714285714286,221.98731241037436,0,Emerging,16.367427313795897,0.3616,26.83784465663333,0.5746,0.0,45.88141364985163,77.95747380987581,52.53797509429936,22-25,23,0.6,0.8,0.9,0.2,1.31,0.7,0.726,1,3,Very High,1.0,Very High,Likely (6 months)
PL0827,Christopher James,Italy,ST,AS Roma,21,2005-06-18,Left,2031-04-03,5,467,28270,208,104,1301.0,519.0,53.61,590.0,469.0,7.64,3,21,5,155.7,60.5,85.79,643.0,783.0,1271.0,94.0,756.0,72.12,246.0,1,113,113.0,113,113,ACL Injury,2024-01-14,811.0,0.1,0,0,1,1,0.31,19,0,0.535,11888,0.573,0.265,0.162,5.36,221078,93.4,0,5.95,5948,2807,11237,77.01,100.09,190.32,5,Rising,0.4453961456102783,0.2226980728051391,312,0.6680942184154176,135.26315789473685,269.23809523809524,2.9000000000000004,12.34,2.51,95.93147751605996,56.5,330.0367374941683,0,Emerging,29.97013374886378,0.4996900000000001,26.907748605617563,0.5924,0.0,53.39909550321199,82.04117066003235,68.45160300373283,18-21,33,0.3,0.5,0.9,0.2,1.255,0.7,0.5555,1,2,High,0.973,Very High,Likely (6 months)
PL0828,Michael Mason,Egypt,CAM,Napoli,22,2004-12-15,Left,2027-04-04,1,354,35479,43,60,914.5,427.0,46.795,206.0,250.0,7.58,4,33,0,88.5,100.2,81.61,338.0,783.0,1271.0,94.0,756.0,72.12,246.0,1,115,115.0,115,115,Achilles Injury,2023-11-13,873.0,0.1,0,0,0,0,0.32,25,0,0.479,22822,0.524,0.402,0.075,10.75,186177,82.8,1,7.21,3110,76,11143,72.92,97.76,143.08,5,Rising,0.1214689265536723,0.1694915254237288,103,0.2909604519774011,806.3409090909091,581.6229508196722,6.7,11.08,0.52,92.93785310734464,57.5,62.501698216010254,0,Emerging,34.06472846955568,0.3966119999999999,51.67542236072117,0.5405,9.174444,52.20457062146893,100.0,70.62306631692226,22-25,47,0.1,0.5,0.9,0.2,0.26,0.6,0.37600000000000006,0,1,Medium,0.0,Low,Possible (1 year)
PL0829,Roy Drake,Central African Republic,CDM,Al Nassr,31,1995-06-27,Left,2029-04-03,3,424,28039,41,109,914.5,427.0,46.795,505.0,590.0,6.61,10,20,6,42.4,66.1,80.58,316.0,783.0,1271.0,94.0,756.0,72.12,246.0,17,1299,76.4,180,7,"Ligament Damage, Shoulder Injury, Muscle Injury, Concussion, Calf Injury, Knee Injury, ACL Injury, Hamstring Injury, Back Injury, Meniscus Tear, Fracture",2025-09-22,194.0,1.7,1,1,1,1,3.56,310,0,0.0,13650,0.19,0.617,0.193,10.92,101122,92.9,1,5.23,8750,1220,15758,16.0,19.74,21.46,2,Declining,0.0966981132075471,0.2570754716981132,150,0.3537735849056603,667.5952380952381,254.9,2.0,18.48,8.96,26.886792452830196,4.2444444444444445,41.142094272744,0,Experienced,0.0,0.0,0.0,0.1859,8.422049999999999,35.88515849056605,20.022579245283023,211.08916759156497,30-33,27,0.3,0.7,0.1,0.2,4.48,0.4,0.7680000000000001,1,3,Very High,1.0,Very High,Very Likely (now)
PL0830,Benjamin Hensley,Russia,LW,Lyon,23,2003-02-02,Both,2028-04-03,2,201,22740,243,101,1208.0,412.0,43.42,454.0,570.0,8.16,5,26,1,40.2,113.1,85.79,643.0,783.0,1271.0,94.0,756.0,72.12,246.0,8,746,93.2,157,7,"Muscle Injury, Calf Injury, Ankle Injury, Knee Injury, Hamstring Injury, Achilles Injury",2026-02-26,37.0,0.8,1,1,0,0,2.04,184,0,0.496,30981,0.523,0.327,0.15,14.31,412971,99.1,0,8.57,2681,3542,13408,90.91,105.99,141.33,3,Rising,1.208955223880597,0.5024875621890548,344,1.7114427860696515,93.1967213114754,222.94117647058823,6.4,9.02,3.64,8.457711442786064,10.355555555555556,155.8428245972982,0,Emerging,16.58783412165878,0.491536,73.39908365249073,0.5756000000000001,0.0,37.28674228855722,100.0,40.56875453003723,22-25,26,0.3,0.8,0.9,0.2,1.82,0.7,0.672,1,2,High,1.0,Very High,Likely (6 months)
PL0831,Andrew Smith,Portugal,RW,Monaco,21,2005-05-20,Right,2028-04-03,2,433,34281,96,66,1162.0,257.0,42.58,207.0,200.0,6.44,3,48,2,144.3,79.2,85.79,643.0,783.0,1271.0,94.0,756.0,72.12,246.0,6,556,92.7,164,32,"Ankle Injury, Muscle Injury, Achilles Injury, ACL Injury",2025-05-12,327.0,0.6,0,0,1,1,1.52,123,0,0.0,45394,0.162,0.581,0.257,12.24,354572,46.5,1,7.13,5117,2214,17926,44.45,53.64,67.99,3,Rising,0.2217090069284064,0.1524249422632794,162,0.3741339491916859,353.41237113402065,511.6567164179105,3.2,11.66,4.72,71.59353348729792,13.242857142857144,76.19858710097795,0,Emerging,20.674915635545556,0.0,0.0,0.2037,26.373914,42.81810669745959,31.9690533487298,94.20925565997707,18-21,11,1.0,0.5,0.3,0.2,2.36,0.7,0.8209999999999998,1,3,Very High,1.0,Very High,Very Likely (now)
PL0832,Thomas Atkins,Sweden,CM,Sevilla,24,2002-08-27,Right,2028-04-03,2,332,33578,84,52,914.5,427.0,46.795,174.0,383.0,8.0,6,45,8,55.3,101.1,83.81,585.0,783.0,1271.0,94.0,756.0,72.12,246.0,5,432,86.4,176,19,"Groin Strain, Muscle Injury, Achilles Injury, Back Injury",2023-09-14,933.0,0.5,0,0,0,0,1.18,102,0,0.369,29965,0.423,0.464,0.113,4.56,311797,5.7,1,5.34,6622,890,14367,83.46,112.9,38.04,2,Rising,0.253012048192771,0.1566265060240964,136,0.4096385542168674,395.0352941176471,633.5471698113207,-2.5,12.64,2.18,69.27710843373494,14.4,143.07163283346725,0,Prime,35.274382937934355,0.021033,17.34434803146054,0.4351,13.90376,49.25362168674698,66.28333289056431,58.31591485525336,22-25,6,1.0,0.8,0.9,0.2,1.09,0.5,0.8240000000000001,1,3,Very High,1.0,Very High,Very Likely (now)
PL0833,Kenneth Berry,Scotland,LB,Real Madrid,21,2005-01-21,Left,2031-04-03,5,372,27634,33,31,914.5,427.0,46.795,425.0,459.0,6.32,3,49,5,124.0,74.3,81.67,502.0,634.0,1392.0,94.0,756.0,72.12,246.0,7,598,85.4,169,21,"Ligament Damage, Muscle Injury, Concussion, Ankle Injury, ACL Injury, Achilles Injury, Fracture",2025-02-22,406.0,0.7,0,0,1,1,1.64,131,0,0.022,18698,0.172,0.591,0.237,5.33,171514,10.6,1,9.94,9344,579,19415,26.99,32.61,28.83,3,Rising,0.0887096774193548,0.0833333333333333,64,0.1720430107526881,812.7647058823529,863.5625,0.0999999999999996,10.44,5.04,64.78494623655914,10.675,115.66928379389172,0,Emerging,20.82252686180067,0.002332,1.1533957816654283,0.2415999999999999,11.050518,40.80818924731183,32.05418829615406,145.79560288428667,18-21,10,1.0,0.5,0.1,0.2,2.52,0.5,0.787,1,3,Very High,1.0,Very High,Very Likely (now)
PL0834,Michael Butler,Colombia,CAM,Juventus,19,2007-10-17,Both,2028-04-03,2,396,28133,72,116,914.5,427.0,46.795,324.0,653.0,7.36,1,49,5,396.0,71.0,86.99,229.0,783.0,1271.0,94.0,756.0,72.12,246.0,0,0,0.0,0,0,,2023-06-26,614.0,0.0,0,0,0,0,0.0,0,0,0.185,12028,0.215,0.458,0.327,13.11,184015,80.3,1,4.09,2982,2870,1382,43.7,56.85,81.42,4,Rising,0.1818181818181818,0.2929292929292929,188,0.4747474747474747,385.3835616438356,240.45299145299143,0.0999999999999996,8.92,0.0,100.0,0.0,74.9128966549547,0,Emerging,30.09153318077803,0.148555,22.786346800473623,0.2878,5.508824000000001,51.799600000000005,80.07932020071044,115.882774049217,18-21,46,0.1,0.3,0.3,0.2,0.0,0.6,0.22000000000000003,0,0,Low,0.0,Low,Unlikely
PL0835,Brian Smith,Portugal,ST,Al Hilal,19,2007-01-18,Both,2030-04-03,4,283,21600,230,89,459.0,635.0,37.62,578.0,414.0,7.84,1,58,2,283.0,76.3,85.79,643.0,783.0,1271.0,94.0,756.0,72.12,246.0,1,29,29.0,29,29,Knee Injury,2024-05-29,675.0,0.1,1,0,0,0,0.08,5,0,0.3,25680,0.295,0.422,0.283,2.81,369104,14.2,1,1.48,854,223,17366,68.78,94.66,122.96,4,Rising,0.8127208480565371,0.3144876325088339,319,1.127208480565371,93.50649350649353,240.0,2.2,6.66,0.28,98.23321554770318,14.5,235.81277033994436,0,Emerging,37.62721721430648,0.0426,8.55940614629235,0.3389,10.83696,53.01644310954064,58.78733077420884,75.97655934299318,18-21,17,0.6,0.3,0.6,0.2,0.14,0.7,0.464,0,1,Medium,0.001,Low,Possible (1 year)
PL0836,Frederick Solis,Morocco,CAM,Bayern Munich,19,2007-12-19,Right,2028-04-03,2,274,41445,63,63,914.5,427.0,46.795,177.0,496.0,7.41,1,54,3,274.0,151.3,81.41,542.0,783.0,1271.0,94.0,756.0,72.12,246.0,5,520,104.0,136,53,"Back Injury, Fracture, ACL Injury",2025-04-07,362.0,0.5,0,0,1,1,1.42,99,0,0.178,11374,0.274,0.535,0.191,9.53,80997,94.7,1,5.32,3896,1506,14362,54.2,75.3,103.07,4,Rising,0.22992700729927,0.22992700729927,126,0.4598540145985401,647.578125,647.578125,1.5999999999999996,6.48,4.42,63.86861313868613,17.333333333333332,92.9125628992802,0,Emerging,38.92988929889298,0.168566,15.842413140420176,0.2996,6.08509,44.30892262773723,57.07808102449887,80.26978736908919,18-21,31,0.3,0.3,0.3,0.2,2.21,0.6,0.5109999999999999,0,1,Medium,0.002,Low,Possible (1 year)
PL0837,Luke Collier,Serbia,RW,Real Madrid,20,2006-11-20,Left,2031-04-03,5,197,15600,207,144,1271.0,364.0,52.11,321.0,329.0,6.67,2,33,7,98.5,79.2,85.79,643.0,783.0,1271.0,94.0,756.0,72.12,246.0,0,0,0.0,0,0,,2023-06-26,614.0,0.0,0,0,0,0,0.0,0,0,0.197,43526,0.194,0.444,0.363,9.18,276577,37.9,1,6.19,5874,1015,4066,54.32,60.21,159.25,6,Rising,1.0507614213197969,0.7309644670050761,351,1.781725888324873,75.0,107.58620689655172,-0.3000000000000007,5.94,0.0,100.0,0.0,232.7956834266098,0,Emerging,10.843151693667158,0.074663,19.316408502132827,0.3101,19.325544,48.4882,73.21871275319924,87.65039768618944,18-21,51,0.1,0.3,0.3,0.2,0.0,0.7,0.23000000000000004,0,0,Low,0.0,Low,Unlikely
PL0838,Thomas Davis,Mali,LW,Aston Villa,20,2006-10-23,Left,2028-04-03,2,389,30975,207,109,1370.0,518.0,43.02,523.0,218.0,7.1,2,23,1,194.5,79.6,85.79,643.0,783.0,1271.0,94.0,756.0,72.12,246.0,3,225,75.0,120,28,"Back Injury, Shoulder Injury, Hamstring Injury",2024-12-03,487.0,0.3,0,1,0,0,0.62,32,0,0.333,17627,0.293,0.469,0.238,2.51,106159,10.7,1,2.4,7671,4961,3294,50.39,67.52,48.32,2,Rising,0.532133676092545,0.2802056555269923,316,0.8123393316195373,148.91826923076923,281.59090909090907,6.7,9.78,1.22,91.77377892030847,18.75,86.38125543348208,0,Emerging,33.99484024608056,0.0356309999999999,8.172113707053715,0.3513,8.267063,49.4133557840617,54.52484845261142,96.15364036594998,18-21,39,0.1,0.3,0.3,0.2,0.61,0.7,0.29100000000000004,0,0,Low,0.0,Low,Unlikely
PL0839,Ryan Sanchez,Belgium,CB,Tottenham,24,2002-08-26,Left,2028-04-03,2,240,22705,8,10,914.5,427.0,46.795,425.0,459.0,6.63,6,76,6,40.0,94.6,89.41,1162.0,1172.0,1530.0,94.0,756.0,72.12,246.0,6,670,111.7,158,8,"Ligament Damage, Knee Injury, Back Injury, Achilles Injury, Meniscus Tear",2024-07-10,633.0,0.6,1,0,0,1,1.84,111,0,0.063,6924,0.063,0.481,0.456,3.89,118717,82.6,1,6.07,1075,3060,19950,29.77,39.23,40.55,3,Rising,0.0333333333333333,0.0416666666666666,18,0.075,2522.777777777778,2064.090909090909,-3.6,10.8,3.04,53.75,15.957142857142856,51.03333943748287,0,Prime,31.776956667786354,0.0520379999999999,2.167127868641781,0.2086,3.330444,39.8472,37.09429180296267,129.50016249593762,22-25,54,0.1,0.8,0.1,0.2,1.52,0.4,0.42200000000000004,0,1,Medium,0.0,Low,Possible (1 year)
PL0840,Kevin Warren,Kosovo,CB,RB Leipzig,20,2006-12-17,Both,2029-04-03,3,180,13700,2,11,914.5,427.0,46.795,425.0,459.0,6.93,2,73,8,90.0,76.1,91.75,1371.0,902.0,1557.0,94.0,756.0,72.12,246.0,2,225,112.5,162,63,"Muscle Injury, ACL Injury",2024-06-01,672.0,0.2,0,0,1,1,0.62,54,0,0.413,8945,0.419,0.331,0.25,4.82,171848,29.0,0,2.7,3504,3995,11906,30.23,38.37,13.76,2,Rising,0.0111111111111111,0.0611111111111111,13,0.0722222222222222,4566.666666666667,1141.6666666666667,-5.300000000000001,5.6,3.02,70.0,37.5,77.73284436656569,0,Emerging,26.92689381409195,0.1197699999999999,18.112939264923096,0.4517,0.0,43.7434,63.00110889738465,140.0685238552674,18-21,19,0.6,0.3,0.1,0.2,1.51,0.4,0.4960000000000001,0,1,Medium,0.0,Low,Possible (1 year)
PL0841,James Collins,Switzerland,LW,Porto,21,2005-12-18,Both,2028-04-03,2,235,21718,50,47,1133.0,654.0,53.61,213.0,429.0,7.2,3,62,4,78.3,92.4,85.79,643.0,783.0,1271.0,94.0,756.0,72.12,246.0,4,488,122.0,176,53,"Muscle Injury, ACL Injury, Meniscus Tear, Hamstring Injury",2024-04-12,722.0,0.4,0,1,1,1,1.34,105,0,0.452,61418,0.516,0.407,0.077,8.89,583387,24.2,1,7.48,4053,2560,18218,58.09,77.1,35.82,2,Rising,0.2127659574468085,0.2,97,0.4127659574468085,425.84313725490193,452.4583333333333,-0.1999999999999993,7.7,4.140000000000001,55.319148936170215,24.4,99.58101067932078,0,Emerging,32.72508176966774,0.109384,44.30344372417164,0.529,24.997126,42.461829787234045,99.40608047987448,71.85958671049931,18-21,31,0.3,0.5,0.6,0.2,2.0700000000000003,0.7,0.5920000000000001,1,2,High,1.0,Very High,Likely (6 months)
PL0842,Gerald Cook,Sweden,CDM,Nice,28,1998-05-22,Both,2029-04-03,3,264,37125,64,29,914.5,427.0,46.795,523.0,350.0,6.58,10,77,4,26.4,140.6,81.44,368.0,783.0,1271.0,94.0,756.0,72.12,246.0,8,847,105.9,162,29,"Shoulder Injury, Concussion, Groin Strain, Back Injury, Meniscus Tear, Fracture",2026-02-26,37.0,0.8,0,0,0,1,2.32,211,0,0.197,3220,0.187,0.524,0.289,11.5,58323,47.5,1,2.23,1399,3768,19056,41.57,50.16,27.12,1,Stable,0.2424242424242424,0.1098484848484848,93,0.3522727272727273,571.1538461538462,1237.5,-1.6999999999999993,15.28,3.92,20.075757575757574,11.766666666666667,106.892303682373,1,Prime,0.0,0.093575,18.299456516809837,0.2524,1.68728,33.89595151515152,56.557160532790505,79.62403456695213,26-29,50,0.1,0.8,0.3,0.2,1.96,0.4,0.4960000000000001,0,1,Medium,0.0,Low,Possible (1 year)
PL0843,Christopher Dixon,Netherlands,RW,Villarreal,22,2004-09-18,Right,2029-04-03,3,287,39398,224,138,1380.0,550.0,39.56,554.0,545.0,7.96,4,78,0,71.8,137.3,85.79,643.0,783.0,1271.0,94.0,756.0,72.12,246.0,4,372,93.0,126,43,"Muscle Injury, Fracture, Achilles Injury, Calf Injury",2025-09-03,213.0,0.4,0,0,0,1,1.02,58,0,0.372,8911,0.332,0.456,0.212,6.29,71002,42.5,1,6.56,2486,2326,10201,77.69,95.75,182.26,6,Rising,0.7804878048780488,0.4808362369337979,362,1.2613240418118468,175.10222222222222,283.43884892086334,2.2,9.74,1.82,79.79094076655052,18.6,199.77058150309256,0,Emerging,23.24623503668426,0.1581,21.281568852995477,0.4228,4.063416,50.5917881533101,73.57824735614825,64.29252529331568,22-25,32,0.3,0.5,0.9,0.2,0.91,0.7,0.521,0,1,Medium,0.007,Low,Possible (1 year)
PL0844,Brian Hicks,Scotland,CM,Galatasaray,24,2002-08-19,Both,2031-04-03,5,416,34356,54,101,914.5,427.0,46.795,338.0,372.0,6.76,6,26,1,69.3,82.6,92.78,726.0,783.0,1271.0,94.0,756.0,72.12,246.0,8,840,105.0,153,7,"Muscle Injury, Concussion, Hip Injury, Ankle Injury, Knee Injury, Meniscus Tear",2025-03-29,371.0,0.8,1,0,0,1,2.3,134,0,0.26,25310,0.32,0.391,0.288,14.4,399403,76.2,0,5.39,4041,4229,17452,44.44,55.3,32.06,2,Rising,0.1298076923076923,0.2427884615384615,155,0.3725961538461538,624.6545454545454,336.8235294117647,6.4,14.32,3.9,67.78846153846153,11.666666666666666,190.45361140424407,0,Prime,24.43744374437444,0.19812,37.96039489444951,0.3757,0.0,44.2130923076923,91.24713849552042,97.29993905742144,22-25,14,0.6,0.8,0.3,0.2,1.95,0.5,0.68,1,2,High,1.0,Very High,Likely (6 months)
PL0845,Taylor Bailey,Slovenia,CB,PSG,20,2006-07-26,Left,2027-04-04,1,435,36264,16,37,914.5,427.0,46.795,425.0,459.0,7.28,2,44,0,217.5,83.4,83.07,1064.0,1199.0,1018.0,94.0,756.0,72.12,246.0,3,302,100.7,140,58,"Ligament Damage, Shoulder Injury, Meniscus Tear",2025-12-01,124.0,0.3,0,0,0,1,0.83,43,0,0.348,6662,0.259,0.352,0.389,8.85,76899,16.6,0,5.39,4312,4128,17841,43.41,59.67,61.47,3,Rising,0.0367816091954023,0.0850574712643678,53,0.1218390804597701,2133.176470588235,954.3157894736842,5.6,10.7,1.43,90.11494252873564,25.175,37.20788150791285,0,Emerging,37.45680718728405,0.057768,27.115560481670094,0.4004,0.0,50.08378850574713,82.8552349753787,112.7759254801782,18-21,31,0.3,0.3,0.3,0.2,0.715,0.4,0.3415,0,0,Low,0.0,Low,Unlikely
PL0846,Nicholas Fuentes,Uruguay,CM,Crystal Palace,20,2006-03-02,Left,2027-04-04,1,196,38345,64,52,914.5,427.0,46.795,484.0,512.0,7.01,2,28,3,98.0,195.6,84.78,678.0,783.0,1271.0,94.0,756.0,72.12,246.0,8,753,94.1,178,25,"Shoulder Injury, Concussion, Hip Injury, ACL Injury, Groin Strain, Back Injury",2026-03-21,14.0,0.8,0,0,1,1,2.06,170,1,0.206,12954,0.203,0.464,0.333,11.16,231280,16.5,1,4.39,6340,2618,6184,38.73,45.89,37.46,2,Rising,0.3265306122448979,0.2653061224489796,116,0.5918367346938775,589.9230769230769,723.4905660377359,4.2,5.92,8.66,13.265306122448976,10.455555555555556,33.19652731632031,0,Emerging,18.486961012135307,0.03399,21.769397307314566,0.2944,6.010656,32.4658612244898,51.56702657321674,81.71623766546641,18-21,52,0.1,0.3,0.1,0.2,4.33,0.5,0.6130000000000001,1,2,High,0.999,Very High,Likely (6 months)
PL0847,Robert Young,Sweden,RB,AC Milan,18,2008-11-09,Left,2028-04-03,2,189,17150,10,17,914.5,427.0,46.795,425.0,459.0,7.0,1,72,1,189.0,90.7,82.0,715.0,1030.0,1416.0,94.0,756.0,72.12,246.0,4,246,61.5,106,34,"Shoulder Injury, Achilles Injury, ACL Injury",2023-07-28,981.0,0.4,0,0,1,1,0.67,53,0,0.384,3070,0.332,0.341,0.327,10.65,17661,1.8,0,1.18,1369,115,15279,19.0,26.27,71.95,6,Rising,0.0529100529100529,0.0899470899470899,27,0.1428571428571428,1559.090909090909,952.7777777777778,1.8000000000000007,4.779999999999999,3.47,71.95767195767196,12.3,32.570824632588995,0,Emerging,38.26315789473684,0.006912,32.83850044519479,0.3968,0.0,44.14113439153439,84.3883178635594,220.705671957672,18-21,27,0.3,0.3,0.1,0.2,1.735,0.5,0.42350000000000004,0,1,Medium,0.0,Low,Possible (1 year)
PL0848,Charles Gonzalez,Ukraine,RB,Al Ittihad,20,2006-01-12,Both,2030-04-03,4,380,27865,27,53,914.5,427.0,46.795,425.0,459.0,7.13,2,31,7,190.0,73.3,82.11,822.0,548.0,1860.0,94.0,756.0,72.12,246.0,2,159,79.5,126,33,"Concussion, Hip Injury",2024-06-01,672.0,0.2,0,0,0,0,0.44,34,0,0.405,5568,0.402,0.418,0.179,5.24,85341,45.6,1,9.9,3049,3509,12141,24.83,32.62,32.74,5,Rising,0.0710526315789473,0.1394736842105263,80,0.2105263157894736,995.1785714285714,516.0185185185185,-0.0999999999999996,9.6,0.8400000000000001,91.05263157894736,26.5,85.12985006601944,0,Emerging,31.373338703181638,0.18468,18.303912996933995,0.498,2.327424,49.64652631578948,70.59913265329573,192.20490250015283,18-21,52,0.1,0.3,0.1,0.2,0.42000000000000004,0.5,0.22200000000000003,0,0,Low,0.0,Low,Unlikely
PL0849,Lance Wolf,Central African Republic,GK,Barcelona,21,2005-12-21,Right,2031-04-03,5,193,14506,0,4,914.5,427.0,46.795,425.0,459.0,7.37,3,55,0,64.3,75.2,85.79,643.0,783.0,1271.0,108.0,788.0,76.65,137.0,0,0,0.0,0,0,,2023-06-26,614.0,0.0,0,0,0,0,0.0,0,0,0.318,4130,0.301,0.461,0.237,6.13,25540,21.0,1,2.88,1133,700,1194,30.34,33.82,86.45,6,Rising,0.0,0.0207253886010362,4,0.0207253886010362,14506.0,2901.2,4.5,6.859999999999999,0.0,100.0,0.0,130.02616044115132,0,Emerging,11.470006591957812,0.06678,16.23074049406401,0.3540999999999999,1.90393,51.5602,70.12621074109602,164.51882578174855,18-21,35,0.3,0.5,0.1,0.2,0.0,0.3,0.27,0,0,Low,0.0,Low,Unlikely
PL0850,Matthew Thompson,Mexico,CDM,Bayern Munich,20,2006-05-23,Both,2027-04-04,1,457,18191,18,97,914.5,427.0,46.795,276.0,596.0,6.99,2,34,0,228.5,39.8,90.75,461.0,783.0,1271.0,94.0,756.0,72.12,246.0,3,381,127.0,180,61,"Back Injury, Fracture, ACL Injury",2023-05-07,1063.0,0.3,0,0,1,1,1.04,76,0,0.4,10113,0.341,0.359,0.3,12.96,195341,9.2,0,2.97,1042,429,2349,47.51,60.32,65.54,3,Rising,0.0393873085339168,0.212253829321663,115,0.2516411378555798,957.421052631579,185.62244897959184,6.6,11.14,3.64,83.36980306345734,31.75,40.7221020603764,0,Emerging,26.962744685329408,0.0368,47.8051677704214,0.4202000000000001,0.0,47.70236061269148,100.0,98.33510742669856,18-21,48,0.1,0.3,0.3,0.2,1.82,0.4,0.3820000000000001,0,1,Medium,0.0,Low,Possible (1 year)
PL0851,Raymond Snyder,Mexico,CB,Monaco,19,2007-06-18,Both,2027-04-04,1,347,33451,16,25,914.5,427.0,46.795,425.0,459.0,7.46,1,52,3,347.0,96.4,81.73,1430.0,1149.0,796.0,94.0,756.0,72.12,246.0,2,238,119.0,138,100,"Concussion, ACL Injury",2023-05-22,1048.0,0.2,0,0,1,1,0.65,46,0,0.56,11394,0.505,0.234,0.261,14.36,118405,95.2,0,8.22,3921,105,6258,32.78,44.75,29.57,2,Rising,0.0461095100864553,0.0720461095100864,41,0.1181556195965417,1967.7058823529408,1286.576923076923,1.8000000000000007,7.94,3.05,86.74351585014409,39.66666666666666,28.09662188042809,0,Emerging,36.51616839536302,0.53312,75.11602221901217,0.6109000000000001,0.0,49.998503170028826,100.0,148.01214674372062,18-21,53,0.1,0.3,0.1,0.2,1.525,0.4,0.3225,0,0,Low,0.0,Low,Unlikely
PL0852,Paul Wolf,Croatia,RB,Atletico Madrid,19,2007-08-27,Both,2028-04-03,2,306,13887,4,59,914.5,427.0,46.795,425.0,459.0,6.82,1,70,8,306.0,45.4,88.01,612.0,827.0,641.0,94.0,756.0,72.12,246.0,8,880,110.0,173,33,"Shoulder Injury, Hip Injury, ACL Injury, Hamstring Injury, Groin Strain",2026-03-27,8.0,0.8,0,1,1,1,2.41,185,1,0.382,17286,0.467,0.436,0.096,7.79,203925,23.6,1,6.36,825,733,386,18.99,26.22,72.91,6,Rising,0.0130718954248366,0.1928104575163398,63,0.2058823529411764,2777.4,231.45,-5.0,7.12,9.01,39.54248366013072,12.22222222222222,32.55368209330869,0,Emerging,38.072669826224335,0.090152,29.036798421286573,0.4693,7.536696,37.55109673202615,64.31074599794293,187.8494083643129,18-21,22,0.6,0.3,0.1,0.2,4.505,0.5,0.8055000000000001,1,3,Very High,0.999,Very High,Very Likely (now)
PL0853,Jerry Glass,Hungary,LB,Bayer Leverkusen,22,2004-12-20,Both,2028-04-03,2,296,30348,6,58,914.5,427.0,46.795,425.0,459.0,6.63,4,56,4,74.0,102.5,81.9,1270.0,653.0,852.0,94.0,756.0,72.12,246.0,3,370,123.3,157,79,Shoulder Injury,2024-08-04,608.0,0.3,0,0,0,0,1.01,69,0,0.0,21568,0.113,0.562,0.325,3.0,366299,55.2,1,8.68,2709,2188,709,27.85,37.58,15.81,1,Rising,0.0202702702702702,0.1959459459459459,64,0.2162162162162162,4335.428571428572,514.3728813559322,0.4000000000000003,9.92,1.61,76.6891891891892,30.825,47.74197189566335,0,Emerging,34.93716337522441,0.0,0.0,0.2082999999999999,12.121216,44.25843783783784,38.90921891891893,153.40879666494916,22-25,31,0.3,0.5,0.1,0.2,0.805,0.5,0.37050000000000005,0,1,Medium,0.0,Low,Possible (1 year)
PL0854,Justin Reid,Serbia,CDM,Eintracht Frankfurt,20,2006-03-22,Left,2027-04-04,1,314,30208,16,88,914.5,427.0,46.795,569.0,415.0,7.53,2,70,3,157.0,96.2,86.96,570.0,783.0,1271.0,94.0,756.0,72.12,246.0,5,628,125.6,175,71,"Calf Injury, Knee Injury, Hamstring Injury, Achilles Injury, Fracture",2023-12-31,825.0,0.5,1,1,0,1,1.72,110,0,0.576,4222,0.508,0.262,0.23,13.0,58700,92.7,0,1.48,5229,746,9075,40.74,45.94,96.95,4,Rising,0.0509554140127388,0.2802547770700637,104,0.3312101910828025,1776.9411764705883,339.4157303370786,0.0,8.280000000000001,2.72,64.96815286624204,20.933333333333334,34.91935251399147,0,Emerging,12.763868433971515,0.533952,62.51207829934536,0.5452,0.0,45.86003057324841,100.0,109.87070094213804,18-21,41,0.1,0.3,0.1,0.2,1.36,0.4,0.30600000000000005,0,0,Low,0.0,Low,Unlikely
PL0855,Marcus Lin,Iran,RW,Bayern Munich,22,2004-07-02,Right,2030-04-03,4,400,38387,230,95,619.0,215.0,47.84,866.0,478.0,6.83,4,25,2,100.0,96.0,85.79,643.0,783.0,1271.0,94.0,756.0,72.12,246.0,6,663,110.5,174,41,"Muscle Injury, Calf Injury, Groin Strain, Achilles Injury, Meniscus Tear, Fracture",2025-08-24,223.0,0.6,0,0,0,1,1.82,144,0,0.107,49549,0.242,0.571,0.187,3.08,864667,71.1,1,1.28,633,2530,11307,78.2,87.59,151.94,4,Rising,0.575,0.2375,325,0.8125,166.17748917748918,399.8645833333333,5.5,12.0,3.02,64.0,15.785714285714286,268.1093143440484,0,Emerging,12.0076726342711,0.0760769999999999,3.562786663602691,0.214,28.292479,42.94799999999999,40.77817999540403,54.22727272727271,22-25,6,1.0,0.5,0.9,0.2,1.51,0.7,0.826,1,3,Very High,1.0,Very High,Very Likely (now)
PL0856,Mark Hernandez,Belgium,LW,Inter Milan,23,2003-03-19,Right,2029-04-03,3,444,30258,158,90,923.0,595.0,51.08,781.0,585.0,8.18,5,77,8,88.8,68.1,85.79,643.0,783.0,1271.0,94.0,756.0,72.12,246.0,2,143,71.5,73,70,"Muscle Injury, Shoulder Injury",2023-05-15,1055.0,0.2,0,0,0,0,0.39,26,0,0.366,32028,0.441,0.423,0.136,9.44,317707,96.7,1,9.05,6759,526,5151,118.23,159.29,354.16,5,Rising,0.3558558558558558,0.2027027027027027,248,0.5585585585585585,190.3018867924528,332.5054945054945,-5.699999999999999,13.88,0.79,94.14414414414416,23.83333333333333,304.0143628666577,0,Emerging,34.72891821026811,0.353922,35.84395668476693,0.4846,13.547844,55.29402882882883,99.83294944156482,46.375936281832445,22-25,13,0.6,0.8,0.9,0.2,0.395,0.7,0.6345,1,2,High,1.0,Very High,Likely (6 months)
PL0857,Barry Ramos,Croatia,LB,Juventus,24,2002-03-02,Both,2028-04-03,2,229,38545,5,24,914.5,427.0,46.795,425.0,459.0,7.39,6,23,4,38.2,168.3,87.84,1044.0,792.0,1685.0,94.0,756.0,72.12,246.0,11,1395,126.8,170,20,"Muscle Injury, Concussion, Hip Injury, Groin Strain, Back Injury, Achilles Injury, Meniscus Tear, Fracture",2023-12-03,853.0,1.1,0,0,0,1,3.82,340,0,0.34,13236,0.398,0.435,0.167,5.56,250214,75.7,1,9.97,7260,3467,1828,32.36,44.21,94.77,5,Rising,0.0218340611353711,0.1048034934497816,29,0.1266375545851528,6424.166666666667,1541.8,3.7,10.58,6.02,0.0,10.566666666666666,55.47325711108316,0,Prime,36.61928306551299,0.25738,17.941353909966114,0.4681,5.75766,32.6122,51.178130864949175,97.75839328537172,22-25,54,0.1,0.8,0.1,0.2,3.01,0.5,0.5810000000000001,1,2,High,1.0,Very High,Likely (6 months)
PL0858,Eric Hill,Mali,GK,Wolverhampton,18,2008-10-27,Both,2029-04-03,3,364,28226,2,1,914.5,427.0,46.795,425.0,459.0,7.32,1,79,6,364.0,77.5,85.79,643.0,783.0,1271.0,72.0,785.0,68.95,145.0,1,103,103.0,103,103,Fracture,2023-04-23,1077.0,0.1,0,0,0,1,0.28,18,0,0.469,6647,0.497,0.315,0.188,3.95,80315,0.8,0,3.46,3040,2586,13330,18.26,22.55,23.72,3,Rising,0.0054945054945054,0.0027472527472527,3,0.0082417582417582,9408.666666666666,14113.0,-3.9,8.280000000000001,0.48,95.05494505494504,51.5,46.95341508876909,0,Emerging,23.49397590361445,0.0037519999999999,16.30627725449844,0.5083,0.0,50.96358901098901,68.98121038724217,264.6084580009814,18-21,40,0.1,0.3,0.1,0.2,0.24,0.3,0.184,0,0,Low,0.0,Low,Unlikely
PL0859,Anthony Romero,Portugal,GK,Barcelona,26,2000-02-26,Left,2029-04-03,3,331,21778,0,2,914.5,427.0,46.795,425.0,459.0,6.97,8,30,8,41.4,65.8,85.79,643.0,783.0,1271.0,56.0,608.0,79.14,215.0,15,1448,96.5,180,16,"Muscle Injury, Concussion, Hip Injury, Hamstring Injury, Groin Strain, Back Injury, Achilles Injury, Fracture",2025-01-13,446.0,1.5,0,1,0,1,3.97,305,0,0.388,20457,0.39,0.345,0.265,11.7,255783,75.7,0,8.02,8161,2814,8649,26.52,36.36,67.34,5,Stable,0.0,0.0060422960725075,2,0.0060422960725075,21778.0,7259.333333333333,-1.0,14.62,6.970000000000001,7.854984894259815,6.03125,68.19302125707317,1,Prime,0.0,0.293716,45.06065649318376,0.4834,0.0,33.34179697885197,90.32188322920162,121.15478553361908,26-29,57,0.1,0.8,0.1,0.2,3.4850000000000003,0.3,0.6085,1,2,High,1.0,Very High,Likely (6 months)
PL0860,Eric Hayes,Uruguay,CDM,LA Galaxy,24,2002-02-26,Both,2031-04-03,5,300,24007,82,33,914.5,427.0,46.795,207.0,354.0,7.25,6,60,2,50.0,80.0,92.81,762.0,783.0,1271.0,94.0,756.0,72.12,246.0,11,750,68.2,135,10,"Muscle Injury, Shoulder Injury, Concussion, Ankle Injury, ACL Injury, Hamstring Injury, Back Injury, Meniscus Tear",2025-03-17,383.0,1.1,0,1,1,1,2.05,135,0,0.464,12832,0.425,0.343,0.233,12.31,121925,55.8,0,8.1,6369,504,12294,55.98,65.76,127.1,5,Rising,0.2733333333333333,0.11,115,0.3833333333333333,289.2409638554217,706.0882352941177,2.0,12.0,6.25,55.0,5.683333333333334,239.9098372279384,0,Prime,17.470525187567006,0.258912,54.0327227053392,0.5255000000000001,0.0,43.451,100.0,76.25658125658126,22-25,20,0.6,0.8,0.3,0.2,3.125,0.4,0.7875000000000001,1,3,Very High,1.0,Very High,Very Likely (now)
PL0861,Anthony Decker,Japan,CB,PSG,19,2007-07-03,Both,2029-04-03,3,440,20384,13,38,914.5,427.0,46.795,425.0,459.0,7.5,1,31,2,440.0,46.3,86.09,1454.0,350.0,1957.0,94.0,756.0,72.12,246.0,1,42,42.0,42,42,Hip Injury,2024-01-21,804.0,0.1,0,0,0,0,0.12,8,0,0.561,1222,0.506,0.32,0.174,13.22,12601,49.0,0,6.01,6678,4079,18170,48.56,67.51,14.33,2,Rising,0.0295454545454545,0.0863636363636363,51,0.1159090909090909,1456.0,522.6666666666666,4.9,9.8,0.32,98.1818181818182,21.0,124.86625611777804,0,Emerging,39.02388797364086,0.27489,52.72379060435307,0.5723,0.0,52.74096363636364,100.0,106.41840927434149,18-21,52,0.1,0.3,0.3,0.2,0.16,0.4,0.21600000000000005,0,0,Low,0.0,Low,Unlikely
PL0862,Billy Lin,France,CDM,Napoli,27,1999-06-12,Left,2029-04-03,3,242,17667,24,21,914.5,427.0,46.795,267.0,389.0,6.52,9,76,6,26.9,73.0,82.28,202.0,783.0,1271.0,94.0,756.0,72.12,246.0,5,503,100.6,178,47,"Muscle Injury, Calf Injury, Knee Injury, ACL Injury, Meniscus Tear",2023-09-25,922.0,0.5,1,0,1,1,1.38,80,0,0.083,8106,0.11,0.569,0.321,3.19,76885,98.4,1,7.72,4369,1237,13451,44.48,57.24,61.77,3,Stable,0.0991735537190082,0.0867768595041322,45,0.1859504132231405,706.68,803.0454545454545,-3.6,13.84,4.38,66.94214876033058,16.766666666666666,114.37502207822833,1,Prime,0.0,0.081672,2.3830579275937955,0.2296,4.612314,42.69562975206612,36.16240176742376,93.87781387877337,26-29,27,0.3,0.8,0.3,0.2,2.19,0.4,0.5890000000000001,1,2,High,0.998,Very High,Likely (6 months)
PL0863,Scott Gilbert,Ivory Coast,GK,Al Hilal,28,1998-09-27,Left,2027-04-04,1,268,27720,1,0,914.5,427.0,46.795,425.0,459.0,7.4,10,71,6,26.8,103.4,85.79,643.0,783.0,1271.0,45.0,430.0,73.63,385.0,6,384,64.0,159,20,"Ligament Damage, Fracture, Knee Injury, Calf Injury",2024-05-29,675.0,0.6,1,0,0,1,1.05,56,0,0.347,5606,0.351,0.431,0.218,13.02,33478,81.9,1,3.05,8485,3450,5992,27.99,32.4,70.42,6,Stable,0.003731343283582,0.0,1,0.003731343283582,13860.0,27720.0,-3.1,15.36,2.25,79.1044776119403,9.142857142857142,23.990983722793843,1,Prime,0.0,0.284193,38.99782390602098,0.3883999999999999,2.416186,49.26969552238807,98.63158362022553,169.95410666570567,26-29,19,0.6,0.8,0.1,0.2,1.125,0.3,0.5475000000000001,0,1,Medium,0.003,Low,Possible (1 year)
PL0864,Jonathon Ford,Colombia,LB,Al Ahli,19,2007-11-20,Right,2031-04-03,5,212,13867,7,57,914.5,427.0,46.795,425.0,459.0,6.42,1,17,3,212.0,65.4,83.37,1005.0,493.0,1263.0,94.0,756.0,72.12,246.0,3,286,95.3,101,87,"Muscle Injury, Fracture, ACL Injury",2026-01-09,85.0,0.3,0,0,1,1,0.78,49,0,0.069,6377,0.238,0.532,0.23,5.81,56256,41.1,1,6.07,8372,1003,9860,17.49,22.59,5.22,1,Rising,0.0330188679245283,0.2688679245283019,64,0.3018867924528302,1733.375,239.0862068965517,5.3,5.24,3.38,76.88679245283019,23.825,74.95575300315546,0,Emerging,29.15951972555747,0.028359,3.512040881792338,0.2532999999999999,3.392564,42.61195849056604,39.81404056797153,230.45948345357516,18-21,31,0.3,0.3,0.1,0.2,1.69,0.5,0.419,0,1,Medium,0.0,Low,Possible (1 year)
PL0865,Julian Conner,Guinea,ST,Porto,21,2005-02-13,Left,2029-04-03,3,453,24781,111,108,899.0,287.0,46.79,248.0,644.0,6.9,3,80,2,151.0,54.7,85.79,643.0,783.0,1271.0,94.0,756.0,72.12,246.0,0,0,0.0,0,0,,2023-06-26,614.0,0.0,0,0,0,0,0.0,0,0,0.085,5071,0.136,0.538,0.326,7.71,26162,42.9,1,1.7,4436,1851,14157,70.14,87.27,47.45,2,Rising,0.2450331125827814,0.23841059602649,219,0.4834437086092715,221.25892857142856,227.348623853211,0.0,12.06,0.0,100.0,0.0,180.3566557681415,0,Emerging,24.422583404619328,0.036465,5.591112296630317,0.1842,2.7281980000000003,50.3804,53.57686844494548,70.8186674163621,18-21,33,0.3,0.5,0.6,0.2,0.0,0.7,0.38500000000000006,0,1,Medium,0.0,Low,Possible (1 year)
PL0866,Steven Cole,Austria,RB,Crystal Palace,26,2000-06-17,Both,2031-04-03,5,249,23817,21,31,914.5,427.0,46.795,425.0,459.0,6.35,8,35,0,31.1,95.7,89.06,1047.0,1152.0,1885.0,94.0,756.0,72.12,246.0,2,148,74.0,112,36,"Fracture, Calf Injury",2025-11-05,150.0,0.2,0,0,0,1,0.41,27,0,0.031,5389,0.208,0.574,0.218,10.46,64737,41.1,1,1.94,876,2613,8443,31.42,43.71,56.56,3,Stable,0.0843373493975903,0.1244979919678714,52,0.2088353413654618,1082.590909090909,744.28125,6.5,12.98,0.81,89.1566265060241,24.666666666666668,134.65464604683507,1,Prime,0.0,0.012741,2.786139413277201,0.1794,3.0932859999999995,46.186125301204825,45.65227177051821,142.4618300468995,26-29,28,0.3,0.8,0.1,0.2,0.405,0.5,0.3905,0,1,Medium,0.0,Low,Possible (1 year)
PL0867,Robert Pearson,Georgia,CAM,Celta Vigo,25,2001-11-07,Left,2029-04-03,3,414,40828,61,43,914.5,427.0,46.795,339.0,203.0,7.92,7,58,7,59.1,98.6,90.63,485.0,783.0,1271.0,94.0,756.0,72.12,246.0,8,756,94.5,151,35,"Shoulder Injury, Concussion, Hip Injury, Ankle Injury, Knee Injury, Groin Strain, Back Injury, Meniscus Tear",2025-09-26,190.0,0.8,1,0,0,1,2.07,189,0,0.329,21869,0.295,0.34,0.365,8.43,113905,68.8,0,8.84,5799,958,17792,92.98,126.24,232.55,6,Rising,0.1473429951690821,0.1038647342995169,104,0.251207729468599,658.516129032258,927.9090909090908,-2.8000000000000007,15.28,3.67,54.34782608695652,10.5,239.0869953424836,1,Prime,0.0,0.226352,27.714928247632592,0.4405,0.0,46.48656521739131,77.47567498014455,49.46431710724761,22-25,19,0.6,0.8,0.9,0.2,1.835,0.6,0.7685,1,3,Very High,1.0,Very High,Very Likely (now)
PL0868,Frank Alvarez,Nigeria,CM,Real Madrid,20,2006-09-18,Right,2027-04-04,1,218,27059,12,108,914.5,427.0,46.795,373.0,247.0,7.13,2,21,1,109.0,124.1,85.63,599.0,783.0,1271.0,94.0,756.0,72.12,246.0,2,309,154.5,180,129,"ACL Injury, Meniscus Tear",2026-03-06,29.0,0.2,0,0,1,1,0.85,70,1,0.435,6204,0.487,0.366,0.147,4.33,57444,36.8,0,5.11,1781,4387,14221,55.12,66.34,45.02,3,Rising,0.055045871559633,0.4954128440366973,120,0.5504587155963303,2081.4615384615386,248.24770642201835,6.9,6.36,6.25,67.88990825688073,51.5,47.24483825653435,0,Emerging,20.355587808418008,0.16008,16.449250654537387,0.498,0.0,44.36598165137615,54.35686680749416,79.05556245790477,18-21,29,0.3,0.3,0.3,0.2,3.125,0.5,0.5925,1,2,High,1.0,Very High,Likely (6 months)
PL0869,Chris Brown,Hungary,CM,Al Ittihad,20,2006-11-25,Both,2028-04-03,2,186,37410,60,67,914.5,427.0,46.795,594.0,506.0,7.56,2,38,4,93.0,201.1,81.13,292.0,783.0,1271.0,94.0,756.0,72.12,246.0,5,322,64.4,119,14,"Ankle Injury, Back Injury, Achilles Injury, Hip Injury",2024-12-05,485.0,0.5,0,0,0,0,0.88,47,0,0.558,23126,0.478,0.294,0.228,10.94,325190,15.9,0,8.45,9164,1955,10010,58.62,81.76,193.55,6,Rising,0.3225806451612903,0.3602150537634409,127,0.6827956989247311,613.2786885245902,550.1470588235294,2.2,5.720000000000001,1.88,74.73118279569893,10.733333333333334,100.4895652611772,0,Emerging,39.47458205390653,0.088722,61.34283225260094,0.5923,0.0,47.51483655913979,100.0,79.6961364628309,18-21,7,1.0,0.3,0.6,0.2,0.94,0.5,0.664,1,2,High,1.0,Very High,Likely (6 months)
PL0870,Brian Nolan,Netherlands,CB,Real Madrid,22,2004-09-27,Right,2030-04-03,4,150,39968,30,39,914.5,427.0,46.795,425.0,459.0,7.5,4,44,7,37.5,266.5,86.6,1063.0,402.0,1316.0,94.0,756.0,72.12,246.0,5,529,105.8,149,79,"Muscle Injury, Concussion, ACL Injury, Hamstring Injury, Groin Strain",2024-10-26,525.0,0.5,0,1,1,1,1.45,98,0,0.409,4573,0.289,0.391,0.321,12.34,30461,15.8,0,9.57,6056,4025,17722,55.22,65.88,82.88,5,Rising,0.2,0.26,69,0.46,1289.2903225806451,999.2,-1.4000000000000004,7.0,4.45,34.66666666666667,17.633333333333333,189.3222038117436,0,Emerging,19.304599782687426,0.064622,42.53734530012149,0.4678,0.0,39.26893333333334,94.54048461684891,69.84868967152853,22-25,50,0.1,0.5,0.3,0.2,2.225,0.4,0.4625,0,1,Medium,0.0,Low,Possible (1 year)
PL0871,Greg Klein,England,CM,West Ham,23,2003-08-23,Right,2029-04-03,3,201,33330,88,21,914.5,427.0,46.795,545.0,576.0,7.14,5,80,3,40.2,165.8,87.3,399.0,783.0,1271.0,94.0,756.0,72.12,246.0,7,600,85.7,155,20,"Muscle Injury, Ligament Damage, ACL Injury, Hamstring Injury, Groin Strain, Fracture",2023-07-12,997.0,0.7,0,1,1,1,1.64,124,0,0.174,23048,0.214,0.559,0.227,12.21,134041,52.4,1,6.19,2894,418,11514,56.97,77.29,37.86,4,Rising,0.4378109452736318,0.1044776119402985,109,0.5422885572139303,374.4943820224719,1515.0,-1.0,9.02,5.04,38.30845771144279,10.7125,146.4915694198891,0,Emerging,35.66789538353521,0.091176,21.341806661288228,0.2839,12.883832,38.59349154228856,61.229455763076615,66.57493797186227,22-25,31,0.3,0.8,0.6,0.2,2.52,0.5,0.677,1,2,High,1.0,Very High,Likely (6 months)
PL0872,Jonathan Thompson,Senegal,CM,Marseille,24,2002-03-26,Right,2029-04-03,3,330,34352,28,68,914.5,427.0,46.795,521.0,747.0,6.74,6,68,0,55.0,104.1,87.38,614.0,783.0,1271.0,94.0,756.0,72.12,246.0,14,1358,97.0,180,16,"Ligament Damage, Shoulder Injury, Concussion, Ankle Injury, ACL Injury, Hamstring Injury, Groin Strain, Back Injury, Achilles Injury",2025-06-17,291.0,1.4,0,1,1,1,3.72,302,0,0.222,21868,0.213,0.459,0.328,13.42,237622,73.5,1,5.8,8939,289,3168,41.84,51.76,107.55,5,Rising,0.0848484848484848,0.206060606060606,96,0.2909090909090909,1184.551724137931,497.8550724637681,3.2,12.6,8.52,8.484848484848484,6.466666666666667,107.58657652322556,0,Prime,23.70936902485658,0.16317,29.77102510861241,0.3189,10.037412,31.814769696969694,63.52392251140346,74.26416829358006,22-25,19,0.6,0.8,0.3,0.2,4.26,0.5,0.911,1,3,Very High,1.0,Very High,Very Likely (now)
PL0873,David Kim,Russia,CM,Athletic Bilbao,22,2004-05-14,Right,2030-04-03,4,450,23870,79,75,914.5,427.0,46.795,434.0,771.0,6.68,4,77,7,112.5,53.0,86.76,779.0,783.0,1271.0,94.0,756.0,72.12,246.0,0,0,0.0,0,0,,2023-06-26,614.0,0.0,0,0,0,0,0.0,0,0,0.041,18205,0.179,0.599,0.221,2.79,150057,9.6,1,1.13,9264,4471,1455,52.62,66.25,81.57,5,Rising,0.1755555555555555,0.1666666666666666,154,0.3422222222222222,298.375,314.07894736842104,-4.699999999999999,13.0,0.0,100.0,0.0,180.4080833859824,0,Emerging,25.90269859369062,0.003936,1.1221094472841722,0.1616,10.904795,49.6432,46.50476417092626,92.5833644162626,22-25,56,0.1,0.5,0.3,0.2,0.0,0.5,0.25,0,0,Low,0.0,Low,Unlikely
PL0874,Jeffrey Mills,Georgia,CB,Chelsea,22,2004-01-13,Left,2027-04-04,1,187,25430,3,28,914.5,427.0,46.795,425.0,459.0,6.4,4,68,6,46.8,136.0,84.35,1278.0,484.0,1243.0,94.0,756.0,72.12,246.0,2,99,49.5,54,45,"Shoulder Injury, Hamstring Injury",2023-10-08,909.0,0.2,0,1,0,0,0.27,19,0,0.0,11307,0.008,0.51,0.482,7.24,166597,71.8,1,7.62,6624,2023,15197,39.58,46.26,49.28,4,Rising,0.0160427807486631,0.1497326203208556,31,0.1657754010695187,6357.5,876.8965517241379,-2.8000000000000007,7.74,0.67,89.83957219251337,16.5,33.925085235733484,0,Emerging,16.87721071248105,0.0,0.0,0.1766,5.76657,45.46911443850268,41.39455721925134,112.04808880853297,22-25,12,1.0,0.5,0.1,0.2,0.335,0.4,0.5585,1,2,High,0.007,Low,Likely (6 months)
PL0875,Christopher Watson,Austria,ST,Villarreal,25,2001-10-03,Both,2031-04-03,5,181,38015,182,55,659.0,222.0,53.87,335.0,591.0,7.99,7,55,7,25.9,210.0,85.79,643.0,783.0,1271.0,94.0,756.0,72.12,246.0,7,636,90.9,180,12,"Ligament Damage, Concussion, Hip Injury, ACL Injury, Hamstring Injury, Fracture",2025-11-18,137.0,0.7,0,1,1,1,1.74,133,0,0.322,41894,0.349,0.472,0.179,10.1,409329,39.1,1,9.09,1359,3618,13744,125.85,160.99,145.19,2,Rising,1.0055248618784531,0.3038674033149171,237,1.3093922651933705,207.73224043715848,678.8392857142857,-2.5,10.62,5.14,26.519337016574585,11.3625,539.3471421067534,1,Prime,0.0,0.125902,34.61291017079151,0.43,19.773968,40.24786740331492,81.76329895784473,31.728709029022404,22-25,8,1.0,0.8,0.9,0.2,2.57,0.7,0.992,1,3,Very High,1.0,Very High,Very Likely (now)
PL0876,Douglas Ortiz,Senegal,CM,Galatasaray,18,2008-02-10,Both,2029-04-03,3,447,35117,81,43,914.5,427.0,46.795,157.0,589.0,7.33,1,10,5,447.0,78.6,83.94,280.0,783.0,1271.0,94.0,756.0,72.12,246.0,1,51,51.0,51,51,Hamstring Injury,2025-12-11,114.0,0.1,0,1,0,0,0.14,8,0,0.193,18806,0.296,0.455,0.248,13.18,354594,74.6,1,4.47,990,1137,11988,35.95,50.26,8.7,1,Rising,0.1812080536912751,0.0961968680089485,124,0.2774049217002237,428.2560975609756,798.1136363636364,4.0,9.94,0.34,98.2102908277405,25.5,92.44114306907169,0,Emerging,39.805285118219736,0.143978,25.03544944838346,0.3197,8.55673,51.5894581655481,82.66790325534924,139.6196432085199,18-21,52,0.1,0.3,0.1,0.2,0.17,0.5,0.197,0,0,Low,0.0,Low,Unlikely
PL0877,George Harper,Egypt,CM,Eintracht Frankfurt,21,2005-07-13,Left,2027-04-04,1,251,18586,69,66,914.5,427.0,46.795,411.0,543.0,7.19,3,68,4,83.7,74.0,84.09,320.0,783.0,1271.0,94.0,756.0,72.12,246.0,3,320,106.7,163,71,"Ligament Damage, Fracture, Hamstring Injury",2023-08-04,974.0,0.3,0,1,0,1,0.88,55,0,0.195,14503,0.174,0.424,0.402,2.79,104749,32.6,1,3.48,853,4552,842,42.29,47.23,19.24,1,Rising,0.2749003984063745,0.2629482071713147,135,0.5378486055776892,265.51428571428573,277.4029850746269,-0.8000000000000007,8.02,1.48,78.08764940239044,26.675,36.24789930821549,0,Emerging,11.68124852210924,0.06357,5.213184894312092,0.2802,6.149272,46.541929880478094,48.13074228170719,107.51196553586992,18-21,28,0.3,0.5,0.3,0.2,0.74,0.5,0.394,0,1,Medium,0.0,Low,Possible (1 year)
PL0878,Richard Holland,Brazil,RW,PSG,25,2001-03-24,Right,2030-04-03,4,216,37286,221,42,1399.0,503.0,42.7,389.0,226.0,6.57,7,80,2,30.9,172.6,85.79,643.0,783.0,1271.0,94.0,756.0,72.12,246.0,3,182,60.7,104,25,"Groin Strain, Back Injury, Concussion",2024-12-04,486.0,0.3,0,0,0,0,0.5,33,0,0.097,11703,0.156,0.571,0.273,8.02,94379,95.9,1,6.85,9256,4129,3375,97.2,129.38,173.5,6,Rising,1.023148148148148,0.1944444444444444,263,1.2175925925925926,167.95495495495496,867.1162790697674,0.0,11.32,1.1,84.72222222222223,15.175,333.2509636092264,1,Prime,0.0,0.093023,7.287497602264008,0.2399,6.682413,45.96824444444445,51.71536862561824,46.810839556460735,22-25,51,0.1,0.8,0.9,0.2,0.55,0.7,0.4750000000000001,0,1,Medium,0.0,Low,Possible (1 year)
PL0879,Austin Davis,Austria,RB,Everton,28,1998-05-22,Right,2029-04-03,3,293,16511,27,13,914.5,427.0,46.795,425.0,459.0,7.08,10,71,5,29.3,56.4,80.28,1292.0,572.0,862.0,94.0,756.0,72.12,246.0,11,1079,98.1,173,7,"Muscle Injury, Ligament Damage, Hip Injury, Ankle Injury, Knee Injury, Hamstring Injury, Groin Strain, Achilles Injury, Fracture",2025-12-12,113.0,1.1,1,1,0,1,2.96,268,0,0.397,13126,0.405,0.345,0.25,3.52,76641,5.1,0,1.04,6481,2692,17891,33.94,45.84,54.67,5,Stable,0.0921501706484641,0.0443686006825938,40,0.136518771331058,589.6785714285714,1179.357142857143,-2.1,15.86,5.16,8.532423208191133,8.174999999999999,87.2726674760582,1,Prime,0.0,0.020247,13.251122027795356,0.4217,0.0,34.041884641638234,46.577625362512144,97.42954963262233,26-29,48,0.1,0.8,0.1,0.2,2.58,0.5,0.538,0,1,Medium,0.0,Low,Possible (1 year)
PL0880,Michael Mitchell,Croatia,LW,Barcelona,23,2003-02-02,Right,2027-04-04,1,432,34555,49,82,509.0,470.0,49.42,575.0,422.0,8.05,5,23,8,86.4,80.0,85.79,643.0,783.0,1271.0,94.0,756.0,72.12,246.0,10,959,95.9,174,39,"Muscle Injury, Shoulder Injury, Calf Injury, ACL Injury, Hamstring Injury, Back Injury, Meniscus Tear, Fracture",2023-10-06,911.0,1.0,0,1,1,1,2.63,238,0,0.43,71187,0.494,0.321,0.184,11.25,1219747,56.4,0,9.59,195,2316,14309,122.89,143.07,188.18,3,Rising,0.1134259259259259,0.1898148148148148,131,0.3032407407407407,691.1,416.32530120481925,-0.3000000000000007,13.64,6.63,44.907407407407405,8.718181818181819,105.3323326078648,0,Emerging,16.421189681829272,0.2425199999999999,54.049772293470525,0.5519000000000001,0.0,45.013281481481485,100.0,36.3332645746077,22-25,52,0.1,0.8,0.9,0.2,3.315,0.7,0.7515000000000001,1,3,Very High,1.0,Very High,Very Likely (now)
PL0881,Nathaniel Douglas,Germany,GK,Sevilla,23,2003-09-03,Both,2029-04-03,3,238,35815,1,2,914.5,427.0,46.795,425.0,459.0,6.36,5,28,2,47.6,150.5,85.79,643.0,783.0,1271.0,102.0,446.0,70.42,358.0,4,322,80.5,147,22,"Groin Strain, ACL Injury, Ankle Injury",2023-05-09,1061.0,0.4,0,0,1,1,0.88,47,0,0.0,15735,0.167,0.607,0.226,2.02,204637,69.6,1,9.57,8234,362,12776,18.58,25.72,43.21,4,Rising,0.0042016806722689,0.0084033613445378,3,0.0126050420168067,17907.5,11938.333333333334,5.2,9.76,3.68,80.25210084033614,16.1,47.77625697422396,0,Emerging,38.42841765339075,0.0,0.0,0.2244,9.551145,43.89122016806723,34.58561008403362,224.16353507695212,22-25,50,0.1,0.8,0.1,0.2,1.84,0.3,0.44400000000000006,0,1,Medium,0.0,Low,Possible (1 year)
PL0882,Terrence Marks,Ivory Coast,LB,Al Ittihad,19,2007-11-28,Left,2031-04-03,5,337,29783,2,50,914.5,427.0,46.795,425.0,459.0,6.82,1,53,6,337.0,88.4,78.89,436.0,1051.0,601.0,94.0,756.0,72.12,246.0,1,49,49.0,49,49,Ligament Damage,2025-12-17,108.0,0.1,0,0,0,0,0.13,9,0,0.115,19732,0.13,0.498,0.372,12.36,182904,46.7,1,6.5,934,2629,18368,22.3,29.38,56.41,5,Rising,0.0059347181008902,0.1483679525222551,52,0.1543026706231454,9927.666666666666,583.9803921568628,-1.3000000000000007,7.74,0.33,97.3293768545994,24.5,95.56965648772824,0,Emerging,31.74887892376681,0.053705,14.057713715736822,0.2504,9.826536,48.79467537091988,64.82390825906518,209.4192076005145,18-21,23,0.6,0.3,0.1,0.2,0.165,0.5,0.37150000000000005,0,1,Medium,0.0,Low,Possible (1 year)
PL0883,Gavin Aguilar,Canada,RW,LA Galaxy,22,2004-10-27,Right,2029-04-03,3,310,17031,147,46,832.0,339.0,40.57,681.0,331.0,7.31,4,51,4,77.5,54.9,85.79,643.0,783.0,1271.0,94.0,756.0,72.12,246.0,4,462,115.5,135,100,"Ankle Injury, Muscle Injury, Shoulder Injury, ACL Injury",2024-09-27,554.0,0.4,0,0,1,1,1.27,97,0,0.456,6697,0.322,0.345,0.333,8.89,35855,84.9,0,4.83,6134,980,6362,69.32,83.84,69.97,2,Rising,0.4741935483870967,0.1483870967741935,193,0.6225806451612903,115.07432432432432,362.3617021276596,0.9000000000000004,10.2,4.07,68.70967741935483,23.1,178.24812343666335,0,Emerging,20.94633583381421,0.387144,35.71256395281719,0.4583,0.0,45.938535483870965,88.39811367116127,65.32783771881537,22-25,43,0.1,0.5,0.6,0.2,2.035,0.7,0.5185,0,1,Medium,0.34,Low,Possible (1 year)
PL0884,Charles Bailey,Sweden,CM,LA Galaxy,23,2003-10-28,Both,2027-04-04,1,182,18114,21,82,914.5,427.0,46.795,483.0,732.0,6.77,5,43,7,36.4,99.5,92.29,729.0,783.0,1271.0,94.0,756.0,72.12,246.0,8,767,95.9,172,10,"Muscle Injury, Concussion, Calf Injury, Hip Injury, Ankle Injury, ACL Injury, Achilles Injury",2024-03-25,740.0,0.8,0,0,1,1,2.1,168,0,0.0,14878,0.184,0.619,0.197,13.66,100783,62.3,1,9.35,5470,4071,10961,38.46,47.52,126.98,5,Rising,0.1153846153846153,0.4505494505494505,103,0.5659340659340659,823.3636363636364,218.24096385542168,-1.3000000000000007,8.64,5.7,7.692307692307693,10.655555555555557,32.965103036036126,0,Emerging,23.55694227769111,0.0,0.0,0.2249,9.209482,30.79626153846154,23.99813076923077,78.04425123786503,22-25,40,0.1,0.8,0.1,0.2,2.85,0.5,0.5650000000000002,1,2,High,1.0,Very High,Likely (6 months)
PL0885,Walter Hale,Russia,CAM,Villarreal,21,2005-02-10,Both,2027-04-04,1,303,19152,27,73,914.5,427.0,46.795,349.0,274.0,7.89,3,57,0,101.0,63.2,92.24,755.0,783.0,1271.0,94.0,756.0,72.12,246.0,3,395,131.7,147,122,"Fracture, ACL Injury, Calf Injury",2023-06-26,1013.0,0.3,0,0,1,1,1.08,91,0,0.392,12447,0.376,0.304,0.32,5.68,152733,2.4,0,2.44,2796,4157,10866,72.58,87.55,175.24,4,Rising,0.0891089108910891,0.2409240924092409,100,0.33003300330033,684.0,258.81081081081084,4.3,9.06,3.68,69.96699669966996,32.925,62.21027504824498,0,Emerging,20.6255166712593,0.009408,20.99493615506485,0.4332,0.0,48.23179933993399,68.24830390256427,65.55014860007337,18-21,56,0.1,0.5,0.6,0.2,1.84,0.6,0.48900000000000005,0,1,Medium,0.001,Low,Possible (1 year)
PL0886,James Larson,Burkina Faso,CM,Atletico Madrid,21,2005-10-16,Both,2029-04-03,3,426,18359,17,120,914.5,427.0,46.795,437.0,559.0,6.64,3,57,0,142.0,43.1,88.34,260.0,783.0,1271.0,94.0,756.0,72.12,246.0,8,649,81.1,162,7,"Ligament Damage, Knee Injury, Hamstring Injury, Achilles Injury, Meniscus Tear, Fracture",2025-06-17,291.0,0.8,1,1,0,1,1.78,157,0,0.274,10993,0.254,0.391,0.355,6.82,78056,53.6,0,1.66,6158,509,4036,39.64,47.44,47.11,4,Rising,0.0399061032863849,0.2816901408450704,137,0.3215962441314554,1019.9444444444443,151.72727272727272,4.3,11.52,3.38,63.14553990610329,9.011111111111113,101.92953856072326,0,Emerging,19.677093844601405,0.146864,17.388263515014618,0.3242,0.0,42.141507981220656,60.39314926313225,103.694655465602,18-21,20,0.6,0.5,0.1,0.2,1.69,0.5,0.5640000000000001,1,2,High,0.999,Very High,Likely (6 months)
PL0887,Todd Collins,Spain,RW,Napoli,22,2004-04-04,Both,2029-04-03,3,261,30498,236,38,576.0,522.0,38.72,282.0,194.0,7.74,4,39,7,65.2,116.9,85.79,643.0,783.0,1271.0,94.0,756.0,72.12,246.0,8,857,107.1,162,46,"Shoulder Injury, Hip Injury, Ankle Injury, Hamstring Injury, Back Injury, Meniscus Tear",2024-01-04,821.0,0.8,0,1,0,1,2.35,209,0,0.31,11510,0.233,0.465,0.302,9.19,139383,76.1,1,7.97,320,3010,4200,66.99,90.4,151.11,4,Rising,0.9042145593869731,0.1455938697318007,274,1.049808429118774,128.68354430379748,782.0,-0.9000000000000004,9.22,3.95,19.923371647509583,11.9,172.256805958195,0,Emerging,34.9455142558591,0.2359099999999999,26.640230215691123,0.3806,5.352150000000001,37.54987432950192,70.83528248828765,55.22852526768926,22-25,30,0.3,0.5,0.6,0.2,1.975,0.7,0.5825,1,2,High,0.998,Very High,Likely (6 months)
PL0888,James Conner,Ecuador,CM,Atletico Madrid,18,2008-08-15,Left,2029-04-03,3,207,43096,82,37,914.5,427.0,46.795,172.0,404.0,7.71,1,50,0,207.0,208.2,80.43,272.0,783.0,1271.0,94.0,756.0,72.12,246.0,1,171,171.0,171,171,Meniscus Tear,2024-02-21,773.0,0.1,0,0,0,1,0.47,32,0,0.311,27905,0.242,0.424,0.334,5.47,354204,35.9,1,1.83,4843,884,4367,45.32,50.76,52.74,3,Rising,0.3961352657004831,0.178743961352657,119,0.5748792270531401,519.2289156626506,1134.1052631578948,5.0,5.14,0.6699999999999999,84.54106280193237,85.5,116.53498202754736,0,Emerging,12.003530450132386,0.111649,17.414191715856845,0.3305,11.83172,49.43721256038647,69.4998938539785,106.72973350687924,18-21,60,0.1,0.3,0.3,0.2,0.33499999999999996,0.5,0.24350000000000005,0,0,Low,0.0,Low,Unlikely
PL0889,Robert Santiago,Ecuador,RB,Bayer Leverkusen,21,2005-10-19,Right,2029-04-03,3,152,29355,18,49,914.5,427.0,46.795,425.0,459.0,6.71,3,51,4,50.7,193.1,86.04,577.0,1198.0,1532.0,94.0,756.0,72.12,246.0,1,119,119.0,119,119,Hamstring Injury,2026-04-02,2.0,0.1,0,1,0,0,0.33,22,1,0.0,17500,0.001,0.539,0.461,14.03,344102,73.5,1,4.36,5526,3554,19221,27.25,36.87,50.29,4,Rising,0.1184210526315789,0.3223684210526316,67,0.4407894736842105,1545.0,587.1,0.9000000000000004,6.04,3.53,85.52631578947368,59.5,70.07012930826711,0,Emerging,35.302752293577974,0.0,0.0,0.1361,9.4325,45.42546315789474,35.65273157894737,160.7980996739637,18-21,42,0.1,0.5,0.1,0.2,1.765,0.5,0.3965,0,1,Medium,0.0,Low,Possible (1 year)
PL0890,Ronald Rodgers,Mali,CB,AC Milan,20,2006-06-08,Right,2028-04-03,2,266,40065,11,56,914.5,427.0,46.795,425.0,459.0,7.05,2,62,5,133.0,150.6,86.3,1468.0,779.0,1346.0,94.0,756.0,72.12,246.0,3,331,110.3,172,26,"Back Injury, Ligament Damage, Hamstring Injury",2024-05-19,685.0,0.3,0,1,0,0,0.91,71,0,0.304,10141,0.373,0.371,0.256,7.29,145771,78.5,0,4.44,9467,4833,8891,28.28,36.29,74.97,5,Rising,0.0413533834586466,0.2105263157894736,67,0.2518796992481203,3338.75,702.8947368421053,-1.1999999999999993,7.32,1.51,73.30827067669173,27.575,48.47910108471668,0,Emerging,28.323903818953315,0.23864,20.44283605040202,0.4036999999999999,0.0,45.13305413533835,70.2107811432722,154.14294445129218,18-21,33,0.3,0.3,0.1,0.2,0.755,0.4,0.3155,0,0,Low,0.0,Low,Unlikely
PL0891,Michael Fox,Scotland,CB,Newcastle,21,2005-03-22,Left,2029-04-03,3,217,33002,18,22,914.5,427.0,46.795,425.0,459.0,7.25,3,75,2,72.3,152.1,83.79,1367.0,1084.0,736.0,94.0,756.0,72.12,246.0,6,547,91.2,171,9,"Ligament Damage, Shoulder Injury, Calf Injury, Achilles Injury, Fracture",2024-03-12,753.0,0.6,0,0,0,1,1.5,118,0,0.292,8564,0.327,0.36,0.313,14.16,129451,17.8,0,2.83,893,3125,1878,31.38,42.42,109.7,6,Rising,0.0829493087557603,0.1013824884792626,40,0.184331797235023,1736.9473684210527,1434.8695652173913,0.5,7.34,2.7,45.622119815668206,13.028571428571428,80.68993239241917,0,Emerging,35.181644359464634,0.0519759999999999,37.44170644045023,0.3712,0.0,40.33482396313365,90.92997164224217,124.56709068293284,18-21,15,0.6,0.5,0.1,0.2,1.35,0.4,0.52,0,1,Medium,0.002,Low,Possible (1 year)
PL0892,Matthew Henderson,Brazil,CAM,Al Ahli,19,2007-05-16,Left,2031-04-03,5,422,22825,49,88,914.5,427.0,46.795,259.0,284.0,6.55,1,52,0,422.0,54.1,91.72,272.0,783.0,1271.0,94.0,756.0,72.12,246.0,1,43,43.0,43,43,Fracture,2023-04-28,1072.0,0.1,0,0,0,1,0.12,7,0,0.084,7756,0.068,0.47,0.462,5.92,133366,12.3,1,5.29,4967,759,4686,30.32,36.05,47.07,4,Rising,0.1161137440758293,0.2085308056872037,137,0.3246445497630332,456.5,256.46067415730334,4.8,9.44,0.32,98.34123222748816,21.5,129.94044774474978,0,Emerging,18.89841688654353,0.010332,4.4538141956873005,0.2129,3.64532,48.18204644549763,50.13174451627977,153.8379516139771,18-21,44,0.1,0.3,0.1,0.2,0.16,0.6,0.20600000000000002,0,0,Low,0.0,Low,Unlikely
PL0893,Ivan Cox,Central African Republic,RW,Villarreal,28,1998-02-27,Both,2029-04-03,3,248,26827,228,96,1225.0,427.0,48.69,270.0,629.0,8.01,10,37,5,24.8,108.2,85.79,643.0,783.0,1271.0,94.0,756.0,72.12,246.0,3,166,55.3,74,41,"Back Injury, Concussion, Muscle Injury",2024-12-03,487.0,0.3,0,0,0,0,0.45,34,0,0.561,59650,0.406,0.253,0.341,7.59,815954,87.0,0,4.88,3500,3552,11666,137.11,151.96,253.41,5,Stable,0.9193548387096774,0.3870967741935484,324,1.3064516129032258,117.14847161572052,276.5670103092784,1.3000000000000007,14.96,1.05,86.29032258064517,13.825,352.5620341084956,1,Prime,0.0,0.48807,46.82199148221361,0.5444,0.0,53.37886451612904,100.0,38.64952901030268,26-29,22,0.6,0.8,0.9,0.2,0.525,0.7,0.6475,1,2,High,0.998,Very High,Likely (6 months)
PL0894,Christopher Lewis,Kosovo,LW,Atletico Madrid,23,2003-12-21,Left,2027-04-04,1,394,23689,164,122,895.0,545.0,52.43,355.0,580.0,7.35,5,61,4,78.8,60.1,85.79,643.0,783.0,1271.0,94.0,756.0,72.12,246.0,12,1130,94.2,164,11,"Hip Injury, Knee Injury, ACL Injury, Hamstring Injury, Back Injury, Meniscus Tear, Fracture",2024-01-06,819.0,1.2,1,1,1,1,3.1,223,0,0.409,10381,0.347,0.407,0.246,6.1,202800,97.5,1,3.52,6992,4571,4045,66.97,77.17,214.56,6,Rising,0.416243654822335,0.3096446700507614,286,0.7258883248730964,143.56969696969696,192.59349593495932,-0.0999999999999996,12.88,7.5,43.4010152284264,7.246153846153846,57.40179278011803,0,Emerging,15.230700313573244,0.398775,23.07240811400436,0.4215,4.225067,41.49920304568528,60.35821369384918,61.0551758800725,22-25,44,0.1,0.8,0.6,0.2,3.75,0.7,0.75,1,3,Very High,1.0,Very High,Very Likely (now)
PL0895,Travis Tucker,Serbia,CM,Crystal Palace,24,2002-11-01,Both,2031-04-03,5,459,30467,14,115,914.5,427.0,46.795,379.0,639.0,6.83,6,42,4,76.5,66.4,82.52,761.0,783.0,1271.0,94.0,756.0,72.12,246.0,15,1117,74.5,173,17,"Ligament Damage, Shoulder Injury, Muscle Injury, Concussion, Hip Injury, Calf Injury, Ankle Injury, ACL Injury, Back Injury, Fracture",2025-10-16,170.0,1.5,0,0,1,1,3.06,244,0,0.155,27860,0.172,0.439,0.389,5.82,432348,79.0,1,9.36,1866,4425,14871,44.58,52.29,128.9,6,Rising,0.0305010893246187,0.2505446623093681,129,0.2810457516339869,2031.1333333333332,262.6465517241379,1.8000000000000007,15.18,8.06,46.84095860566448,4.65625,191.0536002790549,0,Prime,17.294751009421265,0.1224499999999999,9.23297829099464,0.3194,12.23054,40.3629917211329,37.9109632970584,88.55417227102436,22-25,27,0.3,0.8,0.3,0.2,4.03,0.5,0.7830000000000001,1,3,Very High,1.0,Very High,Very Likely (now)
PL0896,Darrell Taylor,Morocco,CB,Bayer Leverkusen,26,2000-01-18,Right,2029-04-03,3,427,29994,14,40,914.5,427.0,46.795,425.0,459.0,6.8,8,48,6,53.4,70.2,89.2,1021.0,481.0,1151.0,94.0,756.0,72.12,246.0,2,114,57.0,90,24,"Knee Injury, Hamstring Injury",2026-04-03,1.0,0.2,1,1,0,0,0.31,16,1,0.247,9774,0.255,0.411,0.334,14.68,160242,12.9,1,1.07,2650,1771,8086,44.4,50.14,134.69,6,Stable,0.0327868852459016,0.0936768149882904,54,0.126463700234192,1999.6,731.560975609756,-0.8000000000000007,16.54,3.71,96.25292740046838,19.0,114.16931160686458,1,Prime,0.0,0.031863,33.313809850143635,0.3038,4.017113999999999,50.36618548009368,87.73380751526228,110.93873453765129,26-29,31,0.3,0.8,0.3,0.2,1.855,0.4,0.5555000000000001,1,2,High,0.06,Low,Likely (6 months)
PL0897,Billy Richard,Austria,LW,Borussia Dortmund,23,2003-03-12,Both,2030-04-03,4,240,33001,42,67,1084.0,254.0,43.91,654.0,433.0,7.67,5,60,5,48.0,137.5,85.79,643.0,783.0,1271.0,94.0,756.0,72.12,246.0,12,805,67.1,149,10,"Muscle Injury, Shoulder Injury, Concussion, Calf Injury, Hip Injury, Ankle Injury, ACL Injury, Groin Strain, Meniscus Tear, Fracture",2025-04-10,359.0,1.2,0,0,1,1,2.21,119,0,0.543,39936,0.532,0.244,0.224,9.41,202116,14.5,0,1.24,2615,4110,729,85.88,100.22,257.78,6,Rising,0.175,0.2791666666666667,109,0.4541666666666666,767.4651162790698,485.30882352941177,-1.0,9.8,6.609999999999999,50.41666666666666,5.161538461538461,294.4402546786045,0,Emerging,16.69771774569167,0.078735,54.13682871981945,0.5404,0.0,43.80413333333334,100.0,50.41912216083488,22-25,49,0.1,0.8,0.9,0.2,3.3049999999999997,0.7,0.7505000000000001,1,3,Very High,1.0,Very High,Very Likely (now)
PL0898,Brian Wise,France,GK,Eintracht Frankfurt,19,2007-08-17,Right,2031-04-03,5,264,33812,1,2,914.5,427.0,46.795,425.0,459.0,6.47,1,33,0,264.0,128.1,85.79,643.0,783.0,1271.0,50.0,772.0,81.34,181.0,1,10,10.0,10,10,Concussion,2025-04-17,352.0,0.1,0,0,0,0,0.03,2,0,0.021,1146,0.064,0.615,0.322,13.92,21697,42.9,1,3.73,757,4143,5207,13.04,16.75,7.35,1,Rising,0.0037878787878787,0.0075757575757575,3,0.0113636363636363,16906.0,11270.666666666666,6.7,6.28,0.23,99.24242424242424,5.0,55.88467805381059,0,Emerging,28.45092024539878,0.009009,2.059366663839258,0.1419,0.7047899999999999,47.26828484848485,46.26319242000132,336.66869550202887,18-21,30,0.3,0.3,0.1,0.2,0.115,0.3,0.24150000000000002,0,0,Low,0.0,Low,Unlikely
PL0899,Russell Stephenson,Slovakia,CB,Lyon,23,2003-01-22,Both,2028-04-03,2,167,31222,23,54,914.5,427.0,46.795,425.0,459.0,7.21,5,13,1,33.4,187.0,84.91,1064.0,409.0,587.0,94.0,756.0,72.12,246.0,7,1005,143.6,179,75,"Muscle Injury, Concussion, Hip Injury, ACL Injury, Achilles Injury",2024-12-19,471.0,0.7,0,0,1,1,2.75,219,0,0.258,8315,0.243,0.481,0.275,9.88,160358,20.3,1,5.53,5947,1730,16109,33.47,46.29,99.81,6,Rising,0.1377245508982036,0.3233532934131736,77,0.4610778443113772,1300.9166666666667,567.6727272727272,7.7,8.34,6.15,0.0,17.95,57.376078971197565,0,Emerging,38.30295787272184,0.052374,23.00747355571064,0.3352,3.999515,31.1784,57.80041033356597,90.4508268059182,22-25,22,0.6,0.8,0.1,0.2,3.075,0.4,0.7525000000000002,1,3,Very High,1.0,Very High,Very Likely (now)
PL0900,Andrew Rogers,Ecuador,RW,Bayern Munich,23,2003-08-06,Right,2028-04-03,2,289,18567,51,37,1347.0,719.0,53.83,297.0,169.0,6.66,5,47,7,57.8,64.2,85.79,643.0,783.0,1271.0,94.0,756.0,72.12,246.0,8,717,89.6,159,45,"Ligament Damage, Shoulder Injury, Concussion, Calf Injury, ACL Injury, Meniscus Tear",2025-04-30,339.0,0.8,0,0,1,1,1.96,109,0,0.042,11810,0.185,0.625,0.19,3.91,92692,85.4,1,6.08,584,814,19231,61.29,85.65,124.96,5,Rising,0.1764705882352941,0.1280276816608996,88,0.3044982698961938,357.0576923076923,488.60526315789474,-1.6999999999999993,10.78,5.5600000000000005,62.28373702422145,9.955555555555556,105.06662324901998,0,Emerging,39.7454723445913,0.035868,1.539855892103858,0.2081,7.38125,41.668947404844296,32.024257540577935,66.89508332773205,22-25,18,0.6,0.8,0.6,0.2,2.7800000000000002,0.7,0.828,1,3,Very High,1.0,Very High,Very Likely (now)
PL0901,James Martin,Germany,GK,Napoli,25,2001-12-24,Right,2030-04-03,4,324,26248,0,5,914.5,427.0,46.795,425.0,459.0,6.73,7,57,3,46.3,81.0,85.79,643.0,783.0,1271.0,129.0,581.0,67.86,112.0,6,409,68.2,110,28,"Concussion, Calf Injury, Hamstring Injury, Meniscus Tear, Fracture",2024-03-15,750.0,0.6,0,1,0,1,1.12,63,0,0.199,5135,0.15,0.503,0.347,6.71,66008,92.2,1,2.25,152,4665,16813,24.49,32.57,6.16,1,Rising,0.0,0.015432098765432,5,0.015432098765432,26248.0,4374.666666666667,1.3000000000000007,13.48,2.3200000000000003,80.55555555555556,9.742857142857144,83.96415739495836,1,Prime,0.0,0.183478,11.408757612223836,0.2465,2.582905,46.22011111111112,55.58319197389132,181.32644610086749,22-25,25,0.3,0.8,0.1,0.2,1.1600000000000001,0.3,0.44600000000000006,0,1,Medium,0.0,Low,Possible (1 year)
PL0902,Ronald Wise,Spain,ST,AS Roma,22,2004-04-03,Left,2029-04-03,3,331,42090,98,114,570.0,381.0,54.96,284.0,288.0,6.73,4,50,5,82.8,127.2,85.79,643.0,783.0,1271.0,94.0,756.0,72.12,246.0,3,355,118.3,163,68,"Groin Strain, Achilles Injury, Meniscus Tear",2023-10-08,909.0,0.3,0,0,0,1,0.97,77,0,0.247,63814,0.255,0.405,0.34,7.99,1213587,68.6,1,5.55,1214,3520,18040,73.23,89.85,34.06,2,Rising,0.29607250755287,0.3444108761329305,212,0.6404833836858006,425.1515151515151,366.0,0.0,10.62,1.5699999999999998,76.73716012084591,29.575,188.3022227245652,0,Emerging,22.695616550594007,0.1694419999999999,21.834629811027582,0.3498,25.84467,45.09103202416919,72.15746072862596,60.74502495509792,22-25,30,0.3,0.5,0.9,0.2,0.7849999999999999,0.7,0.5085000000000001,0,1,Medium,0.0,Low,Possible (1 year)
PL0903,Robert Martin,Italy,CDM,Celta Vigo,19,2007-04-17,Both,2029-04-03,3,210,16546,30,73,914.5,427.0,46.795,190.0,251.0,6.82,1,33,5,210.0,78.8,84.15,545.0,783.0,1271.0,94.0,756.0,72.12,246.0,6,719,119.8,162,36,"Ligament Damage, Concussion, Hip Injury, ACL Injury, Meniscus Tear",2026-03-26,9.0,0.6,0,0,1,1,1.97,169,1,0.384,3499,0.344,0.441,0.215,7.19,59099,68.1,1,5.71,2715,4034,19467,26.56,34.94,10.11,1,Rising,0.1428571428571428,0.3476190476190476,103,0.4904761904761904,533.741935483871,223.59459459459455,1.6999999999999993,5.2,8.17,19.52380952380952,17.114285714285714,68.29587649275503,0,Emerging,31.551204819277107,0.2615039999999999,22.53086446055549,0.4257,1.543059,33.0761619047619,53.994377643214186,120.01510125095032,18-21,9,1.0,0.3,0.1,0.2,4.085,0.4,0.8935000000000001,1,3,Very High,1.0,Very High,Very Likely (now)
PL0904,Jeffrey Jenkins,Mexico,CAM,Juventus,21,2005-01-21,Right,2029-04-03,3,312,30622,91,99,914.5,427.0,46.795,166.0,547.0,7.93,3,73,1,104.0,98.1,85.69,244.0,783.0,1271.0,94.0,756.0,72.12,246.0,5,465,93.0,134,29,"Muscle Injury, Shoulder Injury, Concussion, Hamstring Injury, Meniscus Tear",2023-05-04,1066.0,0.5,0,1,0,1,1.27,85,0,0.301,35258,0.285,0.431,0.284,5.46,346863,92.9,1,4.8,1330,3733,19755,54.9,71.47,86.78,3,Rising,0.2916666666666667,0.3173076923076923,190,0.6089743589743589,332.8478260869565,306.22,1.6999999999999993,9.24,2.27,72.75641025641026,15.5,141.16881097335283,0,Emerging,30.182149362477237,0.279629,17.207808642761588,0.3676999999999999,15.196198,48.85468205128205,65.69905398978341,87.39656896472638,18-21,15,0.6,0.5,0.3,0.2,1.135,0.6,0.5485,0,1,Medium,0.721,Very High,Possible (1 year)
PL0905,Michael Young,Central African Republic,LW,Everton,22,2004-12-09,Left,2031-04-03,5,396,38374,78,133,664.0,674.0,46.9,250.0,512.0,7.67,4,56,0,99.0,96.9,85.79,643.0,783.0,1271.0,94.0,756.0,72.12,246.0,6,613,102.2,157,27,"Shoulder Injury, Hamstring Injury, Groin Strain, Back Injury, Achilles Injury",2024-05-13,691.0,0.6,0,1,0,0,1.68,151,0,0.271,36424,0.323,0.456,0.221,7.93,512396,0.8,1,2.11,9235,560,17605,76.19,94.15,225.85,6,Rising,0.1969696969696969,0.3358585858585858,211,0.5328282828282829,485.746835443038,286.3731343283582,4.4,11.92,2.88,61.86868686868687,14.6,326.5225169417047,0,Emerging,23.572647329045815,0.002168,22.571284936474196,0.3352,16.609344,46.10813737373738,71.15099609157998,59.73330402090605,22-25,8,1.0,0.5,0.9,0.2,1.44,0.7,0.819,1,3,Very High,1.0,Very High,Very Likely (now)
PL0906,Jeremy Mitchell,Austria,GK,LA Galaxy,24,2002-11-13,Left,2029-04-03,3,383,21056,2,0,914.5,427.0,46.795,425.0,459.0,7.44,6,37,4,63.8,55.0,85.79,643.0,783.0,1271.0,46.0,409.0,81.7,247.0,8,690,86.2,179,18,"Muscle Injury, Shoulder Injury, Ligament Damage, Hamstring Injury, Groin Strain, Back Injury",2025-03-26,374.0,0.8,0,1,0,0,1.89,131,0,0.245,11824,0.295,0.515,0.19,6.49,187781,25.7,1,5.78,7571,4563,18992,25.56,35.11,34.48,3,Rising,0.0052219321148825,0.0,2,0.0052219321148825,7018.666666666667,21056.0,2.3,13.66,3.49,65.79634464751959,9.577777777777778,65.72449560070852,0,Prime,37.363067292644764,0.062965,14.91144312780328,0.3413,6.089360000000001,46.33386892950392,58.554099156456886,174.44980771650577,22-25,46,0.1,0.8,0.1,0.2,1.745,0.3,0.4345000000000001,0,1,Medium,0.0,Low,Possible (1 year)
PL0907,Paul Cole,Morocco,CM,Al Hilal,23,2003-07-08,Left,2031-04-03,5,186,22860,98,94,914.5,427.0,46.795,151.0,321.0,7.91,5,37,6,37.2,122.9,83.61,329.0,783.0,1271.0,94.0,756.0,72.12,246.0,7,543,77.6,158,31,"Knee Injury, ACL Injury, Hip Injury, Hamstring Injury",2023-05-09,1061.0,0.7,1,1,1,1,1.49,100,0,0.295,37479,0.261,0.494,0.245,5.21,330739,90.0,1,3.86,6279,3800,4639,60.74,72.27,34.46,1,Rising,0.5268817204301075,0.5053763440860215,192,1.032258064516129,230.9090909090909,240.6315789473684,0.3000000000000007,8.72,4.89,46.23655913978495,9.7,260.3094589715073,0,Emerging,18.98254856766545,0.2654999999999999,16.186485347636754,0.3361,18.514626,43.303511827957,56.15148393543363,70.13850312270327,22-25,50,0.1,0.8,0.6,0.2,2.445,0.5,0.5995000000000001,1,2,High,0.999,Very High,Likely (6 months)
PL0908,Joseph Collins,Ghana,LB,Galatasaray,22,2004-08-20,Left,2027-04-04,1,173,30096,20,9,914.5,427.0,46.795,425.0,459.0,7.48,4,38,5,43.2,174.0,86.78,547.0,855.0,1114.0,94.0,756.0,72.12,246.0,1,143,143.0,143,143,Calf Injury,2023-12-16,840.0,0.1,0,0,0,0,0.39,33,0,0.325,2096,0.241,0.487,0.272,10.94,23758,42.2,1,7.54,4976,509,10691,44.95,60.42,107.18,5,Rising,0.1156069364161849,0.0520231213872832,29,0.1676300578034682,1433.142857142857,3009.6,1.1999999999999993,7.46,0.5900000000000001,80.92485549132948,71.5,38.527857032496726,0,Emerging,34.41601779755283,0.13715,27.193399206371776,0.3803,1.020752,48.35757109826591,83.78888435869061,105.23954537163418,22-25,23,0.6,0.5,0.3,0.2,0.29500000000000004,0.5,0.4545,0,1,Medium,0.0,Low,Possible (1 year)
PL0909,Robert Harrison,Nigeria,RW,Al Ahli,32,1994-04-03,Right,2031-04-03,5,259,33173,121,69,898.0,582.0,48.72,548.0,300.0,6.48,10,59,1,25.9,128.1,85.79,643.0,783.0,1271.0,94.0,756.0,72.12,246.0,21,2265,107.9,178,20,"Ligament Damage, Muscle Injury, Shoulder Injury, Concussion, Calf Injury, Hip Injury, Ankle Injury, ACL Injury, Hamstring Injury, Back Injury, Achilles Injury, Meniscus Tear, Fracture",2025-07-04,274.0,2.1,0,1,1,1,6.21,325,0,0.289,61876,0.297,0.458,0.244,4.89,331930,49.9,1,6.0,3567,3696,17371,17.25,21.8,13.16,2,Declining,0.4671814671814672,0.2664092664092664,190,0.7335907335907336,271.90983606557376,473.9,3.1,15.18,10.0,0.0,4.904545454545455,73.92720064633687,0,Experienced,0.0,0.1442109999999999,15.591810011109596,0.3731,28.339208000000003,29.702200000000005,38.23881501666439,162.75178082191783,30-33,52,0.1,0.7,0.1,0.2,5.0,0.7,0.7799999999999999,1,3,Very High,1.0,Very High,Very Likely (now)
PL0910,Russell Richardson,England,RB,Al Ittihad,24,2002-03-06,Right,2029-04-03,3,167,15443,28,36,914.5,427.0,46.795,425.0,459.0,6.86,6,80,0,27.8,92.5,83.57,426.0,959.0,539.0,94.0,756.0,72.12,246.0,7,790,112.9,154,48,"Shoulder Injury, Hip Injury, Knee Injury, ACL Injury, Back Injury, Achilles Injury, Meniscus Tear",2025-06-20,288.0,0.7,1,0,1,1,2.16,120,0,0.084,14067,0.2,0.584,0.216,7.7,97074,73.5,1,8.87,8742,4117,957,30.11,34.2,16.57,1,Rising,0.1676646706586826,0.2155688622754491,64,0.3832335329341317,532.5172413793103,417.3783783783784,2.0,9.34,5.5600000000000005,28.143712574850294,14.1125,77.42427865952011,0,Prime,13.583527067419473,0.06174,6.178012390256517,0.2655,8.215127999999998,35.46774251497006,35.880889842869806,114.00752978132454,22-25,41,0.1,0.8,0.1,0.2,2.7800000000000002,0.5,0.558,1,2,High,0.998,Very High,Likely (6 months)
PL0911,Travis Joyce,Egypt,CM,Napoli,21,2005-07-26,Right,2029-04-03,3,217,34115,59,111,914.5,427.0,46.795,394.0,649.0,7.99,3,74,4,72.3,157.2,83.42,447.0,783.0,1271.0,94.0,756.0,72.12,246.0,4,506,126.5,162,72,"Ligament Damage, Fracture, Calf Injury",2026-03-25,10.0,0.4,0,0,0,1,1.39,90,1,0.412,3860,0.48,0.367,0.154,14.36,24999,63.2,0,4.96,1375,2374,5675,59.83,74.03,173.35,4,Rising,0.271889400921659,0.511520737327189,170,0.783410138248848,568.5833333333334,304.5982142857143,-1.4000000000000004,7.34,5.19,58.525345622119815,25.3,153.8457187711421,0,Emerging,23.733912752799604,0.260384,48.86100250997802,0.485,0.0,46.10306912442397,100.0,75.7900199316521,18-21,52,0.1,0.5,0.6,0.2,2.595,0.5,0.5545,1,2,High,0.592,High,Likely (6 months)
PL0912,Joel Campbell,Serbia,CM,Borussia Dortmund,19,2007-08-16,Both,2028-04-03,2,244,39683,37,104,914.5,427.0,46.795,441.0,398.0,7.37,1,57,3,244.0,162.6,91.03,514.0,783.0,1271.0,94.0,756.0,72.12,246.0,2,226,113.0,156,70,"Fracture, Hip Injury",2025-09-04,212.0,0.2,0,0,0,1,0.62,47,0,0.532,7927,0.506,0.292,0.202,3.79,96765,60.2,0,9.69,4229,2067,6635,49.08,62.52,86.7,4,Rising,0.151639344262295,0.4262295081967213,141,0.5778688524590164,1044.2894736842106,377.9333333333333,1.3000000000000007,5.88,1.02,80.73770491803279,37.66666666666666,84.13558278776146,0,Emerging,27.38386308068461,0.320264,18.102476532937093,0.6031,0.0,48.00974098360656,69.11858529120892,95.86609621327187,18-21,27,0.3,0.3,0.3,0.2,0.51,0.5,0.33099999999999996,0,0,Low,0.0,Low,Unlikely
PL0913,James Rose,Morocco,RW,Villarreal,20,2006-01-08,Left,2027-04-04,1,180,15391,130,87,1338.0,586.0,50.18,360.0,492.0,6.99,2,37,2,90.0,85.5,85.79,643.0,783.0,1271.0,94.0,756.0,72.12,246.0,8,621,77.6,128,27,"Muscle Injury, Calf Injury, Ankle Injury, Hamstring Injury, Back Injury, Meniscus Tear, Fracture",2025-06-13,295.0,0.8,0,1,0,1,1.7,111,0,0.382,55435,0.299,0.343,0.358,12.49,569752,86.4,0,5.3,7222,1154,1249,54.41,66.77,80.09,3,Rising,0.7222222222222222,0.4833333333333333,217,1.2055555555555555,117.4885496183206,174.89772727272728,4.3,5.6,3.3,38.33333333333333,8.622222222222222,46.63627811208335,0,Emerging,22.71641242418673,0.330048,52.11552509695787,0.4269,0.0,37.60046666666667,100.0,67.85862960957711,18-21,39,0.1,0.3,0.3,0.2,1.65,0.7,0.3950000000000001,0,1,Medium,0.0,Low,Possible (1 year)
PL0914,Vincent Montoya,Kosovo,GK,Bayer Leverkusen,21,2005-03-21,Right,2031-04-03,5,312,24901,0,0,914.5,427.0,46.795,425.0,459.0,6.53,3,60,2,104.0,79.8,85.79,643.0,783.0,1271.0,103.0,617.0,81.75,260.0,6,849,141.5,173,116,"Back Injury, Shoulder Injury, Fracture",2023-08-15,963.0,0.6,0,0,0,1,2.33,163,0,0.144,7204,0.283,0.506,0.211,11.29,79349,89.7,1,7.88,5540,3672,14913,11.72,14.8,35.95,5,Rising,0.0,0.0,0,0.0,24901.0,24901.0,2.0,9.24,3.53,47.756410256410255,20.214285714285715,50.227640091308295,0,Emerging,26.279863481228663,0.129168,14.440862799391043,0.3201,3.645224,38.15948205128205,53.68103522472759,299.99592807611674,18-21,52,0.1,0.5,0.1,0.2,1.765,0.3,0.37650000000000006,0,1,Medium,0.0,Low,Possible (1 year)
PL0915,Robert Taylor,Senegal,GK,West Ham,20,2006-03-09,Right,2028-04-03,2,223,16965,1,4,914.5,427.0,46.795,425.0,459.0,7.06,2,29,3,111.5,76.1,85.79,643.0,783.0,1271.0,72.0,588.0,74.9,195.0,4,380,95.0,138,73,"Calf Injury, Fracture, Meniscus Tear, Hip Injury",2025-11-14,141.0,0.4,0,0,0,1,1.04,69,0,0.183,4361,0.248,0.513,0.239,8.64,42516,42.7,1,6.68,5278,2864,10053,18.4,23.21,21.88,2,Rising,0.0044843049327354,0.0179372197309417,5,0.0224215246636771,8482.5,3393.0,4.1,6.46,1.84,69.05829596412556,19.0,31.542272275770397,0,Emerging,26.1413043478261,0.078141,13.25087016414366,0.3117999999999999,2.2371930000000004,43.96725919282512,58.17993484262805,226.635356664047,18-21,13,0.6,0.3,0.1,0.2,0.92,0.3,0.42700000000000005,0,1,Medium,0.002,Low,Likely (6 months)
PL0916,David Davidson,Uruguay,CB,RB Leipzig,20,2006-11-01,Both,2029-04-03,3,263,23583,23,59,914.5,427.0,46.795,425.0,459.0,6.34,2,15,6,131.5,89.7,88.32,595.0,371.0,531.0,94.0,756.0,72.12,246.0,4,248,62.0,163,8,"Shoulder Injury, ACL Injury, Hip Injury",2025-01-23,436.0,0.4,0,0,1,1,0.68,48,0,0.0,6344,0.084,0.568,0.347,9.93,86204,5.5,1,5.17,2316,3490,15672,22.06,28.13,26.47,2,Rising,0.0874524714828897,0.2243346007604562,82,0.311787072243346,982.625,393.05,2.5,7.26,3.48,81.74904942965779,12.4,56.72466247854578,0,Emerging,27.515865820489577,0.0,0.0,0.1633,3.603392,43.48840988593156,34.78420494296578,188.58807409337192,18-21,45,0.1,0.3,0.1,0.2,1.74,0.4,0.3440000000000001,0,0,Low,0.0,Low,Unlikely
PL0917,Shane Spencer,Slovakia,CDM,Al Ahli,21,2005-08-28,Both,2030-04-03,4,203,27870,41,20,914.5,427.0,46.795,434.0,753.0,6.88,3,11,2,67.7,137.3,91.88,722.0,783.0,1271.0,94.0,756.0,72.12,246.0,0,0,0.0,0,0,,2023-06-26,614.0,0.0,0,0,0,0,0.0,0,0,0.266,1134,0.191,0.414,0.395,12.06,7442,51.7,1,4.94,3923,4613,13541,44.25,50.14,74.36,3,Rising,0.2019704433497537,0.0985221674876847,61,0.3004926108374384,663.5714285714286,1327.142857142857,6.9,7.06,0.0,100.0,0.0,151.7114726307435,0,Emerging,13.310734463276836,0.137522,22.566035103651743,0.3303,0.469476,49.5926,78.64535265547761,109.59690607734808,18-21,54,0.1,0.5,0.3,0.2,0.0,0.4,0.24000000000000002,0,0,Low,0.0,Low,Unlikely
PL0918,Brian Singleton,Japan,CDM,Monaco,20,2006-03-26,Both,2031-04-03,5,239,19096,59,70,914.5,427.0,46.795,262.0,654.0,6.92,2,52,7,119.5,79.9,90.33,206.0,783.0,1271.0,94.0,756.0,72.12,246.0,5,547,109.4,161,53,"Shoulder Injury, Concussion, Knee Injury, ACL Injury, Groin Strain",2024-11-06,514.0,0.5,1,0,1,1,1.5,102,0,0.298,6547,0.256,0.371,0.373,4.64,85411,75.1,0,5.72,2358,1320,11935,32.4,39.87,22.8,1,Rising,0.2468619246861924,0.2928870292887029,129,0.5397489539748954,318.26666666666665,268.9577464788732,-2.1999999999999997,6.78,4.5,57.32217573221757,18.23333333333333,138.854568170511,0,Emerging,23.055555555555557,0.2237979999999999,12.149843023750307,0.379,0.0,41.25843514644352,49.85398210884722,123.5282489414477,18-21,49,0.1,0.3,0.1,0.2,2.25,0.4,0.395,0,1,Medium,0.0,Low,Possible (1 year)
PL0919,Samuel Mitchell,Iran,GK,Napoli,28,1998-05-06,Both,2029-04-03,3,235,31934,2,4,914.5,427.0,46.795,425.0,459.0,6.31,10,64,4,23.5,135.9,85.79,643.0,783.0,1271.0,97.0,731.0,79.57,195.0,5,394,78.8,161,13,"Back Injury, Achilles Injury, Calf Injury",2024-08-09,603.0,0.5,0,0,0,0,1.08,86,0,0.136,4286,0.196,0.495,0.309,9.32,78869,98.3,1,1.54,6004,3338,12420,21.55,26.92,5.24,1,Stable,0.0085106382978723,0.0170212765957446,6,0.025531914893617,10644.666666666666,6386.8,-0.4000000000000003,14.7,2.08,63.40425531914894,13.133333333333333,55.41325822360208,1,Prime,0.0,0.133688,10.60070384326227,0.2296,2.12157,41.32005106382979,52.4010812968083,183.23747700146248,26-29,24,0.6,0.8,0.1,0.2,1.04,0.3,0.539,0,1,Medium,0.001,Low,Possible (1 year)
PL0920,Phillip Nelson,Turkey,GK,Bayer Leverkusen,19,2007-04-13,Right,2030-04-03,4,192,26451,0,1,914.5,427.0,46.795,425.0,459.0,7.24,1,28,7,192.0,137.8,85.79,643.0,783.0,1271.0,147.0,646.0,72.12,191.0,3,389,129.7,178,96,"Ligament Damage, Knee Injury, Hip Injury",2025-11-12,143.0,0.3,1,0,0,0,1.07,78,0,0.309,11610,0.328,0.392,0.279,8.38,219322,70.6,0,8.49,9596,1368,13648,14.74,17.21,9.47,1,Rising,0.0,0.0052083333333333,1,0.0052083333333333,26451.0,13225.5,0.1999999999999993,4.84,1.67,59.375,32.425,50.53620579835388,0,Emerging,16.757123473541387,0.2181539999999999,24.23621561663585,0.4285,0.0,42.66,74.34432342495377,271.0292249047014,18-21,47,0.1,0.3,0.1,0.2,0.835,0.3,0.24350000000000002,0,0,Low,0.0,Low,Unlikely
PL0921,Taylor Hernandez,Kosovo,CM,Crystal Palace,23,2003-09-28,Right,2031-04-03,5,369,27790,76,43,914.5,427.0,46.795,280.0,279.0,7.83,5,26,0,73.8,75.3,86.01,674.0,783.0,1271.0,94.0,756.0,72.12,246.0,8,568,71.0,148,14,"Ligament Damage, Shoulder Injury, Muscle Injury, Concussion, Calf Injury, Hamstring Injury, Back Injury, Achilles Injury",2024-06-26,647.0,0.8,0,1,0,0,1.56,142,0,0.316,10813,0.222,0.402,0.376,2.68,66578,82.2,1,4.71,4775,3247,1391,59.62,76.75,88.85,3,Rising,0.2059620596205962,0.1165311653116531,119,0.3224932249322493,360.9090909090909,631.5909090909091,7.4,12.38,3.16,61.51761517615176,7.888888888888889,255.5095479730205,0,Emerging,28.731969137873204,0.259752,7.86632691721644,0.3597,4.346826,46.81892303523036,48.88895189343984,77.23345931248822,22-25,46,0.1,0.8,0.6,0.2,1.58,0.5,0.5130000000000001,0,1,Medium,0.001,Low,Possible (1 year)
PL0922,Jeffrey Potts,Netherlands,CB,West Ham,22,2004-02-06,Both,2030-04-03,4,377,17253,7,56,914.5,427.0,46.795,425.0,459.0,7.28,4,10,2,94.2,45.8,81.16,1105.0,1162.0,831.0,94.0,756.0,72.12,246.0,3,151,50.3,103,15,"Ankle Injury, ACL Injury",2023-09-27,920.0,0.3,0,0,1,1,0.41,30,0,0.354,4378,0.369,0.328,0.303,13.79,27379,4.7,0,1.96,6526,2963,19627,44.32,53.2,48.09,4,Rising,0.0185676392572944,0.1485411140583554,63,0.1671087533156498,2156.625,302.6842105263158,7.0,11.54,3.01,92.04244031830238,12.575,151.95146818066783,0,Emerging,20.03610108303249,0.016638,40.93064764959771,0.4062999999999999,0.0,50.649088063660486,100.0,111.75879978742384,22-25,42,0.1,0.5,0.3,0.2,1.505,0.4,0.39050000000000007,0,1,Medium,0.0,Low,Possible (1 year)
PL0923,Daniel Hayes,Ecuador,GK,Celta Vigo,31,1995-09-25,Both,2027-04-04,1,198,27637,2,1,914.5,427.0,46.795,425.0,459.0,6.29,10,77,1,19.8,139.6,85.79,643.0,783.0,1271.0,52.0,1062.0,78.52,187.0,12,1255,104.6,179,20,"Muscle Injury, Ligament Damage, Concussion, Calf Injury, Ankle Injury, Knee Injury, Groin Strain, Achilles Injury, Fracture",2025-09-01,215.0,1.2,1,0,0,1,3.44,212,0,0.222,4670,0.217,0.497,0.285,2.5,30080,88.5,1,8.82,6655,1117,16286,7.88,10.17,22.29,4,Declining,0.0101010101010101,0.005050505050505,3,0.0151515151515151,9212.333333333334,13818.5,1.3000000000000007,13.96,5.84,0.0,8.046153846153846,6.75416047644214,0,Experienced,0.0,0.19647,4.68926629557867,0.3427,2.32099,28.637400000000003,29.672599443368007,322.49324324324334,30-33,11,1.0,0.7,0.1,0.2,2.92,0.3,0.847,1,3,Very High,0.998,Very High,Very Likely (now)
PL0924,Gregory Johnson,Slovakia,CAM,Napoli,19,2007-10-18,Right,2027-04-04,1,447,34971,72,112,914.5,427.0,46.795,501.0,204.0,7.15,1,24,8,447.0,78.2,84.76,296.0,783.0,1271.0,94.0,756.0,72.12,246.0,1,60,60.0,60,60,Back Injury,2026-03-06,29.0,0.1,0,0,0,0,0.16,15,1,0.378,30941,0.296,0.434,0.27,13.85,300804,82.1,1,2.17,9109,4724,16795,50.95,65.1,13.68,1,Rising,0.1610738255033557,0.2505592841163311,184,0.4116331096196868,479.054794520548,309.4778761061947,-0.4000000000000003,9.94,3.36,96.64429530201342,30.0,43.67061881658972,0,Emerging,27.772325809617254,0.310338,54.132320171694616,0.3749,13.428394,50.66665906040269,100.0,97.52966132897532,18-21,57,0.1,0.3,0.3,0.2,1.68,0.6,0.38800000000000007,0,1,Medium,0.0,Low,Possible (1 year)
PL0925,Anthony Shaw,Netherlands,CB,Al Hilal,22,2004-06-28,Left,2027-04-04,1,373,20428,25,26,914.5,427.0,46.795,425.0,459.0,7.04,4,69,7,93.2,54.8,90.33,567.0,1047.0,1705.0,94.0,756.0,72.12,246.0,8,745,93.1,149,19,"Muscle Injury, Shoulder Injury, Calf Injury, Hip Injury, ACL Injury, Back Injury, Achilles Injury",2024-05-26,678.0,0.8,0,0,1,1,2.04,171,0,0.434,9490,0.468,0.292,0.24,12.06,75677,10.9,0,9.93,6219,3325,18863,34.51,42.87,105.08,6,Rising,0.067024128686327,0.0697050938337801,51,0.1367292225201072,785.6923076923077,756.5925925925926,-3.9,11.46,5.640000000000001,54.15549597855228,10.344444444444443,29.5794515281749,0,Emerging,24.2248623587366,0.047306,47.9338578514934,0.5549,0.0,42.39289919571046,100.0,119.38298844187683,22-25,31,0.3,0.5,0.1,0.2,2.8200000000000003,0.4,0.562,1,2,High,0.999,Very High,Likely (6 months)
PL0926,David Vang,Switzerland,LW,Chelsea,30,1996-08-26,Right,2030-04-03,4,255,38367,206,37,1181.0,729.0,35.89,251.0,497.0,8.05,10,71,8,25.5,150.5,85.79,643.0,783.0,1271.0,94.0,756.0,72.12,246.0,17,1453,85.5,167,14,"Ligament Damage, Shoulder Injury, Muscle Injury, Concussion, Hip Injury, Calf Injury, Ankle Injury, ACL Injury, Hamstring Injury, Back Injury, Achilles Injury",2023-04-23,1077.0,1.7,0,1,1,1,3.98,286,0,0.667,10000,0.479,0.246,0.275,10.68,162651,6.6,0,2.06,8204,813,7192,82.86,108.07,49.18,1,Stable,0.807843137254902,0.1450980392156863,243,0.9529411764705882,185.34782608695653,1009.657894736842,-5.1,15.1,9.38,0.0,4.75,284.0861609532973,0,Experienced,0.0,0.044022,65.61112458057923,0.5819,0.0,36.38380000000001,100.0,43.38635821607442,30-33,39,0.1,0.5,0.9,0.2,4.69,0.7,0.8290000000000001,1,3,Very High,1.0,Very High,Very Likely (now)
PL0927,Timothy Combs,Spain,GK,Athletic Bilbao,27,1999-07-05,Right,2029-04-03,3,345,33287,0,0,914.5,427.0,46.795,425.0,459.0,6.86,9,71,2,38.3,96.5,85.79,643.0,783.0,1271.0,110.0,784.0,75.35,179.0,4,469,117.2,144,47,"Fracture, Hamstring Injury, Calf Injury, Hip Injury",2024-06-01,672.0,0.4,0,1,0,1,1.28,76,0,0.283,2325,0.227,0.364,0.409,2.29,21031,14.8,0,5.13,6989,2157,8234,24.13,29.97,43.93,3,Stable,0.0,0.0,0,0.0,33287.0,33287.0,0.9000000000000004,15.9,2.08,77.97101449275362,23.44,62.04742092508205,1,Prime,0.0,0.041884,5.023777289208255,0.3598,0.0,46.93380289855073,46.84256738308775,186.76403859351663,26-29,50,0.1,0.8,0.1,0.2,1.04,0.3,0.3640000000000001,0,1,Medium,0.0,Low,Possible (1 year)
PL0928,Matthew Moody,Brazil,CDM,Inter Miami,26,2000-10-18,Left,2030-04-03,4,440,25247,52,59,914.5,427.0,46.795,486.0,254.0,6.71,8,71,2,55.0,57.4,81.25,726.0,783.0,1271.0,94.0,756.0,72.12,246.0,2,96,48.0,69,27,"Groin Strain, Concussion",2025-04-26,343.0,0.2,0,0,0,0,0.26,22,0,0.102,11377,0.224,0.511,0.265,3.82,130446,68.6,1,4.21,5340,1626,9520,45.92,53.76,46.72,3,Stable,0.1181818181818181,0.1340909090909091,111,0.2522727272727272,476.35849056603774,420.78333333333336,0.9000000000000004,16.8,0.66,95.0,16.0,157.43708075036704,1,Prime,0.0,0.0699719999999999,3.639018211370819,0.2478999999999999,5.813647,49.695800000000006,48.98642731705624,105.91602728047742,26-29,11,1.0,0.8,0.3,0.2,0.33,0.4,0.6480000000000001,1,2,High,0.999,Very High,Likely (6 months)
PL0929,Chad Mitchell,Burkina Faso,CDM,Al Nassr,21,2005-12-26,Both,2027-04-04,1,180,17968,32,90,914.5,427.0,46.795,464.0,418.0,7.44,3,39,2,60.0,99.8,83.83,330.0,783.0,1271.0,94.0,756.0,72.12,246.0,8,530,66.2,149,11,"Ligament Damage, Calf Injury, Ankle Injury, Back Injury, Achilles Injury, Meniscus Tear",2023-10-11,906.0,0.8,0,0,0,1,1.45,130,0,0.36,9999,0.304,0.332,0.363,7.35,73536,37.4,0,6.16,5873,1624,18203,41.83,55.52,9.11,1,Rising,0.1777777777777777,0.5,122,0.6777777777777778,544.4848484848485,197.45054945054943,4.1,6.6,3.05,27.777777777777786,7.355555555555556,35.85362090476836,0,Emerging,32.727707387042805,0.1346399999999999,24.37056062424898,0.4303999999999999,0.0,37.49635555555556,69.20401871415126,87.54694269333542,18-21,42,0.1,0.5,0.3,0.2,1.525,0.4,0.39250000000000007,0,1,Medium,0.0,Low,Possible (1 year)
PL0930,Ronald Horton,Germany,LW,Liverpool,20,2006-01-13,Both,2028-04-03,2,249,17238,94,36,968.0,485.0,44.75,485.0,366.0,7.72,2,77,1,124.5,69.2,85.79,643.0,783.0,1271.0,94.0,756.0,72.12,246.0,7,823,117.6,176,41,"Ligament Damage, Ankle Injury, ACL Injury, Back Injury, Fracture",2026-02-04,59.0,0.7,0,0,1,1,2.25,148,0,0.445,75908,0.431,0.413,0.156,8.42,739830,93.2,1,2.69,4365,621,11480,74.71,99.49,145.1,4,Rising,0.3775100401606425,0.144578313253012,130,0.5220883534136547,181.45263157894735,465.8918918918919,1.3000000000000007,6.98,5.65,40.56224899598394,14.7,128.071910963196,0,Emerging,33.168250568866284,0.41474,42.10500389970555,0.4516,31.350004,41.29164979919679,92.50333074915672,54.53922837035636,18-21,38,0.1,0.3,0.9,0.2,2.825,0.7,0.6024999999999999,1,2,High,0.999,Very High,Likely (6 months)
PL0931,Charles Thornton,Switzerland,LB,Monaco,24,2002-02-05,Left,2030-04-03,4,183,27310,25,41,914.5,427.0,46.795,425.0,459.0,7.26,6,11,2,30.5,149.2,87.42,801.0,1017.0,520.0,94.0,756.0,72.12,246.0,4,395,98.8,136,8,"Groin Strain, Back Injury, Achilles Injury, Calf Injury",2023-10-21,896.0,0.4,0,0,0,0,1.08,61,0,0.468,4651,0.52,0.377,0.103,12.93,34744,22.8,0,8.25,1721,3321,9171,47.95,64.85,144.11,6,Rising,0.1366120218579235,0.2240437158469945,66,0.360655737704918,1050.3846153846157,650.2380952380952,6.9,9.66,1.88,66.66666666666667,19.76,164.3969516981729,0,Prime,35.245046923879016,0.106704,51.103039572630166,0.5503,0.0,45.40593333333334,100.0,92.759822948587,22-25,58,0.1,0.8,0.3,0.2,0.94,0.5,0.4040000000000001,0,1,Medium,0.0,Low,Possible (1 year)
PL0932,Jerry Smith,England,GK,Inter Milan,29,1997-09-14,Left,2031-04-03,5,159,34276,0,0,914.5,427.0,46.795,425.0,459.0,7.31,10,26,7,15.9,215.6,85.79,643.0,783.0,1271.0,75.0,1131.0,76.83,212.0,13,1400,107.7,177,8,"Muscle Injury, Ligament Damage, Concussion, Hip Injury, Ankle Injury, Groin Strain, Achilles Injury, Meniscus Tear, Fracture",2023-09-20,927.0,1.3,0,0,0,1,3.84,327,0,0.419,1177,0.342,0.435,0.222,3.74,22825,45.8,1,3.51,4806,1911,7667,16.19,18.07,30.06,3,Stable,0.0,0.0,0,0.0,34276.0,34276.0,0.4000000000000003,13.18,6.44,0.0,7.692857142857143,69.38442773705472,0,Experienced,0.0,0.1919019999999999,11.081579756121323,0.4183,0.511995,32.712599999999995,40.09866963418199,190.30017452006976,26-29,27,0.3,0.5,0.1,0.2,3.22,0.3,0.5920000000000001,1,2,High,1.0,Very High,Likely (6 months)
PL0933,Bobby Scott,Italy,GK,Newcastle,23,2003-07-25,Both,2028-04-03,2,277,25269,0,5,914.5,427.0,46.795,425.0,459.0,6.25,5,26,8,55.4,91.2,85.79,643.0,783.0,1271.0,53.0,649.0,71.34,199.0,12,961,80.1,156,16,"Muscle Injury, Concussion, Ankle Injury, ACL Injury, Groin Strain, Back Injury, Achilles Injury, Meniscus Tear, Fracture",2023-09-30,917.0,1.2,0,0,1,1,2.63,139,0,0.173,3151,0.183,0.515,0.302,8.83,60595,91.5,1,7.24,4726,490,9864,16.16,18.32,38.79,4,Rising,0.0,0.0180505415162454,5,0.0180505415162454,25269.0,4211.5,-0.5999999999999996,10.54,7.029999999999999,49.81949458483754,6.161538461538461,27.70234347698096,0,Emerging,13.366336633663368,0.158295,12.30594799018913,0.2935,1.622765,37.65889891696752,43.22837144376746,219.4574528960811,22-25,26,0.3,0.8,0.1,0.2,3.5149999999999997,0.3,0.6815,1,2,High,1.0,Very High,Likely (6 months)
PL0934,Ruben Dunn,Tunisia,LW,Barcelona,23,2003-03-12,Left,2031-04-03,5,217,28994,115,138,496.0,616.0,40.07,401.0,152.0,7.63,5,17,5,43.4,133.6,85.79,643.0,783.0,1271.0,94.0,756.0,72.12,246.0,6,368,61.3,94,17,"Muscle Injury, Ligament Damage, Shoulder Injury, Calf Injury, Hip Injury, Back Injury",2025-01-03,456.0,0.6,0,0,0,0,1.01,89,0,0.606,104816,0.45,0.292,0.257,11.94,1655105,91.4,0,5.33,8454,1779,9893,118.64,143.08,77.21,1,Rising,0.5299539170506913,0.6359447004608295,253,1.165898617511521,249.94827586206893,208.58992805755395,3.3,9.34,2.21,58.986175115207374,8.757142857142856,508.4477150539946,0,Emerging,20.6001348617667,0.553884,83.64379038587286,0.5723,0.0,45.32983502304147,100.0,37.88852810351176,22-25,11,1.0,0.8,0.9,0.2,1.105,0.7,0.8455,1,3,Very High,1.0,Very High,Very Likely (now)
PL0935,Nicholas Rose,Russia,CAM,Inter Milan,21,2005-10-12,Left,2030-04-03,4,298,30616,68,78,914.5,427.0,46.795,353.0,564.0,7.42,3,38,2,99.3,102.7,91.74,298.0,783.0,1271.0,94.0,756.0,72.12,246.0,7,574,82.0,173,16,"Muscle Injury, Knee Injury, Back Injury, Achilles Injury, Meniscus Tear, Fracture",2023-11-24,862.0,0.7,1,0,0,1,1.57,122,0,0.196,14311,0.227,0.537,0.236,10.57,87542,3.2,1,6.15,9259,2438,9754,45.08,53.53,41.36,2,Rising,0.2281879194630872,0.261744966442953,146,0.4899328859060403,443.71014492753625,387.54430379746833,4.2,8.96,2.97,59.06040268456376,10.25,154.55713415127494,0,Emerging,18.74445430346052,0.006272,19.82398543237564,0.3006,7.685007000000001,43.88528053691275,65.73861841701984,95.23715394295304,18-21,11,1.0,0.5,0.3,0.2,1.485,0.6,0.7235,1,3,Very High,1.0,Very High,Very Likely (now)
PL0936,Brian Roberts,Czech Republic,RW,Napoli,25,2001-12-08,Right,2030-04-03,4,206,37706,35,108,731.0,291.0,43.31,275.0,630.0,6.94,7,15,2,29.4,183.0,85.79,643.0,783.0,1271.0,94.0,756.0,72.12,246.0,14,1468,104.9,172,9,"Ligament Damage, Concussion, Calf Injury, Hip Injury, Ankle Injury, ACL Injury, Groin Strain, Fracture",2025-11-11,144.0,1.4,0,0,1,1,4.02,250,0,0.429,45568,0.416,0.323,0.261,6.93,405331,12.1,0,5.52,7041,2962,16778,60.2,66.53,136.24,6,Rising,0.1699029126213592,0.5242718446601942,143,0.6941747572815534,1047.388888888889,345.92660550458714,6.5,11.12,8.82,0.0,6.993333333333334,206.3961729349324,1,Prime,0.0,0.051909,31.89099847040513,0.487,0.0,30.95800000000001,65.6754977056077,50.58496732026144,22-25,60,0.1,0.8,0.6,0.2,4.41,0.7,0.8160000000000001,1,3,Very High,1.0,Very High,Very Likely (now)
PL0937,Eric Williams,Switzerland,RW,Real Madrid,20,2006-09-13,Right,2029-04-03,3,468,39845,165,52,644.0,229.0,40.27,754.0,432.0,6.52,2,59,6,234.0,85.1,85.79,643.0,783.0,1271.0,94.0,756.0,72.12,246.0,4,495,123.8,161,91,"Back Injury, Fracture, ACL Injury, Hip Injury",2023-10-21,896.0,0.4,0,0,1,1,1.36,71,0,0.069,98358,0.204,0.61,0.186,13.27,757259,51.6,1,1.64,5709,3029,15586,43.07,48.99,153.19,6,Rising,0.3525641025641026,0.1111111111111111,217,0.4636752136752137,240.03012048192767,751.7924528301887,-1.9000000000000004,11.36,4.16,84.82905982905983,24.76,110.74937502044276,0,Emerging,13.745066171348972,0.035604,10.526429805510377,0.1832,59.99838,45.68421196581196,50.31175069117155,103.66283631906504,18-21,53,0.1,0.3,0.3,0.2,2.08,0.7,0.43800000000000006,0,1,Medium,0.0,Low,Possible (1 year)
PL0938,Jason Bauer,Russia,GK,Wolverhampton,21,2005-07-21,Right,2027-04-04,1,191,18442,2,0,914.5,427.0,46.795,425.0,459.0,6.83,3,74,0,63.7,96.6,85.79,643.0,783.0,1271.0,142.0,607.0,80.96,314.0,0,0,0.0,0,0,,2023-06-26,614.0,0.0,0,0,0,0,0.0,0,0,0.233,5770,0.317,0.508,0.176,11.66,48634,67.9,1,4.16,6307,2919,4033,18.21,21.44,28.13,2,Rising,0.0104712041884816,0.0,2,0.0104712041884816,6147.333333333333,18442.0,2.6,6.82,0.0,100.0,0.0,15.608282014722256,0,Emerging,17.737506864360242,0.158207,23.52894664670566,0.3283,2.93116,49.3406,79.96371997005849,256.8485163977095,18-21,9,1.0,0.5,0.1,0.2,0.0,0.3,0.515,0,1,Medium,0.002,Low,Possible (1 year)
PL0939,Jim Rodriguez,Slovakia,RW,Borussia Dortmund,22,2004-07-03,Both,2027-04-04,1,357,28599,172,138,1154.0,627.0,51.83,602.0,621.0,8.12,4,15,6,89.2,80.1,85.79,643.0,783.0,1271.0,94.0,756.0,72.12,246.0,6,621,103.5,180,48,"Shoulder Injury, Achilles Injury, Concussion, Calf Injury",2025-05-13,326.0,0.6,0,0,0,0,1.7,141,0,0.59,15430,0.597,0.246,0.157,11.32,185329,2.7,0,7.95,6889,1823,2530,100.13,132.34,155.47,4,Rising,0.4817927170868347,0.3865546218487395,310,0.8683473389355743,165.3121387283237,205.74820143884887,2.5,11.14,2.9,60.50420168067227,14.785714285714286,85.824122906872,0,Emerging,32.16818136422652,0.01593,64.41124050333316,0.6454,0.0,48.09964033613445,100.0,47.562187616072826,22-25,35,0.3,0.5,0.9,0.2,1.45,0.7,0.575,1,2,High,0.999,Very High,Likely (6 months)
PL0940,Taylor Carlson,Burkina Faso,CDM,Lyon,23,2003-10-02,Right,2030-04-03,4,299,39151,60,39,914.5,427.0,46.795,442.0,286.0,7.04,5,17,4,59.8,130.9,86.66,603.0,783.0,1271.0,94.0,756.0,72.12,246.0,6,589,98.2,169,13,"Muscle Injury, Shoulder Injury, Ankle Injury, Knee Injury, Hamstring Injury, Groin Strain",2025-12-29,96.0,0.6,1,1,0,0,1.61,112,0,0.436,4822,0.427,0.326,0.247,6.19,56644,75.0,0,6.9,4515,2721,873,44.73,52.5,53.6,3,Rising,0.2006688963210702,0.1304347826086956,99,0.3311036789297659,641.8196721311475,978.775,4.3,10.98,2.81,62.54180602006689,14.028571428571428,153.35715640165324,0,Emerging,17.37089201877935,0.327,22.889270698538944,0.5063,0.0,43.87696120401338,70.65238664981511,95.9478705532766,22-25,16,0.6,0.8,0.3,0.2,1.405,0.4,0.6155,1,2,High,0.994,Very High,Likely (6 months)
PL0941,Alan Robertson,Ghana,GK,Villarreal,21,2005-05-23,Both,2031-04-03,5,298,22902,1,2,914.5,427.0,46.795,425.0,459.0,6.71,3,35,4,99.3,76.9,85.79,643.0,783.0,1271.0,123.0,437.0,72.5,320.0,3,305,101.7,154,14,"Groin Strain, Knee Injury, ACL Injury",2023-06-06,1033.0,0.3,1,0,1,1,0.84,74,0,0.274,5879,0.338,0.381,0.281,8.8,35861,10.1,0,1.64,6546,2577,5186,18.71,20.84,71.67,6,Rising,0.0033557046979865,0.0067114093959731,3,0.0100671140939597,11451.0,7634.0,2.5,8.96,3.44,75.16778523489933,25.425,80.18422748365003,0,Emerging,11.38428647781934,0.027674,20.92755719300041,0.3512,0.0,44.36795704697987,66.69531431299056,225.10379019269337,18-21,35,0.3,0.5,0.1,0.2,1.72,0.3,0.44200000000000006,0,1,Medium,0.0,Low,Possible (1 year)
PL0942,David Thomas,Ukraine,RW,Everton,19,2007-08-01,Left,2028-04-03,2,266,38803,87,97,1253.0,552.0,35.17,862.0,535.0,6.7,1,34,2,266.0,145.9,85.79,643.0,783.0,1271.0,94.0,756.0,72.12,246.0,1,103,103.0,103,103,Ankle Injury,2025-01-01,458.0,0.1,0,0,0,0,0.28,17,0,0.013,48778,0.073,0.533,0.394,8.45,648961,58.4,1,7.9,7566,474,16177,38.74,45.96,22.13,2,Rising,0.3270676691729323,0.3646616541353383,184,0.6917293233082706,440.9431818181818,395.9489795918368,4.6,6.32,0.48,93.60902255639098,51.5,66.41019717192094,0,Emerging,18.637067630356217,0.007592,1.185836810573322,0.1995,25.998674,47.1848045112782,44.41115747149909,118.73378085374485,18-21,36,0.3,0.3,0.1,0.2,0.24,0.7,0.294,0,0,Low,0.0,Low,Unlikely
PL0943,Jeffrey Mendez,Slovenia,LW,Eintracht Frankfurt,24,2002-01-26,Right,2031-04-03,5,256,27926,64,80,640.0,290.0,40.91,350.0,411.0,6.79,6,62,2,42.7,109.1,85.79,643.0,783.0,1271.0,94.0,756.0,72.12,246.0,7,710,101.4,166,20,"Muscle Injury, Concussion, Knee Injury, Hamstring Injury, Back Injury, Achilles Injury",2025-01-12,447.0,0.7,1,1,0,0,1.95,127,0,0.021,6467,0.139,0.632,0.229,11.38,94268,93.3,1,4.46,3660,1569,14741,61.84,79.78,128.8,4,Rising,0.25,0.3125,144,0.5625,429.6307692307692,344.7654320987654,1.8000000000000007,11.12,3.35,50.390625,12.675,265.0236572735926,0,Prime,29.01034928848641,0.019593,2.096959218302169,0.1683,4.087144,39.798725,36.34480132745325,63.33342616168045,22-25,29,0.3,0.8,0.6,0.2,1.675,0.7,0.6124999999999999,1,2,High,0.993,Very High,Likely (6 months)
PL0944,David Butler,Nigeria,LW,AS Roma,21,2005-03-22,Both,2027-04-04,1,345,36748,172,114,1056.0,472.0,48.47,303.0,677.0,7.93,3,15,8,115.0,106.5,85.79,643.0,783.0,1271.0,94.0,756.0,72.12,246.0,7,511,73.0,124,12,"Concussion, Ankle Injury, Back Injury, Meniscus Tear, Fracture",2023-09-04,943.0,0.7,0,0,0,1,1.4,77,0,0.444,26381,0.486,0.409,0.105,4.63,301038,45.3,1,1.03,8226,4353,1922,69.56,86.05,173.97,6,Rising,0.4985507246376812,0.3304347826086956,286,0.8289855072463768,212.41618497109823,319.54782608695655,0.5,9.9,2.8,77.68115942028986,9.125,59.621751616918175,0,Emerging,23.706152961472103,0.2011319999999999,20.928128439741872,0.4518999999999999,10.789829,50.14003188405797,70.8622086016418,71.06013589010483,18-21,60,0.1,0.5,0.6,0.2,1.4,0.7,0.455,0,1,Medium,0.001,Low,Possible (1 year)
PL0945,Matthew Miller,Italy,CDM,Villarreal,23,2003-03-03,Right,2029-04-03,3,432,35668,97,99,914.5,427.0,46.795,528.0,300.0,6.72,5,40,4,86.4,82.6,88.1,617.0,783.0,1271.0,94.0,756.0,72.12,246.0,7,924,132.0,175,100,"Shoulder Injury, Concussion, Hip Injury, Calf Injury, ACL Injury, Fracture",2024-04-11,723.0,0.7,0,0,1,1,2.53,195,0,0.082,4615,0.16,0.609,0.231,11.65,67433,44.1,1,9.32,8271,4102,10974,38.06,43.33,87.07,6,Rising,0.224537037037037,0.2291666666666666,196,0.4537037037037037,363.9591836734694,356.68,2.0,13.64,5.93,54.86111111111111,16.5,97.86675675128978,0,Emerging,13.846558066211234,0.036162,8.060137221961934,0.2522,2.810535,41.08462222222222,40.77251694405401,105.18336462422484,22-25,14,0.6,0.8,0.1,0.2,2.965,0.4,0.7415,1,3,Very High,1.0,Very High,Very Likely (now)
PL0946,William Jones,Ghana,LB,Napoli,20,2006-07-19,Left,2028-04-03,2,193,35061,26,21,914.5,427.0,46.795,425.0,459.0,6.61,2,27,4,96.5,181.7,82.74,851.0,505.0,1646.0,94.0,756.0,72.12,246.0,5,662,132.4,163,94,"Muscle Injury, Hip Injury, Hamstring Injury",2024-11-29,491.0,0.5,0,1,0,0,1.81,143,0,0.018,7721,0.13,0.556,0.313,12.85,83634,80.6,1,8.3,5024,3015,9280,20.4,24.75,65.83,6,Rising,0.1347150259067357,0.1088082901554404,47,0.2435233160621761,1298.5555555555557,1593.6818181818182,3.3,5.859999999999999,2.81,25.906735751295344,22.066666666666663,34.97078013183239,0,Emerging,21.323529411764717,0.0145079999999999,2.070557972949433,0.218,4.292876000000001,33.22934715025907,34.10051053455369,155.27732313205175,18-21,60,0.1,0.3,0.1,0.2,1.405,0.5,0.3205,0,0,Low,0.0,Low,Unlikely
PL0947,Joseph Romero,Uruguay,ST,Marseille,23,2003-09-10,Right,2031-04-03,5,405,21416,123,110,517.0,573.0,45.63,430.0,401.0,6.87,5,35,0,81.0,52.9,85.79,643.0,783.0,1271.0,94.0,756.0,72.12,246.0,4,467,116.8,168,28,"Back Injury, Knee Injury, Muscle Injury, Calf Injury",2024-08-26,586.0,0.4,1,0,0,0,1.28,70,0,0.125,64657,0.196,0.471,0.332,8.59,674684,97.3,1,9.01,2616,4369,5625,79.59,100.12,219.23,5,Rising,0.3037037037037037,0.2716049382716049,233,0.5753086419753086,172.70967741935485,192.93693693693692,6.5,13.1,2.08,82.71604938271605,23.36,341.0936753299682,0,Emerging,25.794697826360096,0.121625,11.893786069860804,0.3047,30.453447,47.25260987654322,57.30698404306281,58.63334145246708,22-25,8,1.0,0.8,0.9,0.2,1.04,0.7,0.839,1,3,Very High,1.0,Very High,Very Likely (now)
PL0948,William Spencer,Morocco,LB,Galatasaray,23,2003-04-20,Left,2028-04-03,2,273,16041,7,50,914.5,427.0,46.795,425.0,459.0,6.83,5,57,4,54.6,58.8,85.41,1149.0,1168.0,1869.0,94.0,756.0,72.12,246.0,10,841,84.1,176,22,"Concussion, Hip Injury, Ankle Injury, Back Injury, Meniscus Tear, Fracture",2025-11-03,152.0,1.0,0,0,0,1,2.3,170,0,0.167,3609,0.121,0.479,0.4,13.93,23710,60.3,1,6.2,2818,3995,9508,28.75,37.97,54.87,4,Rising,0.0256410256410256,0.1831501831501831,57,0.2087912087912088,2005.125,314.52941176470586,0.3000000000000007,10.46,4.3,37.72893772893773,7.645454545454545,49.284800430891245,0,Emerging,32.0695652173913,0.100701,19.055882410932345,0.2693,1.728711,37.49638754578755,58.73201738929229,126.03827746483208,22-25,56,0.1,0.8,0.1,0.2,2.15,0.5,0.49500000000000005,0,1,Medium,0.003,Low,Possible (1 year)
PL0949,James Harrison,Turkey,CB,Athletic Bilbao,19,2007-05-06,Right,2030-04-03,4,339,28799,26,49,914.5,427.0,46.795,425.0,459.0,6.82,1,44,5,339.0,85.0,89.14,950.0,811.0,1177.0,94.0,756.0,72.12,246.0,5,440,88.0,168,24,"Muscle Injury, Calf Injury, Hip Injury, Knee Injury, Achilles Injury",2023-07-03,1006.0,0.5,1,0,0,0,1.21,80,0,0.184,14213,0.277,0.482,0.241,3.29,208102,73.5,1,2.74,3455,628,14813,24.21,28.73,32.52,3,Rising,0.0766961651917404,0.1445427728613569,75,0.2212389380530973,1066.6296296296296,575.98,0.5999999999999996,7.78,2.21,76.40117994100295,14.666666666666666,83.00417519526101,0,Emerging,18.66997108632796,0.13524,5.788441831161458,0.2877,6.850666,44.6916359882006,46.60848074084248,177.27741367790796,18-21,36,0.3,0.3,0.1,0.2,1.105,0.4,0.35050000000000003,0,1,Medium,0.0,Low,Unlikely
PL0950,Mark Zavala,Nigeria,CM,Barcelona,21,2005-09-10,Right,2029-04-03,3,282,28012,40,75,914.5,427.0,46.795,438.0,579.0,7.09,3,74,6,94.0,99.3,86.14,477.0,783.0,1271.0,94.0,756.0,72.12,246.0,4,214,53.5,88,22,"Concussion, Meniscus Tear, Hamstring Injury",2025-07-01,277.0,0.4,0,1,0,1,0.59,45,0,0.302,50393,0.37,0.381,0.249,5.88,626211,89.7,0,8.92,7030,826,15430,54.9,74.17,49.3,4,Rising,0.1418439716312056,0.2659574468085106,115,0.4078014184397163,683.219512195122,368.578947368421,-3.4000000000000004,8.64,1.39,84.04255319148936,10.7,141.16881097335283,0,Emerging,35.10018214936249,0.270894,19.22726763067629,0.4448,0.0,47.78611063829788,69.95395676516338,85.48499219731283,18-21,45,0.1,0.5,0.3,0.2,0.695,0.5,0.3195,0,0,Low,0.0,Low,Possible (1 year)
PL0951,David Smith,Colombia,LW,Inter Milan,20,2006-10-09,Both,2030-04-03,4,202,29419,83,140,974.0,329.0,36.58,551.0,442.0,7.07,2,78,0,101.0,145.6,85.79,643.0,783.0,1271.0,94.0,756.0,72.12,246.0,6,574,95.7,166,13,"Calf Injury, Ankle Injury, ACL Injury, Hamstring Injury, Back Injury, Meniscus Tear",2025-03-14,386.0,0.6,0,1,1,1,1.57,134,0,0.219,25501,0.176,0.393,0.431,2.27,144081,49.9,0,4.82,9325,2972,17298,46.32,52.36,56.68,3,Rising,0.4108910891089108,0.693069306930693,223,1.103960396039604,350.2261904761905,208.645390070922,2.2,6.04,4.77,33.66336633663366,13.671428571428573,158.80848389279183,0,Emerging,13.039723661485317,0.1092809999999999,5.044135589824141,0.31,0.0,36.84067326732673,36.44654001839957,77.85433911100324,18-21,42,0.1,0.3,0.3,0.2,2.385,0.7,0.4685,0,1,Medium,0.0,Low,Possible (1 year)
PL0952,Richard Cooper,Mexico,GK,Borussia Dortmund,19,2007-06-25,Right,2030-04-03,4,296,24380,2,2,914.5,427.0,46.795,425.0,459.0,7.19,1,28,5,296.0,82.4,85.79,643.0,783.0,1271.0,105.0,489.0,78.85,194.0,5,278,55.6,79,30,"Calf Injury, ACL Injury, Hip Injury, Hamstring Injury",2025-04-15,354.0,0.5,0,1,1,1,0.76,57,0,0.366,17617,0.349,0.432,0.219,6.56,256283,94.2,1,3.05,975,3505,6533,16.28,19.42,11.4,1,Rising,0.0067567567567567,0.0067567567567567,4,0.0135135135135135,8126.666666666667,8126.666666666667,2.2,6.92,3.76,80.74324324324324,9.266666666666667,55.81610789668936,0,Emerging,19.28746928746929,0.344772,23.473408934937623,0.3952,7.610544,47.08304864864865,71.23163772673077,272.4713463463463,18-21,41,0.1,0.3,0.1,0.2,1.88,0.3,0.348,0,0,Low,0.0,Low,Unlikely
PL0953,Nicholas Fuller,Netherlands,CAM,Bayer Leverkusen,33,1993-08-04,Right,2029-04-03,3,370,35065,58,70,914.5,427.0,46.795,582.0,509.0,7.78,10,40,0,37.0,94.8,85.81,315.0,783.0,1271.0,94.0,756.0,72.12,246.0,11,932,84.7,171,12,"Muscle Injury, Shoulder Injury, Concussion, Hip Injury, Ankle Injury, ACL Injury, Hamstring Injury, Achilles Injury, Fracture",2025-11-30,125.0,1.1,0,1,1,1,2.55,223,0,0.283,12541,0.378,0.491,0.13,12.85,134767,59.8,1,2.54,9214,3881,19059,28.22,32.39,31.35,2,Declining,0.1567567567567567,0.1891891891891892,128,0.3459459459459459,594.3220338983051,493.8732394366197,6.0,17.4,6.75,39.72972972972973,7.058333333333334,72.56436877355222,0,Veteran,0.0,0.1692339999999999,34.31753428751048,0.3538,6.157631,43.253545945945945,79.6030744042387,148.0271935179533,30-33,29,0.3,0.7,0.1,0.2,3.375,0.6,0.6775,1,2,High,1.0,Very High,Likely (6 months)
PL0954,Raymond Moss,Denmark,CB,Everton,21,2005-11-23,Right,2028-04-03,2,382,22549,10,20,914.5,427.0,46.795,425.0,459.0,6.45,3,33,6,127.3,59.0,86.24,1153.0,1095.0,1969.0,94.0,756.0,72.12,246.0,0,0,0.0,0,0,,2023-06-26,614.0,0.0,0,0,0,0,0.0,0,0,0.275,7813,0.367,0.506,0.127,5.73,137806,38.5,1,2.69,6575,4273,15788,28.65,37.24,41.39,4,Rising,0.0261780104712041,0.0523560209424083,30,0.0785340314136125,2049.909090909091,1073.7619047619048,0.6999999999999993,10.64,0.0,100.0,0.0,49.113375038088144,0,Emerging,29.98254799301921,0.105875,14.124506588300363,0.3458,3.953378,48.6196,65.49655988245054,163.97841483979764,18-21,36,0.3,0.5,0.1,0.2,0.0,0.4,0.28,0,0,Low,0.0,Low,Unlikely
PL0955,Gary Williams,Mali,CB,Galatasaray,26,2000-09-01,Both,2029-04-03,3,212,40161,20,8,914.5,427.0,46.795,425.0,459.0,6.62,8,30,6,26.5,189.4,86.17,942.0,966.0,1615.0,94.0,756.0,72.12,246.0,6,606,101.0,174,29,"Muscle Injury, Ligament Damage, Calf Injury, Hip Injury, Ankle Injury, Groin Strain",2026-03-19,16.0,0.6,0,0,0,0,1.66,97,1,0.082,1127,0.234,0.484,0.283,5.38,19044,53.9,1,2.21,530,3691,10855,32.92,36.46,41.09,2,Stable,0.0943396226415094,0.0377358490566037,28,0.1320754716981132,1912.4285714285716,4462.333333333333,1.0,12.24,5.859999999999999,54.24528301886792,14.428571428571429,84.64985896617078,1,Prime,0.0,0.044198,3.1005613437667097,0.2283,0.545468,40.23365660377359,33.047670317536856,118.61337442150231,26-29,11,1.0,0.8,0.1,0.2,2.9299999999999997,0.4,0.8780000000000001,1,3,Very High,1.0,Very High,Very Likely (now)
PL0956,Joshua Li,Guinea,RB,Inter Miami,21,2005-11-24,Left,2029-04-03,3,209,23363,22,24,914.5,427.0,46.795,425.0,459.0,6.84,3,68,3,69.7,111.8,84.34,837.0,1035.0,614.0,94.0,756.0,72.12,246.0,8,642,80.2,159,29,"Muscle Injury, Shoulder Injury, Knee Injury, ACL Injury, Groin Strain, Meniscus Tear, Fracture",2023-11-01,885.0,0.8,1,0,1,1,1.76,113,0,0.188,4511,0.194,0.503,0.303,5.26,63743,80.9,1,8.19,9827,4674,12507,23.74,27.22,24.51,2,Rising,0.1052631578947368,0.1148325358851674,46,0.2200956937799043,1015.782608695652,934.52,0.1999999999999993,7.18,5.36,45.93301435406698,8.911111111111111,61.0445823771839,0,Emerging,14.658803706823928,0.152092,8.320926599957756,0.3147,2.269033,38.6120028708134,41.06739133534334,156.07115145842118,18-21,7,1.0,0.5,0.1,0.2,2.68,0.5,0.803,1,3,Very High,1.0,Very High,Very Likely (now)
PL0957,Christopher Maxwell,Denmark,LW,LA Galaxy,24,2002-06-12,Left,2028-04-03,2,223,37604,34,28,1493.0,324.0,44.91,743.0,514.0,8.06,6,28,1,37.2,168.6,85.79,643.0,783.0,1271.0,94.0,756.0,72.12,246.0,9,779,86.6,146,29,"Shoulder Injury, Ankle Injury, Knee Injury, Hamstring Injury, Meniscus Tear",2025-02-11,417.0,0.9,1,1,0,1,2.13,175,0,0.579,37727,0.52,0.356,0.123,11.92,406148,63.3,0,7.02,9158,2326,407,115.58,151.51,280.26,5,Rising,0.1524663677130044,0.1255605381165919,62,0.2780269058295964,1074.4,1296.6896551724135,6.2,10.46,3.93,21.52466367713004,8.66,198.13346900182296,0,Prime,31.08669319951548,0.3665069999999999,72.73099294813558,0.5866,0.0,39.81013273542601,100.0,34.14833825306743,22-25,25,0.3,0.8,0.9,0.2,1.965,0.7,0.6865,1,2,High,1.0,Very High,Likely (6 months)
PL0958,John Dominguez,Germany,RB,LA Galaxy,25,2001-11-07,Both,2030-04-03,4,190,25570,30,10,914.5,427.0,46.795,425.0,459.0,7.36,7,45,2,27.1,134.6,80.93,975.0,625.0,820.0,94.0,756.0,72.12,246.0,3,111,37.0,64,17,"Shoulder Injury, Achilles Injury, Calf Injury",2024-07-18,625.0,0.3,0,0,0,0,0.3,23,0,0.526,16263,0.522,0.304,0.174,10.64,287154,45.0,0,9.31,6883,4374,11059,53.93,75.49,133.05,6,Rising,0.1578947368421052,0.0526315789473684,40,0.2105263157894736,824.8387096774194,2324.5454545454545,3.5,10.8,0.8999999999999999,87.89473684210526,9.25,184.89942867742369,1,Prime,0.0,0.2367,54.26899144629199,0.5992999999999999,0.0,50.377547368421055,100.0,91.71226537123805,22-25,33,0.3,0.8,0.3,0.2,0.44999999999999996,0.5,0.425,0,1,Medium,0.0,Low,Possible (1 year)
PL0959,Mark Cain,Czech Republic,CDM,Manchester City,23,2003-04-28,Both,2029-04-03,3,401,32763,68,53,914.5,427.0,46.795,582.0,473.0,6.57,5,73,3,80.2,81.7,88.84,710.0,783.0,1271.0,94.0,756.0,72.12,246.0,2,213,106.5,165,48,"Back Injury, Shoulder Injury",2025-12-22,103.0,0.2,0,0,0,0,0.58,47,0,0.0,12364,0.135,0.634,0.231,4.03,78265,90.8,1,8.11,3237,784,17608,46.15,64.55,27.87,1,Rising,0.169576059850374,0.1321695760598503,121,0.3017456359102244,474.82608695652175,606.7222222222222,-0.3000000000000007,13.02,0.98,88.2793017456359,35.5,118.66922816794596,0,Emerging,39.86998916576381,0.0,0.0,0.1948,7.838776,46.92946034912718,41.50473017456359,99.53225948913509,22-25,16,0.6,0.8,0.3,0.2,0.49,0.4,0.524,0,1,Medium,0.012,Low,Possible (1 year)
PL0960,Arthur Parsons,Ivory Coast,CDM,Atletico Madrid,22,2004-10-12,Right,2028-04-03,2,263,37437,96,23,914.5,427.0,46.795,360.0,741.0,6.83,4,66,7,65.8,142.3,90.36,351.0,783.0,1271.0,94.0,756.0,72.12,246.0,8,973,121.6,180,24,"Muscle Injury, Shoulder Injury, Ankle Injury, Knee Injury, Groin Strain, Achilles Injury, Meniscus Tear",2026-01-21,73.0,0.8,1,0,0,1,2.67,204,0,0.181,3951,0.222,0.496,0.282,5.56,68866,37.3,1,4.87,1364,3393,13386,35.77,46.62,48.49,3,Rising,0.3650190114068441,0.0874524714828897,119,0.4524714828897338,385.9484536082474,1559.875,-3.6,9.26,4.27,22.433460076045638,13.511111111111113,61.31886300566887,0,Emerging,30.332681017612508,0.0675129999999999,8.334650432962155,0.2885,1.959696,34.235692015209125,41.0798216570478,93.10767477620104,22-25,9,1.0,0.5,0.1,0.2,2.135,0.4,0.7385,1,3,Very High,1.0,Very High,Very Likely (now)
PL0961,Jimmy Carter,Central African Republic,CM,Inter Miami,22,2004-11-16,Both,2031-04-03,5,411,20527,83,75,914.5,427.0,46.795,499.0,609.0,6.79,4,10,1,102.8,49.9,84.21,392.0,783.0,1271.0,94.0,756.0,72.12,246.0,2,202,101.0,178,24,Groin Strain,2024-06-16,657.0,0.2,0,0,0,0,0.55,40,0,0.289,21462,0.204,0.369,0.426,6.33,337934,23.5,0,9.95,1429,58,6274,44.94,62.57,60.97,4,Rising,0.2019464720194647,0.1824817518248175,158,0.3844282238442822,244.3690476190476,270.0921052631579,8.0,12.22,0.95,90.2676399026764,33.666666666666664,192.59642881428283,0,Emerging,39.23008455718737,0.0679149999999999,18.24629334247357,0.4024999999999999,0.0,48.46252798053528,69.700704003978,105.49091854709464,22-25,20,0.6,0.5,0.3,0.2,0.475,0.5,0.4725,0,1,Medium,0.0,Low,Possible (1 year)
PL0962,Andrew Gonzalez,Croatia,LW,Celta Vigo,22,2004-06-20,Left,2029-04-03,3,312,17329,195,130,495.0,565.0,51.31,649.0,699.0,6.51,4,57,5,78.0,55.5,85.79,643.0,783.0,1271.0,94.0,756.0,72.12,246.0,8,714,89.2,167,31,"Hip Injury, Calf Injury, Knee Injury, ACL Injury, Hamstring Injury, Fracture",2023-07-18,991.0,0.8,1,1,1,1,1.96,112,0,0.084,24743,0.135,0.503,0.362,6.81,437019,84.6,1,8.54,6568,3021,15207,45.47,52.97,76.98,4,Rising,0.625,0.4166666666666667,325,1.0416666666666667,88.41326530612245,132.2824427480916,-0.6999999999999993,10.24,5.5600000000000005,64.1025641025641,9.911111111111111,116.92068916135436,0,Emerging,16.494391906751705,0.071064,5.786950169349301,0.2588999999999999,12.445729,41.42631282051283,38.27358166428036,89.14635855500931,22-25,11,1.0,0.5,0.3,0.2,2.7800000000000002,0.7,0.8629999999999999,1,3,Very High,1.0,Very High,Very Likely (now)
PL0963,Andrew Mahoney,Portugal,GK,Newcastle,29,1997-03-25,Left,2031-04-03,5,316,30511,2,0,914.5,427.0,46.795,425.0,459.0,7.31,10,32,2,31.6,96.6,85.79,643.0,783.0,1271.0,44.0,425.0,80.65,347.0,2,236,118.0,174,62,"Back Injury, ACL Injury",2025-09-28,188.0,0.2,0,0,1,1,0.65,52,0,0.48,7914,0.465,0.332,0.203,5.91,130325,33.8,0,4.9,5415,222,5177,25.48,35.04,74.77,5,Stable,0.0063291139240506,0.0,2,0.0063291139240506,10170.333333333334,30511.0,4.8,16.32,3.05,83.54430379746836,39.333333333333336,109.1979752155747,0,Experienced,0.0,0.1622399999999999,25.46457767346351,0.5141,0.0,50.241060759493664,77.2173968899421,189.73210256606367,26-29,59,0.1,0.5,0.1,0.2,1.525,0.3,0.35250000000000004,0,1,Medium,0.0,Low,Possible (1 year)
PL0964,Jose Hays,Belgium,CB,AS Roma,26,2000-03-02,Both,2031-04-03,5,183,23631,13,25,914.5,427.0,46.795,425.0,459.0,6.33,8,48,3,22.9,129.1,79.68,1348.0,978.0,899.0,94.0,756.0,72.12,246.0,3,346,115.3,136,81,"Muscle Injury, Achilles Injury, Hamstring Injury",2026-02-02,61.0,0.3,0,1,0,0,0.95,56,0,0.0,1548,0.059,0.631,0.31,11.89,12054,31.1,1,5.37,483,3475,3400,38.2,43.85,18.57,1,Stable,0.0710382513661202,0.1366120218579235,38,0.2076502732240437,1687.928571428571,908.8846153846154,2.2,11.66,1.5499999999999998,69.39890710382514,28.825,163.7112501269605,1,Prime,0.0,0.0,0.0,0.1452,0.976788,41.82218142076503,37.81109071038252,106.68923831827811,26-29,54,0.1,0.8,0.1,0.2,0.7749999999999999,0.4,0.34750000000000003,0,0,Low,0.0,Low,Possible (1 year)
PL0965,Joshua King,South Korea,CAM,PSG,30,1996-09-12,Right,2030-04-03,4,473,38885,25,118,914.5,427.0,46.795,540.0,422.0,7.24,10,31,0,47.3,82.2,85.17,288.0,783.0,1271.0,94.0,756.0,72.12,246.0,12,887,73.9,158,12,"Ligament Damage, Muscle Injury, Calf Injury, Hip Injury, ACL Injury, Hamstring Injury, Back Injury, Achilles Injury, Meniscus Tear, Fracture",2024-04-24,710.0,1.2,0,1,1,1,2.43,216,0,0.445,24446,0.482,0.412,0.106,4.86,428541,1.3,1,2.83,4955,1400,17998,70.55,81.6,255.95,6,Stable,0.0528541226215644,0.2494714587737843,143,0.3023255813953488,1495.576923076923,326.7647058823529,6.9,19.46,6.83,54.33403805496829,5.684615384615385,241.88122924517407,0,Experienced,0.0,0.005785,21.852489131582363,0.4685,10.071751999999998,44.65580761099366,61.44663750287037,62.41203020404426,30-33,35,0.3,0.5,0.6,0.2,3.415,0.6,0.7165000000000001,1,3,Very High,1.0,Very High,Very Likely (now)
PL0966,Paul Lee,Netherlands,RW,Juventus,19,2007-12-17,Right,2030-04-03,4,271,19285,80,73,1108.0,559.0,49.18,730.0,550.0,6.72,1,13,2,271.0,71.2,85.79,643.0,783.0,1271.0,94.0,756.0,72.12,246.0,2,272,136.0,174,98,"Ankle Injury, Fracture",2024-12-27,463.0,0.2,0,0,0,1,0.75,40,0,0.219,44940,0.167,0.524,0.309,7.43,614856,6.2,1,6.18,6290,962,11721,47.0,53.94,22.19,1,Rising,0.2952029520295203,0.2693726937269373,153,0.5645756457564576,238.08641975308643,260.6081081081081,6.7,6.42,1.15,85.239852398524,45.333333333333336,161.139869234914,0,Emerging,14.765957446808503,0.013578,17.432044360327957,0.2947,23.54856,45.8013704797048,66.74875178034434,95.41952183271832,18-21,43,0.1,0.3,0.3,0.2,0.575,0.7,0.28750000000000003,0,0,Low,0.0,Low,Unlikely
PL0967,Howard Norman,Mali,ST,Al Nassr,25,2001-04-13,Both,2031-04-03,5,464,39097,191,134,1392.0,452.0,41.88,582.0,510.0,7.89,7,37,3,66.3,84.3,85.79,643.0,783.0,1271.0,94.0,756.0,72.12,246.0,15,1421,94.7,178,13,"Muscle Injury, Shoulder Injury, Ligament Damage, Hip Injury, ACL Injury, Hamstring Injury, Groin Strain, Achilles Injury, Meniscus Tear, Fracture",2025-02-07,421.0,1.5,0,1,1,1,3.89,218,0,0.62,22255,0.602,0.255,0.143,3.58,312872,22.0,0,8.63,7630,522,11067,86.28,120.47,153.48,3,Rising,0.4116379310344827,0.2887931034482758,325,0.7004310344827587,203.63020833333331,289.6074074074074,3.3,16.28,8.89,53.01724137931034,5.91875,369.7645722762866,1,Prime,0.0,0.1364,22.21901040267669,0.6639,0.0,46.74724827586208,58.92213974194608,53.56009197509404,22-25,56,0.1,0.8,0.9,0.2,4.445,0.7,0.8645000000000002,1,3,Very High,1.0,Very High,Very Likely (now)
PL0968,Sean Rivera,Central African Republic,LB,Lyon,29,1997-05-06,Both,2031-04-03,5,225,19037,11,45,914.5,427.0,46.795,425.0,459.0,7.46,10,32,0,22.5,84.6,86.62,1306.0,532.0,1932.0,94.0,756.0,72.12,246.0,8,750,93.8,162,10,"Ligament Damage, Shoulder Injury, Concussion, Hip Injury, Achilles Injury",2024-11-18,502.0,0.8,0,0,0,0,2.05,124,0,0.395,3036,0.369,0.428,0.203,10.32,46195,44.3,1,4.88,3421,901,19678,33.55,42.01,78.71,6,Stable,0.0488888888888888,0.2,56,0.2488888888888888,1586.4166666666667,413.8478260869565,6.8,14.5,3.65,44.888888888888886,10.422222222222222,143.78304821360013,0,Experienced,0.0,0.174985,32.687124845712496,0.4319,1.299408,42.58157777777778,83.02147615745764,123.2462453770703,26-29,7,1.0,0.5,0.1,0.2,1.825,0.5,0.7175,1,3,Very High,1.0,Very High,Very Likely (now)
PL0969,Caleb Richardson,Burkina Faso,CDM,Newcastle,20,2006-10-11,Left,2029-04-03,3,327,28114,70,108,914.5,427.0,46.795,550.0,427.0,6.84,2,64,1,163.5,86.0,84.6,332.0,783.0,1271.0,94.0,756.0,72.12,246.0,3,209,69.7,125,22,"Fracture, Knee Injury, Hamstring Injury",2024-06-22,651.0,0.3,1,1,0,1,0.57,45,0,0.24,4717,0.175,0.519,0.306,7.03,27030,46.1,1,6.54,1234,1268,5101,37.88,48.71,36.78,2,Rising,0.2140672782874617,0.3302752293577982,178,0.5443425076452599,395.9718309859155,257.92660550458714,2.6,8.54,1.17,86.23853211009174,17.425,97.40390819072142,0,Emerging,28.590285110876444,0.11064,14.27226144661737,0.3101,2.448123,46.93590642201835,62.53634538093523,120.71992392494433,18-21,20,0.6,0.3,0.1,0.2,0.585,0.4,0.4035000000000001,0,1,Medium,0.0,Low,Possible (1 year)
PL0970,Steve Paul,Iran,CAM,Chelsea,19,2007-07-23,Right,2029-04-03,3,439,27669,14,80,914.5,427.0,46.795,196.0,606.0,7.96,1,15,8,439.0,63.0,91.8,764.0,783.0,1271.0,94.0,756.0,72.12,246.0,0,0,0.0,0,0,,2023-06-26,614.0,0.0,0,0,0,0,0.0,0,0,0.532,13483,0.475,0.347,0.178,9.03,130307,46.9,0,8.65,8933,4215,16739,92.86,117.75,97.39,3,Rising,0.0318906605922551,0.1822323462414578,94,0.214123006833713,1844.6,341.5925925925926,0.5,9.78,0.0,100.0,0.0,238.778429635438,0,Emerging,26.803790652595303,0.249508,45.68210023244133,0.5724,0.0,54.9408,100.0,58.53483912209674,18-21,16,0.6,0.3,0.9,0.2,0.0,0.6,0.48500000000000004,0,1,Medium,0.002,Low,Possible (1 year)
PL0971,Steven Hughes,Italy,CB,Newcastle,25,2001-03-19,Left,2028-04-03,2,245,26249,33,55,914.5,427.0,46.795,425.0,459.0,7.38,7,35,6,35.0,107.1,89.3,647.0,1082.0,1535.0,94.0,756.0,72.12,246.0,14,1183,84.5,174,13,"Ligament Damage, Muscle Injury, Hip Injury, Calf Injury, Hamstring Injury, Groin Strain, Back Injury, Achilles Injury, Meniscus Tear, Fracture",2023-04-23,1077.0,1.4,0,1,0,1,3.24,239,0,0.206,9491,0.214,0.457,0.329,8.9,103220,68.7,1,9.97,7423,2127,16656,35.43,45.96,82.29,5,Rising,0.1346938775510204,0.2244897959183673,88,0.3591836734693877,772.0294117647059,468.7321428571428,0.5,11.9,6.04,2.448979591836732,5.633333333333334,60.736016670138326,1,Prime,0.0,0.141522,16.790652345826537,0.3549,4.337387,33.09959591836735,49.65577647792348,90.8580727926636,22-25,13,0.6,0.8,0.1,0.2,3.02,0.4,0.7470000000000001,1,3,Very High,1.0,Very High,Very Likely (now)
PL0972,William Crawford,Germany,CDM,Real Madrid,23,2003-05-26,Both,2028-04-03,2,199,19433,11,82,914.5,427.0,46.795,229.0,327.0,7.47,5,80,3,39.8,97.7,85.15,562.0,783.0,1271.0,94.0,756.0,72.12,246.0,5,584,116.8,173,50,"Muscle Injury, Shoulder Injury, ACL Injury, Hamstring Injury, Achilles Injury",2023-06-30,1009.0,0.5,0,1,1,1,1.6,106,0,0.242,22038,0.344,0.521,0.135,9.41,255731,89.9,1,3.32,5555,4886,11830,61.78,78.41,133.34,4,Rising,0.0552763819095477,0.4120603015075377,93,0.4673366834170854,1619.4166666666667,234.13253012048196,-1.0,8.98,4.6,46.733668341708544,19.466666666666665,105.90660767375518,0,Emerging,26.918096471349944,0.217558,22.77349548811094,0.3289999999999999,11.481798,41.68073366834172,65.80061006633727,66.39173887916807,22-25,31,0.3,0.8,0.6,0.2,2.3,0.4,0.645,1,2,High,1.0,Very High,Likely (6 months)
PL0973,Jonathan Glass,Russia,CB,Aston Villa,27,1999-03-26,Right,2028-04-03,2,435,35709,13,50,914.5,427.0,46.795,425.0,459.0,7.39,9,65,4,48.3,82.1,87.33,583.0,1179.0,1509.0,94.0,756.0,72.12,246.0,4,419,104.8,145,43,"Muscle Injury, Concussion, Back Injury",2024-09-20,561.0,0.4,0,0,0,0,1.15,81,0,0.154,20635,0.278,0.543,0.179,4.81,243181,15.1,1,6.92,1175,2733,12712,46.94,63.3,78.87,5,Stable,0.0298850574712643,0.1149425287356321,63,0.1448275862068965,2550.6428571428573,700.1764705882352,-0.5,17.7,1.95,81.37931034482759,20.96,80.46707938177514,1,Prime,0.0,0.023254,7.359098124127509,0.3056,11.204805,49.98706206896552,52.13217822067402,104.2700502064362,26-29,56,0.1,0.8,0.3,0.2,0.975,0.4,0.3975000000000001,0,1,Medium,0.0,Low,Possible (1 year)
PL0974,Joseph Owen,Brazil,ST,LA Galaxy,20,2006-08-05,Left,2031-04-03,5,443,23763,229,76,1379.0,405.0,41.49,468.0,284.0,6.66,2,37,2,221.5,53.6,85.79,643.0,783.0,1271.0,94.0,756.0,72.12,246.0,5,451,90.2,165,35,"Ligament Damage, Hip Injury, Hamstring Injury, Groin Strain, Meniscus Tear",2024-07-07,636.0,0.5,0,1,0,1,1.24,97,0,0.143,57511,0.156,0.509,0.336,13.78,445000,29.4,1,8.49,5155,1025,8063,48.59,64.71,34.33,1,Rising,0.5169300225733634,0.1715575620767494,305,0.6884875846501128,103.31739130434782,308.61038961038963,4.3,10.86,2.24,78.1038374717833,15.033333333333331,208.2389959075657,0,Emerging,33.17555052479932,0.0420419999999999,21.59662359871386,0.2871,29.273099,45.00696749435666,70.41841914524912,90.75815183375006,18-21,50,0.1,0.3,0.3,0.2,1.12,0.7,0.342,0,0,Low,0.0,Low,Unlikely
PL0975,Nicholas Miller,Austria,LB,Real Sociedad,26,2000-05-18,Left,2031-04-03,5,222,18788,34,6,914.5,427.0,46.795,425.0,459.0,7.6,8,54,8,27.8,84.6,82.09,617.0,1072.0,1744.0,94.0,756.0,72.12,246.0,15,1583,105.5,169,44,"Ligament Damage, Muscle Injury, Calf Injury, ACL Injury, Hamstring Injury, Groin Strain, Back Injury, Fracture",2024-09-21,560.0,1.5,0,1,1,1,4.34,358,0,0.38,9539,0.277,0.352,0.371,10.32,142690,78.3,0,6.95,6222,4719,13579,33.51,37.67,84.76,6,Stable,0.1531531531531531,0.027027027027027,40,0.1801801801801801,536.8,2684.0,-3.4000000000000004,12.44,9.34,0.0,6.59375,143.611622820797,1,Prime,0.0,0.2975399999999999,35.93459635463705,0.4342,0.0,33.756400000000006,72.10009453195558,97.81628513474358,26-29,49,0.1,0.8,0.1,0.2,4.67,0.5,0.7470000000000001,1,3,Very High,1.0,Very High,Very Likely (now)
PL0976,Lance Short,Ukraine,CB,Real Madrid,20,2006-03-02,Both,2028-04-03,2,439,18555,13,16,914.5,427.0,46.795,425.0,459.0,7.37,2,53,3,219.5,42.3,83.28,1124.0,714.0,617.0,94.0,756.0,72.12,246.0,6,541,90.2,132,32,"Ligament Damage, Ankle Injury, Knee Injury, Hamstring Injury, Groin Strain, Meniscus Tear",2025-08-31,216.0,0.6,1,1,0,1,1.48,106,0,0.398,24357,0.296,0.334,0.37,13.47,424912,6.3,0,1.96,1321,2026,12691,34.65,43.47,99.44,6,Rising,0.0296127562642369,0.0364464692482915,29,0.0660592255125284,1325.357142857143,1091.470588235294,1.6999999999999993,10.78,2.68,75.85421412300684,12.885714285714286,59.39889860627415,0,Emerging,25.454545454545457,0.025074,54.15000635778188,0.4008,0.0,47.608442824601376,100.0,133.54401914334187,18-21,10,1.0,0.3,0.1,0.2,1.34,0.4,0.619,1,2,High,1.0,Very High,Likely (6 months)
PL0977,Joshua Morris,Burkina Faso,CAM,Everton,20,2006-08-24,Right,2029-04-03,3,370,37698,16,69,914.5,427.0,46.795,576.0,448.0,7.8,2,41,1,185.0,101.9,91.66,690.0,783.0,1271.0,94.0,756.0,72.12,246.0,5,549,109.8,154,50,"Ligament Damage, Muscle Injury, Calf Injury, Knee Injury, Hamstring Injury",2023-05-19,1051.0,0.5,1,1,0,0,1.5,97,0,0.573,14825,0.456,0.28,0.264,2.63,170237,30.5,0,6.39,1082,2893,18102,51.01,63.54,45.39,2,Rising,0.0432432432432432,0.1864864864864865,85,0.2297297297297297,2217.529411764706,538.5428571428571,4.9,9.4,2.5,73.78378378378379,18.3,131.16613930329194,0,Emerging,24.563811017447563,0.1747649999999999,14.47333943517476,0.5739,0.0,48.98455675675676,61.20228753114051,94.18295857865172,18-21,11,1.0,0.3,0.3,0.2,1.25,0.6,0.6599999999999999,1,2,High,1.0,Very High,Likely (6 months)
PL0978,Bobby Guerrero,Burkina Faso,LB,Lyon,20,2006-09-26,Both,2029-04-03,3,208,30918,5,22,914.5,427.0,46.795,425.0,459.0,7.38,2,10,7,104.0,148.6,81.86,1212.0,1000.0,1507.0,94.0,756.0,72.12,246.0,0,0,0.0,0,0,,2023-06-26,614.0,0.0,0,0,0,0,0.0,0,0,0.171,2330,0.164,0.453,0.383,4.02,31212,88.7,1,10.0,1290,1365,14421,28.95,37.22,64.92,5,Rising,0.0240384615384615,0.1057692307692307,27,0.1298076923076923,5153.0,1344.2608695652175,2.0,6.16,0.0,100.0,0.0,74.44147682474616,0,Emerging,28.56649395509499,0.151677,5.33029086512596,0.327,1.05549,51.406,53.69843629768894,171.63939899833056,18-21,31,0.3,0.3,0.1,0.2,0.0,0.5,0.25,0,0,Low,0.0,Low,Unlikely
PL0979,Eric Morrison,Spain,ST,Monaco,26,2000-06-28,Right,2031-04-03,5,331,22807,249,96,1024.0,324.0,48.06,531.0,302.0,6.42,8,19,3,41.4,68.9,85.79,643.0,783.0,1271.0,94.0,756.0,72.12,246.0,10,694,69.4,146,27,"Ligament Damage, Calf Injury, Hip Injury, Knee Injury, ACL Injury, Groin Strain",2024-02-14,780.0,1.0,1,0,1,1,1.9,114,0,0.221,43921,0.159,0.465,0.377,14.92,850232,5.0,1,4.8,8662,644,9751,74.46,94.61,156.48,5,Stable,0.7522658610271903,0.2900302114803625,345,1.042296072507553,91.228,235.1237113402062,5.1,14.62,5.9,65.55891238670695,6.3090909090909095,319.1083687029706,1,Prime,0.0,0.0110499999999999,35.248913363966416,0.2910999999999999,20.423265,42.29798247734139,82.22236128462032,56.05351507731433,26-29,59,0.1,0.8,0.9,0.2,2.95,0.7,0.7150000000000001,1,3,Very High,1.0,Very High,Very Likely (now)
PL0980,Jeffery Norris,Sweden,GK,Athletic Bilbao,24,2002-11-18,Both,2028-04-03,2,348,26127,0,3,914.5,427.0,46.795,425.0,459.0,7.06,6,39,7,58.0,75.1,85.79,643.0,783.0,1271.0,124.0,458.0,73.65,246.0,3,204,68.0,105,14,"Groin Strain, Achilles Injury, Hip Injury",2024-02-26,768.0,0.3,0,0,0,0,0.56,31,0,0.188,1692,0.26,0.537,0.204,7.05,11069,75.9,1,7.16,4659,1386,264,29.77,35.96,13.29,1,Rising,0.0,0.0086206896551724,3,0.0086206896551724,26127.0,6531.75,-0.9000000000000004,12.96,1.16,91.0919540229885,17.0,51.03333943748287,0,Prime,20.792744373530404,0.142692,9.853364734279255,0.3174,0.908604,49.685190804597696,57.302642503717735,161.47283329411016,22-25,9,1.0,0.8,0.1,0.2,0.58,0.3,0.633,1,2,High,0.996,Very High,Likely (6 months)
PL0981,Gregory Williams,Argentina,LB,Porto,23,2003-09-16,Both,2030-04-03,4,337,26152,6,25,914.5,427.0,46.795,425.0,459.0,6.71,5,19,2,67.4,77.6,78.63,966.0,1109.0,1475.0,94.0,756.0,72.12,246.0,3,350,116.7,162,49,"Ligament Damage, ACL Injury",2026-02-18,45.0,0.3,0,0,1,1,0.96,71,0,0.141,14220,0.21,0.434,0.356,11.62,229803,34.5,1,2.38,290,2138,15916,31.92,41.13,12.3,1,Rising,0.0178041543026706,0.0741839762611275,31,0.0919881305637982,3736.0,1005.8461538461538,6.1,11.74,3.56,78.93175074183976,29.175,109.43797076549905,0,Emerging,28.85338345864662,0.0486449999999999,15.667350329432711,0.2564,6.17148,45.48715014836795,59.12460056833304,138.17481819066813,22-25,24,0.6,0.8,0.1,0.2,1.78,0.5,0.6330000000000001,1,2,High,0.994,Very High,Likely (6 months)
PL0982,Sergio Gomez,Slovakia,CB,Nice,22,2004-08-21,Left,2028-04-03,2,184,25568,7,32,914.5,427.0,46.795,425.0,459.0,7.49,4,53,5,46.0,139.0,85.93,948.0,373.0,658.0,94.0,756.0,72.12,246.0,5,537,107.4,168,76,"Ligament Damage, Calf Injury, Hip Injury, Ankle Injury, ACL Injury",2023-06-14,1025.0,0.5,0,0,1,1,1.47,91,0,0.366,12755,0.397,0.422,0.181,4.3,254806,3.3,1,1.53,1468,3044,2313,44.97,56.76,7.79,1,Rising,0.0380434782608695,0.1739130434782608,39,0.2119565217391304,3196.0,774.7878787878788,-0.3000000000000007,7.68,4.47,50.54347826086957,17.900000000000002,77.08999914355407,0,Emerging,26.21747831887925,0.012078,14.878322810870907,0.3964,5.38261,42.39749565217392,54.57623204239333,92.2286179077092,22-25,25,0.3,0.5,0.3,0.2,2.235,0.4,0.5335000000000001,0,1,Medium,0.997,Very High,Possible (1 year)
PL0983,Zachary Hill,Japan,LB,Monaco,27,1999-10-19,Both,2030-04-03,4,369,22400,3,41,914.5,427.0,46.795,425.0,459.0,7.58,9,51,7,41.0,60.7,83.26,587.0,890.0,1976.0,94.0,756.0,72.12,246.0,8,647,80.9,136,13,"Concussion, Calf Injury, Hip Injury, Groin Strain, Meniscus Tear",2024-06-29,644.0,0.8,0,0,0,1,1.77,127,0,0.494,12308,0.364,0.305,0.331,9.26,141887,77.3,0,7.18,5076,3885,13941,52.52,65.07,99.01,5,Stable,0.008130081300813,0.1111111111111111,44,0.1192411924119241,5600.0,533.3333333333334,-2.1,16.38,3.37,65.58265582655827,8.988888888888889,180.06523260037625,1,Prime,0.0,0.381862,43.08246923543018,0.5176,0.0,47.74773116531166,100.0,89.21474432980504,26-29,38,0.1,0.8,0.3,0.2,1.685,0.5,0.4785000000000001,0,1,Medium,0.001,Low,Possible (1 year)
PL0984,William Gould,Denmark,CM,AC Milan,22,2004-04-11,Left,2029-04-03,3,460,32474,55,43,914.5,427.0,46.795,394.0,261.0,6.53,4,31,6,115.0,70.6,90.44,340.0,783.0,1271.0,94.0,756.0,72.12,246.0,5,655,131.0,179,97,"Groin Strain, Achilles Injury, Hamstring Injury",2025-10-10,176.0,0.5,0,1,0,0,1.79,104,0,0.038,5876,0.145,0.607,0.248,13.23,111544,18.1,1,4.27,9915,4740,1441,31.76,40.03,12.6,1,Rising,0.1195652173913043,0.0934782608695652,98,0.2130434782608695,579.8928571428571,738.0454545454545,0.9000000000000004,13.2,2.79,77.3913043478261,21.83333333333333,81.66705713139683,0,Emerging,26.039042821158688,0.006878,4.363180769982444,0.18,3.566732,44.59826086956522,43.26390158975628,136.13632744067525,22-25,25,0.3,0.5,0.1,0.2,1.395,0.5,0.42950000000000005,0,1,Medium,0.002,Low,Possible (1 year)
PL0985,Benjamin Walsh,England,RB,Newcastle,26,2000-11-13,Both,2029-04-03,3,231,35345,2,9,914.5,427.0,46.795,425.0,459.0,6.42,8,49,1,28.9,153.0,88.21,1416.0,398.0,778.0,94.0,756.0,72.12,246.0,11,1139,103.5,171,42,"Concussion, Calf Injury, Hip Injury, Ankle Injury, Knee Injury, ACL Injury, Achilles Injury, Meniscus Tear, Fracture",2025-02-03,425.0,1.1,1,0,1,1,3.12,211,0,0.0,3717,0.162,0.535,0.303,5.41,53307,13.4,1,2.3,8067,3928,1997,21.93,24.26,20.74,2,Stable,0.0086580086580086,0.0389610389610389,11,0.0476190476190476,11781.666666666666,3534.5,4.1,12.62,7.32,8.658008658008654,8.625,56.390382962579736,1,Prime,0.0,0.0,0.0,0.1646,1.988595,30.264801731601736,20.492400865800867,131.98779647449516,26-29,54,0.1,0.8,0.1,0.2,3.66,0.5,0.6460000000000001,1,2,High,1.0,Very High,Likely (6 months)
PL0986,Jack Owen,Georgia,LB,Bayer Leverkusen,22,2004-08-14,Both,2028-04-03,2,253,32229,17,53,914.5,427.0,46.795,425.0,459.0,7.04,4,68,6,63.2,127.4,84.48,1280.0,935.0,1326.0,94.0,756.0,72.12,246.0,8,931,116.4,180,21,"Shoulder Injury, Concussion, Calf Injury, Hamstring Injury, Groin Strain, Meniscus Tear, Fracture",2025-10-12,174.0,0.8,0,1,0,1,2.55,185,0,0.273,8024,0.327,0.427,0.246,4.24,114382,74.4,1,7.67,4424,1676,9317,23.63,32.13,13.27,2,Rising,0.067193675889328,0.2094861660079051,70,0.2766798418972332,1790.5,596.8333333333334,-2.8000000000000007,9.06,4.15,26.87747035573122,12.933333333333334,40.50782031937253,0,Emerging,35.97122302158275,0.203112,10.406471673646898,0.3986,3.426248,36.14469407114625,45.38205454604348,146.75068644395554,22-25,17,0.6,0.5,0.1,0.2,2.075,0.5,0.6025,1,2,High,1.0,Very High,Likely (6 months)
PL0987,Michael Cisneros,Iran,ST,Manchester United,22,2004-04-22,Both,2029-04-03,3,188,33859,163,85,841.0,275.0,38.3,702.0,645.0,6.82,4,33,2,47.0,180.1,85.79,643.0,783.0,1271.0,94.0,756.0,72.12,246.0,5,276,55.2,146,15,"Ligament Damage, ACL Injury, Meniscus Tear, Calf Injury",2026-02-24,39.0,0.5,0,0,1,1,0.76,46,0,0.107,10004,0.18,0.447,0.373,3.57,147251,33.9,1,4.65,4629,866,12345,94.76,114.7,74.6,1,Rising,0.8670212765957447,0.4521276595744681,248,1.319148936170213,206.45731707317077,393.7093023255814,4.7,7.76,3.76,75.53191489361703,9.2,243.66405333032637,0,Emerging,21.042634022794424,0.036273,3.518448865958342,0.2538999999999999,4.471788,44.44618297872341,39.980764788299226,46.41414262606872,22-25,52,0.1,0.5,0.9,0.2,1.88,0.7,0.548,0,1,Medium,0.118,Low,Possible (1 year)
PL0988,Charles Lawson,Czech Republic,CM,Al Ittihad,22,2004-07-04,Right,2027-04-04,1,404,37565,59,106,914.5,427.0,46.795,385.0,228.0,7.95,4,78,7,101.0,93.0,92.47,790.0,783.0,1271.0,94.0,756.0,72.12,246.0,4,530,132.5,167,71,"Groin Strain, Achilles Injury, ACL Injury, Calf Injury",2023-08-08,970.0,0.4,0,0,1,1,1.45,127,0,0.636,3811,0.554,0.316,0.13,14.77,65129,24.8,0,9.15,3455,3904,12049,60.54,73.6,115.52,4,Rising,0.146039603960396,0.2623762376237624,165,0.4084158415841584,626.0833333333334,351.0747663551402,-4.800000000000001,12.08,4.25,68.56435643564356,26.5,51.890466401498365,0,Emerging,21.57251404030392,0.157728,77.4597627786937,0.6489,0.0,49.22667128712872,100.0,79.99134105805771,22-25,6,1.0,0.5,0.6,0.2,2.125,0.5,0.8225,1,3,Very High,1.0,Very High,Very Likely (now)
PL0989,Richard Johnson,Denmark,CAM,Barcelona,21,2005-01-25,Right,2030-04-03,4,458,29974,55,50,914.5,427.0,46.795,473.0,412.0,6.8,3,21,6,152.7,65.4,88.9,516.0,783.0,1271.0,94.0,756.0,72.12,246.0,7,565,80.7,153,10,"Muscle Injury, Shoulder Injury, Concussion, Hip Injury, Knee Injury, ACL Injury",2024-07-19,624.0,0.7,1,0,1,1,1.55,131,0,0.006,48946,0.103,0.515,0.382,6.16,367218,32.0,1,7.13,3710,1255,9334,56.78,79.25,158.73,6,Rising,0.1200873362445414,0.1091703056768559,105,0.2292576419213974,535.25,587.7254901960785,1.9000000000000004,12.16,4.95,71.39737991266375,10.0875,194.6706760672004,0,Emerging,39.573793589292,0.00192,0.3991123145505971,0.2016,25.20719,44.31467598253276,32.85600646309227,76.6955278340823,18-21,31,0.3,0.5,0.3,0.2,2.475,0.6,0.5775000000000001,1,2,High,0.999,Very High,Likely (6 months)
PL0990,Austin Osborne,Uruguay,CM,Real Madrid,25,2001-10-05,Left,2027-04-04,1,348,26317,34,23,914.5,427.0,46.795,494.0,724.0,7.46,7,33,3,49.7,75.6,89.43,792.0,783.0,1271.0,94.0,756.0,72.12,246.0,4,407,101.8,159,72,"Ligament Damage, Shoulder Injury, ACL Injury",2024-05-30,674.0,0.4,0,0,1,1,1.12,76,0,0.259,42744,0.329,0.456,0.215,12.37,523113,57.6,1,4.89,7262,1408,18278,102.9,121.51,138.38,3,Rising,0.0977011494252873,0.0660919540229885,57,0.1637931034482758,751.9142857142857,1096.5416666666667,3.7,13.96,3.92,78.16091954022988,20.36,88.19836459719495,1,Prime,0.0,0.149184,34.16246334583047,0.36,19.491264,48.98418390804598,87.89578697276869,47.14550905490469,22-25,19,0.6,0.8,0.9,0.2,1.96,0.5,0.7710000000000001,1,3,Very High,1.0,Very High,Very Likely (now)
PL0991,Jacob Reyes,England,CB,Arsenal,23,2003-04-24,Right,2029-04-03,3,213,18242,4,15,914.5,427.0,46.795,425.0,459.0,6.33,5,54,7,42.6,85.6,82.93,647.0,900.0,641.0,94.0,756.0,72.12,246.0,4,371,92.8,128,28,"Ankle Injury, Muscle Injury, Fracture",2023-06-14,1025.0,0.4,0,0,0,1,1.02,53,0,0.0,5174,0.075,0.502,0.423,11.22,92357,32.6,1,3.93,8672,412,10188,24.98,28.8,20.04,2,Rising,0.0187793427230046,0.0704225352112676,19,0.0892018779342723,3648.4,1140.125,-2.4000000000000004,9.26,1.82,75.11737089201878,18.56,64.23309468332157,0,Emerging,15.292233787029623,0.0,0.0,0.1614,2.597348,42.51827417840376,37.61913708920188,163.65771431256258,22-25,43,0.1,0.8,0.1,0.2,0.91,0.4,0.3610000000000001,0,1,Medium,0.0,Low,Possible (1 year)
PL0992,Keith Jacobs,Georgia,RW,Manchester United,21,2005-03-01,Both,2027-04-04,1,363,24222,102,97,1334.0,490.0,44.6,251.0,151.0,6.65,3,69,6,121.0,66.7,85.79,643.0,783.0,1271.0,94.0,756.0,72.12,246.0,0,0,0.0,0,0,,2023-06-26,614.0,0.0,0,0,0,0,0.0,0,0,0.275,18016,0.251,0.434,0.315,10.82,133111,37.9,1,4.29,5790,4322,14640,64.88,79.3,92.94,4,Rising,0.2809917355371901,0.2672176308539944,199,0.5482093663911846,235.16504854368927,247.16326530612244,-2.9000000000000004,10.26,0.0,100.0,0.0,55.61039742532563,0,Emerging,22.22564734895192,0.104225,29.15713586647452,0.3414,7.818943999999999,49.3348,88.40310379971177,74.88585306618094,18-21,42,0.1,0.5,0.6,0.2,0.0,0.7,0.315,0,0,Low,0.0,Low,Unlikely
PL0993,Michael Rush,Slovenia,LB,Porto,28,1998-08-28,Left,2031-04-03,5,306,23631,29,36,914.5,427.0,46.795,425.0,459.0,6.89,10,49,1,30.6,77.2,84.27,1221.0,604.0,1672.0,94.0,756.0,72.12,246.0,3,309,103.0,172,24,"Groin Strain, Fracture, Calf Injury",2024-07-17,626.0,0.3,0,0,0,1,0.85,73,0,0.322,6855,0.372,0.407,0.221,11.96,124416,15.7,1,6.76,8400,3843,7329,43.33,59.81,125.27,6,Stable,0.0947712418300653,0.1176470588235294,65,0.2124183006535947,787.7,638.6756756756756,4.1,16.12,1.45,76.1437908496732,25.75,185.69655675395805,1,Prime,0.0,0.0505539999999999,34.01647874706433,0.4266,2.789985,46.86595816993464,91.5576972055638,105.72063652139552,26-29,16,0.6,0.8,0.3,0.2,0.725,0.5,0.5575,1,2,High,0.998,Very High,Likely (6 months)
PL0994,Jacob Hines,Belgium,LW,Al Ahli,22,2004-12-18,Right,2028-04-03,2,384,42045,81,74,1111.0,636.0,48.81,234.0,413.0,7.94,4,14,0,96.0,109.5,85.79,643.0,783.0,1271.0,94.0,756.0,72.12,246.0,4,364,91.0,156,54,"Muscle Injury, Knee Injury, Concussion, Achilles Injury",2023-12-18,838.0,0.4,1,0,0,0,1.0,65,0,0.437,22034,0.376,0.301,0.322,10.79,248344,75.6,0,9.43,1454,3398,15279,77.18,85.76,181.13,4,Rising,0.2109375,0.1927083333333333,155,0.4036458333333333,512.7439024390244,560.6,8.6,11.68,1.8,83.07291666666666,18.2,132.3061181654326,0,Emerging,11.116869655351124,0.330372,47.15412657295352,0.5217,0.0,51.75398333333333,100.0,66.19849492623858,22-25,41,0.1,0.5,0.9,0.2,0.9,0.7,0.45000000000000007,0,1,Medium,0.0,Low,Possible (1 year)
PL0995,Kenneth Moreno,Morocco,GK,Juventus,23,2003-12-21,Both,2031-04-03,5,254,21504,1,2,914.5,427.0,46.795,425.0,459.0,6.97,5,59,4,50.8,84.7,85.79,643.0,783.0,1271.0,129.0,625.0,72.99,119.0,10,805,80.5,162,18,"Shoulder Injury, Concussion, Ankle Injury, Knee Injury, ACL Injury, Hamstring Injury, Back Injury, Fracture",2024-08-31,581.0,1.0,1,1,1,1,2.21,196,0,0.192,467,0.208,0.532,0.26,10.27,5481,2.4,1,7.98,5027,831,9558,18.39,25.72,51.0,5,Rising,0.0039370078740157,0.0078740157480314,3,0.0118110236220472,10752.0,7168.0,0.0999999999999996,10.08,6.21,22.834645669291348,7.318181818181818,78.81282434122522,0,Emerging,39.85861881457313,0.004608,12.123795724622251,0.3126,0.248444,35.08812913385827,43.30975815386251,180.95992333088327,22-25,18,0.6,0.8,0.1,0.2,3.105,0.3,0.7455,1,3,Very High,1.0,Very High,Very Likely (now)
PL0996,James Banks,South Korea,LW,Everton,28,1998-09-10,Both,2029-04-03,3,459,29279,187,48,1351.0,651.0,36.58,850.0,516.0,6.65,10,58,3,45.9,63.8,85.79,643.0,783.0,1271.0,94.0,756.0,72.12,246.0,12,1005,83.8,151,17,"Concussion, Calf Injury, Hip Injury, Ankle Injury, ACL Injury, Achilles Injury, Meniscus Tear",2024-11-18,502.0,1.2,0,0,1,1,2.75,183,0,0.337,33295,0.304,0.388,0.308,11.07,420844,67.6,0,2.9,8088,785,7945,66.4,86.43,102.4,4,Stable,0.4074074074074074,0.1045751633986928,235,0.5119825708061002,155.73936170212767,597.530612244898,1.1999999999999993,19.18,7.15,60.130718954248366,6.446153846153846,170.7396912318876,1,Prime,0.0,0.227812,38.847351990006345,0.3773999999999999,0.0,43.21694379084968,85.57949988043435,64.12009464517756,26-29,48,0.1,0.8,0.6,0.2,3.575,0.7,0.7325,1,3,Very High,1.0,Very High,Very Likely (now)
PL0997,Noah Porter,Brazil,LW,AS Roma,24,2002-08-10,Right,2029-04-03,3,334,22046,42,113,1159.0,677.0,49.38,383.0,526.0,7.03,6,30,8,55.7,66.0,85.79,643.0,783.0,1271.0,94.0,756.0,72.12,246.0,13,1412,108.6,179,45,"Ligament Damage, Shoulder Injury, Muscle Injury, Concussion, Hip Injury, Ankle Injury, Knee Injury, Hamstring Injury, Groin Strain, Back Injury, Fracture",2024-02-20,774.0,1.3,1,1,0,1,3.87,271,0,0.452,47509,0.411,0.353,0.236,13.2,729473,84.9,0,3.23,3119,4470,19314,57.41,78.64,13.44,1,Rising,0.1257485029940119,0.3383233532934132,155,0.4640718562874251,512.6976744186046,193.3859649122807,-1.0,12.68,6.470000000000001,18.8622754491018,7.757142857142857,147.62297701238955,0,Prime,36.979620275213385,0.383748,64.25034479648133,0.4658,0.0,35.360055089820364,100.0,60.53767349738122,22-25,8,1.0,0.8,0.6,0.2,3.2350000000000003,0.7,1.0,1,3,Very High,1.0,Very High,Very Likely (now)
PL0998,James Hoffman,Tunisia,RB,West Ham,19,2007-01-01,Left,2031-04-03,5,232,28660,28,48,914.5,427.0,46.795,425.0,459.0,6.4,1,50,4,232.0,123.5,81.29,822.0,736.0,1113.0,94.0,756.0,72.12,246.0,7,609,87.0,150,28,"Hip Injury, Knee Injury, ACL Injury, Back Injury, Achilles Injury",2023-08-19,959.0,0.7,1,0,1,1,1.67,91,0,0.12,2248,0.225,0.538,0.237,12.1,44435,86.9,1,4.51,5508,3760,12119,14.83,17.89,59.75,6,Rising,0.1206896551724138,0.2068965517241379,76,0.3275862068965517,988.2758620689656,584.8979591836735,1.0,5.64,5.07,60.77586206896552,10.875,63.55596438174933,0,Emerging,20.633850303438976,0.10428,11.206885862244926,0.253,1.209424,39.38917241379311,46.364915000263935,248.82610495131465,18-21,38,0.1,0.3,0.1,0.2,2.535,0.5,0.4335,0,1,Medium,0.0,Low,Possible (1 year)
PL0999,Dennis Green,Kosovo,LB,Eintracht Frankfurt,29,1997-09-01,Left,2030-04-03,4,418,33841,23,44,914.5,427.0,46.795,425.0,459.0,6.87,10,48,5,41.8,81.0,83.8,1205.0,657.0,1076.0,94.0,756.0,72.12,246.0,12,943,78.6,159,7,"Ligament Damage, Shoulder Injury, Concussion, Calf Injury, Hip Injury, Knee Injury, ACL Injury, Achilles Injury",2023-06-06,1033.0,1.2,1,0,1,1,2.58,164,0,0.356,14821,0.407,0.381,0.212,12.48,147952,15.9,0,3.95,6382,1317,5738,24.92,30.59,49.55,4,Stable,0.055023923444976,0.1052631578947368,67,0.1602870813397129,1410.0416666666667,752.0222222222222,0.1999999999999993,18.36,6.98,60.76555023923445,6.046153846153846,85.43841577306503,0,Experienced,0.0,0.056604,42.66883236013662,0.4277999999999999,0.0,44.1607100478469,92.12360356412836,170.37310975249574,26-29,11,1.0,0.5,0.1,0.2,3.49,0.5,0.8840000000000001,1,3,Very High,1.0,Very High,Very Likely (now)
PL1000,Jeremy Davies,Brazil,RB,Al Nassr,24,2002-05-20,Left,2028-04-03,2,284,23073,16,24,914.5,427.0,46.795,425.0,459.0,6.7,6,25,6,47.3,81.2,89.08,927.0,1104.0,649.0,94.0,756.0,72.12,246.0,2,278,139.0,154,124,"Muscle Injury, Meniscus Tear",2024-07-22,621.0,0.2,0,0,0,1,0.76,44,0,0.036,13730,0.157,0.6,0.244,12.03,239819,67.7,1,8.2,2254,4867,18739,33.12,41.33,89.19,6,Rising,0.056338028169014,0.0845070422535211,40,0.1408450704225352,1357.235294117647,922.92,1.5,11.68,1.16,84.50704225352112,46.333333333333336,56.77609009638671,0,Prime,24.788647342995173,0.0243719999999999,4.126131298502664,0.2235,8.238,46.48440845070422,47.11140117310611,136.23800835493617,22-25,55,0.1,0.8,0.1,0.2,0.58,0.5,0.338,0,0,Low,0.0,Low,Unlikely
